v 0.021250000223517418 -0.016499999910593033 0.0014756923774257302
v 0.021250000223517418 -0.016499999910593033 0.007475692313164473
v 0.020964547991752625 -0.015064937062561512 0.0014756923774257302
v 0.020964547991752625 -0.015064937062561512 0.0014756923774257302
v 0.021250000223517418 -0.016499999910593033 0.007475692313164473
v 0.020964547991752625 -0.015064937062561512 0.007475692313164473
v 0.020964547991752625 -0.015064937062561512 0.0014756923774257302
v 0.020964547991752625 -0.015064937062561512 0.007475692313164473
v 0.0201516505330801 -0.013848349452018738 0.0014756923774257302
v 0.0201516505330801 -0.013848349452018738 0.0014756923774257302
v 0.020964547991752625 -0.015064937062561512 0.007475692313164473
v 0.0201516505330801 -0.013848349452018738 0.007475692313164473
v 0.0201516505330801 -0.013848349452018738 0.0014756923774257302
v 0.0201516505330801 -0.013848349452018738 0.007475692313164473
v 0.018935061991214752 -0.013035451993346214 0.0014756923774257302
v 0.018935061991214752 -0.013035451993346214 0.0014756923774257302
v 0.0201516505330801 -0.013848349452018738 0.007475692313164473
v 0.018935061991214752 -0.013035451993346214 0.007475692313164473
v 0.018935061991214752 -0.013035451993346214 0.0014756923774257302
v 0.018935061991214752 -0.013035451993346214 0.007475692313164473
v 0.017500000074505806 -0.012749999761581421 0.0014756923774257302
v 0.017500000074505806 -0.012749999761581421 0.0014756923774257302
v 0.018935061991214752 -0.013035451993346214 0.007475692313164473
v 0.017500000074505806 -0.012749999761581421 0.007475692313164473
v 0.017500000074505806 -0.012749999761581421 0.0014756923774257302
v 0.017500000074505806 -0.012749999761581421 0.007475692313164473
v 0.01606493629515171 -0.013035451993346214 0.0014756923774257302
v 0.01606493629515171 -0.013035451993346214 0.0014756923774257302
v 0.017500000074505806 -0.012749999761581421 0.007475692313164473
v 0.01606493629515171 -0.013035451993346214 0.007475692313164473
v 0.01606493629515171 -0.013035451993346214 0.0014756923774257302
v 0.01606493629515171 -0.013035451993346214 0.007475692313164473
v 0.014848349615931511 -0.013848349452018738 0.0014756923774257302
v 0.014848349615931511 -0.013848349452018738 0.0014756923774257302
v 0.01606493629515171 -0.013035451993346214 0.007475692313164473
v 0.014848349615931511 -0.013848349452018738 0.007475692313164473
v 0.014848349615931511 -0.013848349452018738 0.0014756923774257302
v 0.014848349615931511 -0.013848349452018738 0.007475692313164473
v 0.014035452157258987 -0.015064937062561512 0.0014756923774257302
v 0.014035452157258987 -0.015064937062561512 0.0014756923774257302
v 0.014848349615931511 -0.013848349452018738 0.007475692313164473
v 0.014035452157258987 -0.015064937062561512 0.007475692313164473
v 0.014035452157258987 -0.015064937062561512 0.0014756923774257302
v 0.014035452157258987 -0.015064937062561512 0.007475692313164473
v 0.013749999925494194 -0.016499999910593033 0.0014756923774257302
v 0.013749999925494194 -0.016499999910593033 0.0014756923774257302
v 0.014035452157258987 -0.015064937062561512 0.007475692313164473
v 0.013749999925494194 -0.016499999910593033 0.007475692313164473
v 0.013749999925494194 0.016499999910593033 0.0014756923774257302
v 0.013749999925494194 0.016499999910593033 0.007475692313164473
v 0.014035452157258987 0.015064937062561512 0.0014756923774257302
v 0.014035452157258987 0.015064937062561512 0.0014756923774257302
v 0.013749999925494194 0.016499999910593033 0.007475692313164473
v 0.014035452157258987 0.015064937062561512 0.007475692313164473
v 0.014035452157258987 0.015064937062561512 0.0014756923774257302
v 0.014035452157258987 0.015064937062561512 0.007475692313164473
v 0.014848349615931511 0.013848349452018738 0.0014756923774257302
v 0.014848349615931511 0.013848349452018738 0.0014756923774257302
v 0.014035452157258987 0.015064937062561512 0.007475692313164473
v 0.014848349615931511 0.013848349452018738 0.007475692313164473
v 0.014848349615931511 0.013848349452018738 0.0014756923774257302
v 0.014848349615931511 0.013848349452018738 0.007475692313164473
v 0.01606493629515171 0.013035451993346214 0.0014756923774257302
v 0.01606493629515171 0.013035451993346214 0.0014756923774257302
v 0.014848349615931511 0.013848349452018738 0.007475692313164473
v 0.01606493629515171 0.013035451993346214 0.007475692313164473
v 0.01606493629515171 0.013035451993346214 0.0014756923774257302
v 0.01606493629515171 0.013035451993346214 0.007475692313164473
v 0.017500000074505806 0.012749999761581421 0.0014756923774257302
v 0.017500000074505806 0.012749999761581421 0.0014756923774257302
v 0.01606493629515171 0.013035451993346214 0.007475692313164473
v 0.017500000074505806 0.012749999761581421 0.007475692313164473
v 0.017500000074505806 0.012749999761581421 0.0014756923774257302
v 0.017500000074505806 0.012749999761581421 0.007475692313164473
v 0.018935061991214752 0.013035451993346214 0.0014756923774257302
v 0.018935061991214752 0.013035451993346214 0.0014756923774257302
v 0.017500000074505806 0.012749999761581421 0.007475692313164473
v 0.018935061991214752 0.013035451993346214 0.007475692313164473
v 0.018935061991214752 0.013035451993346214 0.0014756923774257302
v 0.018935061991214752 0.013035451993346214 0.007475692313164473
v 0.0201516505330801 0.013848349452018738 0.0014756923774257302
v 0.0201516505330801 0.013848349452018738 0.0014756923774257302
v 0.018935061991214752 0.013035451993346214 0.007475692313164473
v 0.0201516505330801 0.013848349452018738 0.007475692313164473
v 0.0201516505330801 0.013848349452018738 0.0014756923774257302
v 0.0201516505330801 0.013848349452018738 0.007475692313164473
v 0.020964547991752625 0.015064937062561512 0.0014756923774257302
v 0.020964547991752625 0.015064937062561512 0.0014756923774257302
v 0.0201516505330801 0.013848349452018738 0.007475692313164473
v 0.020964547991752625 0.015064937062561512 0.007475692313164473
v 0.020964547991752625 0.015064937062561512 0.0014756923774257302
v 0.020964547991752625 0.015064937062561512 0.007475692313164473
v 0.021250000223517418 0.016499999910593033 0.0014756923774257302
v 0.021250000223517418 0.016499999910593033 0.0014756923774257302
v 0.020964547991752625 0.015064937062561512 0.007475692313164473
v 0.021250000223517418 0.016499999910593033 0.007475692313164473
v -0.011250000447034836 0.016499999910593033 0.0014756923774257302
v -0.011250000447034836 0.016499999910593033 0.007475692313164473
v -0.010964548215270042 0.015064937062561512 0.0014756923774257302
v -0.010964548215270042 0.015064937062561512 0.0014756923774257302
v -0.011250000447034836 0.016499999910593033 0.007475692313164473
v -0.010964548215270042 0.015064937062561512 0.007475692313164473
v -0.010964548215270042 0.015064937062561512 0.0014756923774257302
v -0.010964548215270042 0.015064937062561512 0.007475692313164473
v -0.010151650756597519 0.013848349452018738 0.0014756923774257302
v -0.010151650756597519 0.013848349452018738 0.0014756923774257302
v -0.010964548215270042 0.015064937062561512 0.007475692313164473
v -0.010151650756597519 0.013848349452018738 0.007475692313164473
v -0.010151650756597519 0.013848349452018738 0.0014756923774257302
v -0.010151650756597519 0.013848349452018738 0.007475692313164473
v -0.008935063146054745 0.013035451993346214 0.0014756923774257302
v -0.008935063146054745 0.013035451993346214 0.0014756923774257302
v -0.010151650756597519 0.013848349452018738 0.007475692313164473
v -0.008935063146054745 0.013035451993346214 0.007475692313164473
v -0.008935063146054745 0.013035451993346214 0.0014756923774257302
v -0.008935063146054745 0.013035451993346214 0.007475692313164473
v -0.007499999832361937 0.012749999761581421 0.0014756923774257302
v -0.007499999832361937 0.012749999761581421 0.0014756923774257302
v -0.008935063146054745 0.013035451993346214 0.007475692313164473
v -0.007499999832361937 0.012749999761581421 0.007475692313164473
v -0.007499999832361937 0.012749999761581421 0.0014756923774257302
v -0.007499999832361937 0.012749999761581421 0.007475692313164473
v -0.006064936984330416 0.013035451993346214 0.0014756923774257302
v -0.006064936984330416 0.013035451993346214 0.0014756923774257302
v -0.007499999832361937 0.012749999761581421 0.007475692313164473
v -0.006064936984330416 0.013035451993346214 0.007475692313164473
v -0.006064936984330416 0.013035451993346214 0.0014756923774257302
v -0.006064936984330416 0.013035451993346214 0.007475692313164473
v -0.0048483493737876415 0.013848349452018738 0.0014756923774257302
v -0.0048483493737876415 0.013848349452018738 0.0014756923774257302
v -0.006064936984330416 0.013035451993346214 0.007475692313164473
v -0.0048483493737876415 0.013848349452018738 0.007475692313164473
v -0.0048483493737876415 0.013848349452018738 0.0014756923774257302
v -0.0048483493737876415 0.013848349452018738 0.007475692313164473
v -0.004035451915115118 0.015064937062561512 0.0014756923774257302
v -0.004035451915115118 0.015064937062561512 0.0014756923774257302
v -0.0048483493737876415 0.013848349452018738 0.007475692313164473
v -0.004035451915115118 0.015064937062561512 0.007475692313164473
v -0.004035451915115118 0.015064937062561512 0.0014756923774257302
v -0.004035451915115118 0.015064937062561512 0.007475692313164473
v -0.0037499999161809683 0.016499999910593033 0.0014756923774257302
v -0.0037499999161809683 0.016499999910593033 0.0014756923774257302
v -0.004035451915115118 0.015064937062561512 0.007475692313164473
v -0.0037499999161809683 0.016499999910593033 0.007475692313164473
v -0.0037499999161809683 -0.016499999910593033 0.0014756923774257302
v -0.0037499999161809683 -0.016499999910593033 0.007475692313164473
v -0.004035451915115118 -0.015064937062561512 0.0014756923774257302
v -0.004035451915115118 -0.015064937062561512 0.0014756923774257302
v -0.0037499999161809683 -0.016499999910593033 0.007475692313164473
v -0.004035451915115118 -0.015064937062561512 0.007475692313164473
v -0.004035451915115118 -0.015064937062561512 0.0014756923774257302
v -0.004035451915115118 -0.015064937062561512 0.007475692313164473
v -0.0048483493737876415 -0.013848349452018738 0.0014756923774257302
v -0.0048483493737876415 -0.013848349452018738 0.0014756923774257302
v -0.004035451915115118 -0.015064937062561512 0.007475692313164473
v -0.0048483493737876415 -0.013848349452018738 0.007475692313164473
v -0.0048483493737876415 -0.013848349452018738 0.0014756923774257302
v -0.0048483493737876415 -0.013848349452018738 0.007475692313164473
v -0.006064936984330416 -0.013035451993346214 0.0014756923774257302
v -0.006064936984330416 -0.013035451993346214 0.0014756923774257302
v -0.0048483493737876415 -0.013848349452018738 0.007475692313164473
v -0.006064936984330416 -0.013035451993346214 0.007475692313164473
v -0.006064936984330416 -0.013035451993346214 0.0014756923774257302
v -0.006064936984330416 -0.013035451993346214 0.007475692313164473
v -0.007499999832361937 -0.012749999761581421 0.0014756923774257302
v -0.007499999832361937 -0.012749999761581421 0.0014756923774257302
v -0.006064936984330416 -0.013035451993346214 0.007475692313164473
v -0.007499999832361937 -0.012749999761581421 0.007475692313164473
v -0.007499999832361937 -0.012749999761581421 0.0014756923774257302
v -0.007499999832361937 -0.012749999761581421 0.007475692313164473
v -0.008935063146054745 -0.013035451993346214 0.0014756923774257302
v -0.008935063146054745 -0.013035451993346214 0.0014756923774257302
v -0.007499999832361937 -0.012749999761581421 0.007475692313164473
v -0.008935063146054745 -0.013035451993346214 0.007475692313164473
v -0.008935063146054745 -0.013035451993346214 0.0014756923774257302
v -0.008935063146054745 -0.013035451993346214 0.007475692313164473
v -0.010151650756597519 -0.013848349452018738 0.0014756923774257302
v -0.010151650756597519 -0.013848349452018738 0.0014756923774257302
v -0.008935063146054745 -0.013035451993346214 0.007475692313164473
v -0.010151650756597519 -0.013848349452018738 0.007475692313164473
v -0.010151650756597519 -0.013848349452018738 0.0014756923774257302
v -0.010151650756597519 -0.013848349452018738 0.007475692313164473
v -0.010964548215270042 -0.015064937062561512 0.0014756923774257302
v -0.010964548215270042 -0.015064937062561512 0.0014756923774257302
v -0.010151650756597519 -0.013848349452018738 0.007475692313164473
v -0.010964548215270042 -0.015064937062561512 0.007475692313164473
v -0.010964548215270042 -0.015064937062561512 0.0014756923774257302
v -0.010964548215270042 -0.015064937062561512 0.007475692313164473
v -0.011250000447034836 -0.016499999910593033 0.0014756923774257302
v -0.011250000447034836 -0.016499999910593033 0.0014756923774257302
v -0.010964548215270042 -0.015064937062561512 0.007475692313164473
v -0.011250000447034836 -0.016499999910593033 0.007475692313164473
v -0.024973871186375618 -0.012100626714527607 0.00033297555637545884
v -0.02500000037252903 -0.01211540587246418 0.0014756923774257302
v -0.02500000037252903 0.01211540587246418 0.0014756923774257302
v -0.02500000037252903 0.01211540587246418 0.0014756923774257302
v -0.024960415437817574 0.012093713507056236 6.938805017853156e-05
v -0.024973871186375618 -0.012100626714527607 0.00033297555637545884
v -0.024973871186375618 -0.012100626714527607 0.00033297555637545884
v -0.024960415437817574 0.012093713507056236 6.938805017853156e-05
v -0.024856625124812126 0.012033318169414997 -0.0011979106348007917
v -0.024973871186375618 -0.012100626714527607 0.00033297555637545884
v -0.024856625124812126 0.012033318169414997 -0.0011979106348007917
v -0.02488037757575512 -0.012048499658703804 -0.0009670043364167213
v -0.02488037757575512 -0.012048499658703804 -0.0009670043364167213
v -0.024856625124812126 0.012033318169414997 -0.0011979106348007917
v -0.024674898013472557 -0.010847451165318489 -0.002542939968407154
v -0.02488037757575512 -0.012048499658703804 -0.0009670043364167213
v -0.024674898013472557 -0.010847451165318489 -0.002542939968407154
v -0.02482682466506958 -0.012012839317321777 -0.0014617800479754806
v -0.024856625124812126 0.012033318169414997 -0.0011979106348007917
v -0.02482682466506958 0.012012839317321777 -0.0014617800479754806
v -0.024674898013472557 -0.010847451165318489 -0.002542939968407154
v -0.024674898013472557 -0.010847451165318489 -0.002542939968407154
v -0.02482682466506958 0.012012839317321777 -0.0014617800479754806
v -0.024768516421318054 0.01154794730246067 -0.001918510883115232
v -0.024674898013472557 -0.010847451165318489 -0.002542939968407154
v -0.024768516421318054 0.01154794730246067 -0.001918510883115232
v -0.024636726826429367 -0.010575303807854652 -0.0027706832624971867
v -0.024636726826429367 -0.010575303807854652 -0.0027706832624971867
v -0.024768516421318054 0.01154794730246067 -0.001918510883115232
v -0.024637650698423386 0.010581828653812408 -0.0027653160504996777
v -0.024636726826429367 -0.010575303807854652 -0.0027706832624971867
v -0.024637650698423386 0.010581828653812408 -0.0027653160504996777
v -0.02462824247777462 -5.996339314151555e-05 -0.0028196186758577824
v -0.02462824247777462 -5.996339314151555e-05 -0.0028196186758577824
v -0.024637650698423386 0.010581828653812408 -0.0027653160504996777
v -0.024619659408926964 0.010455377399921417 -0.0028685370925813913
v -0.02366340346634388 -0.002372697228565812 -0.006589251570403576
v -0.023797553032636642 -0.004202344920486212 -0.006184362340718508
v -0.02462824247777462 -5.996339314151555e-05 -0.0028196186758577824
v -0.02462824247777462 -5.996339314151555e-05 -0.0028196186758577824
v -0.023797553032636642 -0.004202344920486212 -0.006184362340718508
v -0.023937862366437912 -0.005552087910473347 -0.00573393888771534
v -0.023937862366437912 -0.005552087910473347 -0.00573393888771534
v -0.024194492027163506 -0.007540792226791382 -0.004819270223379135
v -0.02462824247777462 -5.996339314151555e-05 -0.0028196186758577824
v -0.02462824247777462 -5.996339314151555e-05 -0.0028196186758577824
v -0.024194492027163506 -0.007540792226791382 -0.004819270223379135
v -0.0244781281799078 -0.009485806338489056 -0.0036057643592357635
v -0.02462824247777462 -5.996339314151555e-05 -0.0028196186758577824
v -0.0244781281799078 -0.009485806338489056 -0.0036057643592357635
v -0.024636726826429367 -0.010575303807854652 -0.0027706832624971867
v -0.024619659408926964 0.010455377399921417 -0.0028685370925813913
v -0.024456068873405457 0.009336771443486214 -0.00371089531108737
v -0.02462824247777462 -5.996339314151555e-05 -0.0028196186758577824
v -0.02462824247777462 -5.996339314151555e-05 -0.0028196186758577824
v -0.024456068873405457 0.009336771443486214 -0.00371089531108737
v -0.024287637323141098 0.008192664943635464 -0.0044497339986264706
v -0.02462824247777462 -5.996339314151555e-05 -0.0028196186758577824
v -0.024287637323141098 0.008192664943635464 -0.0044497339986264706
v -0.024123122915625572 0.007023215759545565 -0.0050874571315944195
v -0.024123122915625572 0.007023215759545565 -0.0050874571315944195
v -0.0239501241594553 0.005657581612467766 -0.00569309713318944
v -0.02462824247777462 -5.996339314151555e-05 -0.0028196186758577824
v -0.02462824247777462 -5.996339314151555e-05 -0.0028196186758577824
v -0.0239501241594553 0.005657581612467766 -0.00569309713318944
v -0.0238046757876873 0.004279350861907005 -0.006162200588732958
v -0.02462824247777462 -5.996339314151555e-05 -0.0028196186758577824
v -0.0238046757876873 0.004279350861907005 -0.006162200588732958
v -0.023694457486271858 0.0028931719716638327 -0.006497553084045649
v -0.023694457486271858 0.0028931719716638327 -0.006497553084045649
v -0.023624682798981667 0.0014991092029958963 -0.006701980251818895
v -0.02462824247777462 -5.996339314151555e-05 -0.0028196186758577824
v -0.02462824247777462 -5.996339314151555e-05 -0.0028196186758577824
v -0.023624682798981667 0.0014991092029958963 -0.006701980251818895
v -0.023598825559020042 9.714731277199462e-05 -0.006776302587240934
v -0.02462824247777462 -5.996339314151555e-05 -0.0028196186758577824
v -0.023598825559020042 9.714731277199462e-05 -0.006776302587240934
v -0.02366340346634388 -0.002372697228565812 -0.006589251570403576
v 0.024973873049020767 0.012100628577172756 0.0003330514009576291
v 0.02500000037252903 0.01211540587246418 0.0014756923774257302
v 0.02500000037252903 -0.01211540587246418 0.0014756923774257302
v 0.02500000037252903 -0.01211540587246418 0.0014756923774257302
v 0.024960411712527275 -0.012093712575733662 6.934263365110382e-05
v 0.024973873049020767 0.012100628577172756 0.0003330514009576291
v 0.024973873049020767 0.012100628577172756 0.0003330514009576291
v 0.024960411712527275 -0.012093712575733662 6.934263365110382e-05
v 0.02485661581158638 -0.012033311650156975 -0.0011980003910139203
v 0.024973873049020767 0.012100628577172756 0.0003330514009576291
v 0.02485661581158638 -0.012033311650156975 -0.0011980003910139203
v 0.02488037943840027 0.012048500590026379 -0.0009669850114732981
v 0.02488037943840027 0.012048500590026379 -0.0009669850114732981
v 0.02485661581158638 -0.012033311650156975 -0.0011980003910139203
v 0.024674881249666214 0.010847330093383789 -0.002543042879551649
v 0.02488037943840027 0.012048500590026379 -0.0009669850114732981
v 0.024674881249666214 0.010847330093383789 -0.002543042879551649
v 0.02482682466506958 0.012012839317321777 -0.0014617800479754806
v 0.02485661581158638 -0.012033311650156975 -0.0011980003910139203
v 0.02482682466506958 -0.012012839317321777 -0.0014617800479754806
v 0.024674881249666214 0.010847330093383789 -0.002543042879551649
v 0.024674881249666214 0.010847330093383789 -0.002543042879551649
v 0.02482682466506958 -0.012012839317321777 -0.0014617800479754806
v 0.0247685257345438 -0.011548019014298916 -0.0019184434786438942
v 0.024674881249666214 0.010847330093383789 -0.002543042879551649
v 0.0247685257345438 -0.011548019014298916 -0.0019184434786438942
v 0.024636726826429367 0.0105753093957901 -0.0027706786058843136
v 0.024636726826429367 0.0105753093957901 -0.0027706786058843136
v 0.0247685257345438 -0.011548019014298916 -0.0019184434786438942
v 0.024637652561068535 -0.010581834241747856 -0.0027653109282255173
v 0.024636726826429367 0.0105753093957901 -0.0027706786058843136
v 0.024637652561068535 -0.010581834241747856 -0.0027653109282255173
v 0.024628248065710068 5.9922924265265465e-05 -0.002819581190124154
v 0.024628248065710068 5.9922924265265465e-05 -0.002819581190124154
v 0.024637652561068535 -0.010581834241747856 -0.0027653109282255173
v 0.02461967244744301 -0.010455464012920856 -0.0028684670105576515
v 0.023663390427827835 0.00237245368771255 -0.0065892902202904224
v 0.023797528818249702 0.0042020827531814575 -0.006184437312185764
v 0.024628248065710068 5.9922924265265465e-05 -0.002819581190124154
v 0.024628248065710068 5.9922924265265465e-05 -0.002819581190124154
v 0.023797528818249702 0.0042020827531814575 -0.006184437312185764
v 0.023937830701470375 0.0055518136359751225 -0.005734043661504984
v 0.023937830701470375 0.0055518136359751225 -0.005734043661504984
v 0.024194451048970222 0.007540502119809389 -0.0048194266855716705
v 0.024628248065710068 5.9922924265265465e-05 -0.002819581190124154
v 0.024628248065710068 5.9922924265265465e-05 -0.002819581190124154
v 0.024194451048970222 0.007540502119809389 -0.0048194266855716705
v 0.024478083476424217 0.00948550458997488 -0.0036059794947504997
v 0.024628248065710068 5.9922924265265465e-05 -0.002819581190124154
v 0.024478083476424217 0.00948550458997488 -0.0036059794947504997
v 0.024636726826429367 0.0105753093957901 -0.0027706786058843136
v 0.02461967244744301 -0.010455464012920856 -0.0028684670105576515
v 0.02445608377456665 -0.009336872957646847 -0.003710824763402343
v 0.024628248065710068 5.9922924265265465e-05 -0.002819581190124154
v 0.024628248065710068 5.9922924265265465e-05 -0.002819581190124154
v 0.02445608377456665 -0.009336872957646847 -0.003710824763402343
v 0.02428765408694744 -0.008192780427634716 -0.004449665080755949
v 0.024628248065710068 5.9922924265265465e-05 -0.002819581190124154
v 0.02428765408694744 -0.008192780427634716 -0.004449665080755949
v 0.024123141542077065 -0.0070233456790447235 -0.005087392404675484
v 0.024123141542077065 -0.0070233456790447235 -0.005087392404675484
v 0.023950140923261642 -0.005657729227095842 -0.005693039391189814
v 0.024628248065710068 5.9922924265265465e-05 -0.002819581190124154
v 0.024628248065710068 5.9922924265265465e-05 -0.002819581190124154
v 0.023950140923261642 -0.005657729227095842 -0.005693039391189814
v 0.023804690688848495 -0.004279517102986574 -0.006162152159959078
v 0.024628248065710068 5.9922924265265465e-05 -0.002819581190124154
v 0.023804690688848495 -0.004279517102986574 -0.006162152159959078
v 0.023694470524787903 -0.0028933563735336065 -0.006497517228126526
v 0.023694470524787903 -0.0028933563735336065 -0.006497517228126526
v 0.023624690249562263 -0.0014993104850873351 -0.006701959762722254
v 0.024628248065710068 5.9922924265265465e-05 -0.002819581190124154
v 0.024628248065710068 5.9922924265265465e-05 -0.002819581190124154
v 0.023624690249562263 -0.0014993104850873351 -0.006701959762722254
v 0.023598825559020042 -9.736448555486277e-05 -0.0067763011902570724
v 0.024628248065710068 5.9922924265265465e-05 -0.002819581190124154
v 0.023598825559020042 -9.736448555486277e-05 -0.0067763011902570724
v 0.023663390427827835 0.00237245368771255 -0.0065892902202904224
v 0.02500000037252903 0.012255985289812088 0.013475692830979824
v 0.02500000037252903 -0.012255985289812088 0.013475692830979824
v 0.02500000037252903 -0.01207269448786974 0.012071127071976662
v 0.02500000037252903 -0.01211540587246418 0.0014756923774257302
v 0.02500000037252903 0.01211540587246418 0.0014756923774257302
v 0.02500000037252903 -0.012113332748413086 0.0020639761351048946
v 0.02500000037252903 -0.012113332748413086 0.0020639761351048946
v 0.02500000037252903 0.01211540587246418 0.0014756923774257302
v 0.02500000037252903 0.012081902474164963 0.0032940609380602837
v 0.02500000037252903 -0.012113332748413086 0.0020639761351048946
v 0.02500000037252903 0.012081902474164963 0.0032940609380602837
v 0.02500000037252903 -0.012071345932781696 0.0035784633364528418
v 0.02500000037252903 -0.012071345932781696 0.0035784633364528418
v 0.02500000037252903 0.012081902474164963 0.0032940609380602837
v 0.02500000037252903 0.012004964053630829 0.005144686903804541
v 0.02500000037252903 -0.012071345932781696 0.0035784633364528418
v 0.02500000037252903 0.012004964053630829 0.005144686903804541
v 0.02500000037252903 -0.011924059130251408 0.007478757295757532
v 0.02500000037252903 -0.011924059130251408 0.007478757295757532
v 0.02500000037252903 0.012004964053630829 0.005144686903804541
v 0.02500000037252903 0.011933518573641777 0.007085138466209173
v 0.02500000037252903 -0.011924059130251408 0.007478757295757532
v 0.02500000037252903 0.011933518573641777 0.007085138466209173
v 0.02500000037252903 -0.011914347298443317 0.008088965900242329
v 0.02500000037252903 -0.011914347298443317 0.008088965900242329
v 0.02500000037252903 0.011933518573641777 0.007085138466209173
v 0.02500000037252903 0.011912635527551174 0.008920397609472275
v 0.02500000037252903 -0.011914347298443317 0.008088965900242329
v 0.02500000037252903 0.011912635527551174 0.008920397609472275
v 0.02500000037252903 -0.011942416429519653 0.010213082656264305
v 0.02500000037252903 -0.011942416429519653 0.010213082656264305
v 0.02500000037252903 0.011912635527551174 0.008920397609472275
v 0.02500000037252903 0.011961406096816063 0.010621204972267151
v 0.02500000037252903 -0.011942416429519653 0.010213082656264305
v 0.02500000037252903 0.011961406096816063 0.010621204972267151
v 0.02500000037252903 -0.01207269448786974 0.012071127071976662
v 0.02500000037252903 -0.01207269448786974 0.012071127071976662
v 0.02500000037252903 0.011961406096816063 0.010621204972267151
v 0.02500000037252903 0.012088228017091751 0.012218724936246872
v 0.02500000037252903 -0.01207269448786974 0.012071127071976662
v 0.02500000037252903 0.012088228017091751 0.012218724936246872
v 0.02500000037252903 0.012255985289812088 0.013475692830979824
v -0.02500000037252903 -0.012255985289812088 0.013475692830979824
v -0.02500000037252903 0.012255985289812088 0.013475692830979824
v -0.02500000037252903 0.01207269448786974 0.012071127071976662
v -0.02500000037252903 0.01211540587246418 0.0014756923774257302
v -0.02500000037252903 -0.01211540587246418 0.0014756923774257302
v -0.02500000037252903 0.012113332748413086 0.0020639761351048946
v -0.02500000037252903 0.012113332748413086 0.0020639761351048946
v -0.02500000037252903 -0.01211540587246418 0.0014756923774257302
v -0.02500000037252903 -0.012081902474164963 0.0032940609380602837
v -0.02500000037252903 0.012113332748413086 0.0020639761351048946
v -0.02500000037252903 -0.012081902474164963 0.0032940609380602837
v -0.02500000037252903 0.012071345932781696 0.0035784633364528418
v -0.02500000037252903 0.012071345932781696 0.0035784633364528418
v -0.02500000037252903 -0.012081902474164963 0.0032940609380602837
v -0.02500000037252903 -0.012004964053630829 0.005144686903804541
v -0.02500000037252903 0.012071345932781696 0.0035784633364528418
v -0.02500000037252903 -0.012004964053630829 0.005144686903804541
v -0.02500000037252903 0.011924059130251408 0.007478757295757532
v -0.02500000037252903 0.011924059130251408 0.007478757295757532
v -0.02500000037252903 -0.012004964053630829 0.005144686903804541
v -0.02500000037252903 -0.011933518573641777 0.007085138466209173
v -0.02500000037252903 0.011924059130251408 0.007478757295757532
v -0.02500000037252903 -0.011933518573641777 0.007085138466209173
v -0.02500000037252903 0.011914347298443317 0.008088965900242329
v -0.02500000037252903 0.011914347298443317 0.008088965900242329
v -0.02500000037252903 -0.011933518573641777 0.007085138466209173
v -0.02500000037252903 -0.011912635527551174 0.008920397609472275
v -0.02500000037252903 0.011914347298443317 0.008088965900242329
v -0.02500000037252903 -0.011912635527551174 0.008920397609472275
v -0.02500000037252903 0.011942416429519653 0.010213082656264305
v -0.02500000037252903 0.011942416429519653 0.010213082656264305
v -0.02500000037252903 -0.011912635527551174 0.008920397609472275
v -0.02500000037252903 -0.011961406096816063 0.010621204972267151
v -0.02500000037252903 0.011942416429519653 0.010213082656264305
v -0.02500000037252903 -0.011961406096816063 0.010621204972267151
v -0.02500000037252903 0.01207269448786974 0.012071127071976662
v -0.02500000037252903 0.01207269448786974 0.012071127071976662
v -0.02500000037252903 -0.011961406096816063 0.010621204972267151
v -0.02500000037252903 -0.012088228017091751 0.012218724936246872
v -0.02500000037252903 0.01207269448786974 0.012071127071976662
v -0.02500000037252903 -0.012088228017091751 0.012218724936246872
v -0.02500000037252903 -0.012255985289812088 0.013475692830979824
v 0.02500000037252903 -0.012255985289812088 0.013475692830979824
v 0.01837499998509884 0.01498445589095354 0.013475692830979824
v 0.017500000074505806 0.014750000089406967 0.013475692830979824
v 0.023336347192525864 -0.017872996628284454 0.013475692830979824
v 0.01924999989569187 -0.016499999910593033 0.013475692830979824
v 0.022817231714725494 -0.018603259697556496 0.013475692830979824
v 0.022817231714725494 -0.018603259697556496 0.013475692830979824
v 0.01924999989569187 -0.016499999910593033 0.013475692830979824
v 0.019015545025467873 -0.017374999821186066 0.013475692830979824
v 0.022817231714725494 -0.018603259697556496 0.013475692830979824
v 0.019015545025467873 -0.017374999821186066 0.013475692830979824
v 0.02207104116678238 -0.01946055330336094 0.013475692830979824
v 0.017500000074505806 0.0182499997317791 0.013475692830979824
v 0.0175884198397398 0.022142650559544563 0.013475692830979824
v 0.016625000163912773 0.0180155448615551 0.013475692830979824
v 0.016625000163912773 0.0180155448615551 0.013475692830979824
v 0.0175884198397398 0.022142650559544563 0.013475692830979824
v 0.016936510801315308 0.02230134792625904 0.013475692830979824
v 0.016936510801315308 0.02230134792625904 0.013475692830979824
v 0.015758005902171135 0.0224697794765234 0.013475692830979824
v 0.016625000163912773 0.0180155448615551 0.013475692830979824
v 0.016625000163912773 0.0180155448615551 0.013475692830979824
v 0.015758005902171135 0.0224697794765234 0.013475692830979824
v 0.014999999664723873 0.02250000089406967 0.013475692830979824
v 0.016625000163912773 0.0180155448615551 0.013475692830979824
v 0.014999999664723873 0.02250000089406967 0.013475692830979824
v 0.01598445512354374 0.017374999821186066 0.013475692830979824
v 0.01837499998509884 0.01498445589095354 0.013475692830979824
v 0.02500000037252903 -0.012255985289812088 0.013475692830979824
v 0.019015545025467873 0.015625 0.013475692830979824
v 0.019015545025467873 0.015625 0.013475692830979824
v 0.02500000037252903 -0.012255985289812088 0.013475692830979824
v 0.02500000037252903 0.012255985289812088 0.013475692830979824
v 0.019015545025467873 0.015625 0.013475692830979824
v 0.02500000037252903 0.012255985289812088 0.013475692830979824
v 0.02492477186024189 0.01349677424877882 0.013475692830979824
v -0.005984455347061157 0.015625 0.013475692830979824
v 0.016625000163912773 -0.01498445589095354 0.013475692830979824
v 0.017500000074505806 -0.014750000089406967 0.013475692830979824
v -0.009015544317662716 0.017374999821186066 0.013475692830979824
v -0.008375000208616257 0.0180155448615551 0.013475692830979824
v -0.014999999664723873 0.02250000089406967 0.013475692830979824
v -0.014999999664723873 0.02250000089406967 0.013475692830979824
v -0.008375000208616257 0.0180155448615551 0.013475692830979824
v -0.007499999832361937 0.0182499997317791 0.013475692830979824
v -0.014999999664723873 0.02250000089406967 0.013475692830979824
v -0.007499999832361937 0.0182499997317791 0.013475692830979824
v 0.014999999664723873 0.02250000089406967 0.013475692830979824
v 0.014999999664723873 0.02250000089406967 0.013475692830979824
v -0.007499999832361937 0.0182499997317791 0.013475692830979824
v -0.006624999921768904 0.0180155448615551 0.013475692830979824
v 0.014999999664723873 0.02250000089406967 0.013475692830979824
v -0.006624999921768904 0.0180155448615551 0.013475692830979824
v 0.01598445512354374 0.017374999821186066 0.013475692830979824
v 0.01598445512354374 0.017374999821186066 0.013475692830979824
v -0.006624999921768904 0.0180155448615551 0.013475692830979824
v -0.005984455347061157 0.017374999821186066 0.013475692830979824
v 0.01598445512354374 0.017374999821186066 0.013475692830979824
v -0.005984455347061157 0.017374999821186066 0.013475692830979824
v 0.01575000025331974 0.016499999910593033 0.013475692830979824
v 0.01575000025331974 0.016499999910593033 0.013475692830979824
v -0.005984455347061157 0.017374999821186066 0.013475692830979824
v -0.005750000011175871 0.016499999910593033 0.013475692830979824
v 0.01575000025331974 0.016499999910593033 0.013475692830979824
v -0.005750000011175871 0.016499999910593033 0.013475692830979824
v 0.01598445512354374 0.015625 0.013475692830979824
v 0.02013319917023182 0.021020645275712013 0.013475692830979824
v 0.020000100135803223 0.021101796999573708 0.013475692830979824
v 0.01837499998509884 0.0180155448615551 0.013475692830979824
v 0.01837499998509884 0.0180155448615551 0.013475692830979824
v 0.020000100135803223 0.021101796999573708 0.013475692830979824
v 0.019066348671913147 0.021596340462565422 0.013475692830979824
v 0.01837499998509884 0.0180155448615551 0.013475692830979824
v 0.019066348671913147 0.021596340462565422 0.013475692830979824
v 0.017500000074505806 0.0182499997317791 0.013475692830979824
v 0.017500000074505806 0.0182499997317791 0.013475692830979824
v 0.019066348671913147 0.021596340462565422 0.013475692830979824
v 0.01795010454952717 0.02203359082341194 0.013475692830979824
v 0.017500000074505806 0.0182499997317791 0.013475692830979824
v 0.01795010454952717 0.02203359082341194 0.013475692830979824
v 0.0175884198397398 0.022142650559544563 0.013475692830979824
v 0.02013319917023182 0.021020645275712013 0.013475692830979824
v 0.01837499998509884 0.0180155448615551 0.013475692830979824
v 0.020982058718800545 0.020432043820619583 0.013475692830979824
v 0.020982058718800545 0.020432043820619583 0.013475692830979824
v 0.01837499998509884 0.0180155448615551 0.013475692830979824
v 0.019015545025467873 0.017374999821186066 0.013475692830979824
v 0.020982058718800545 0.020432043820619583 0.013475692830979824
v 0.019015545025467873 0.017374999821186066 0.013475692830979824
v 0.021906156092882156 0.019626351073384285 0.013475692830979824
v -0.009015544317662716 -0.015625 0.013475692830979824
v -0.02500000037252903 -0.012255985289812088 0.013475692830979824
v -0.02492477186024189 -0.01349677424877882 0.013475692830979824
v -0.02500000037252903 -0.012255985289812088 0.013475692830979824
v -0.009015544317662716 -0.015625 0.013475692830979824
v -0.02500000037252903 0.012255985289812088 0.013475692830979824
v -0.02500000037252903 0.012255985289812088 0.013475692830979824
v -0.009015544317662716 -0.015625 0.013475692830979824
v -0.008375000208616257 -0.01498445589095354 0.013475692830979824
v -0.02500000037252903 0.012255985289812088 0.013475692830979824
v -0.008375000208616257 -0.01498445589095354 0.013475692830979824
v -0.02492722123861313 0.013476460240781307 0.013475692830979824
v 0.02492477186024189 0.01349677424877882 0.013475692830979824
v 0.02470247820019722 0.014711677096784115 0.013475692830979824
v 0.019015545025467873 0.015625 0.013475692830979824
v 0.019015545025467873 0.015625 0.013475692830979824
v 0.02470247820019722 0.014711677096784115 0.013475692830979824
v 0.024415763095021248 0.015674473717808723 0.013475692830979824
v 0.019015545025467873 0.015625 0.013475692830979824
v 0.024415763095021248 0.015674473717808723 0.013475692830979824
v 0.01924999989569187 0.016499999910593033 0.013475692830979824
v 0.01924999989569187 0.016499999910593033 0.013475692830979824
v 0.024415763095021248 0.015674473717808723 0.013475692830979824
v 0.0239320769906044 0.01682421937584877 0.013475692830979824
v 0.01924999989569187 0.016499999910593033 0.013475692830979824
v 0.0239320769906044 0.01682421937584877 0.013475692830979824
v 0.023660097271203995 0.017338518053293228 0.013475692830979824
v 0.017500000074505806 -0.014750000089406967 0.013475692830979824
v 0.02500000037252903 -0.012255985289812088 0.013475692830979824
v -0.005984455347061157 0.015625 0.013475692830979824
v -0.005984455347061157 0.015625 0.013475692830979824
v 0.02500000037252903 -0.012255985289812088 0.013475692830979824
v 0.017500000074505806 0.014750000089406967 0.013475692830979824
v -0.005984455347061157 0.015625 0.013475692830979824
v 0.017500000074505806 0.014750000089406967 0.013475692830979824
v -0.005750000011175871 0.016499999910593033 0.013475692830979824
v -0.005750000011175871 0.016499999910593033 0.013475692830979824
v 0.017500000074505806 0.014750000089406967 0.013475692830979824
v 0.016625000163912773 0.01498445589095354 0.013475692830979824
v -0.005750000011175871 0.016499999910593033 0.013475692830979824
v 0.016625000163912773 0.01498445589095354 0.013475692830979824
v 0.01598445512354374 0.015625 0.013475692830979824
v -0.024425696581602097 0.015646079555153847 0.013475692830979824
v -0.009015544317662716 0.015625 0.013475692830979824
v -0.023949947208166122 0.016787825152277946 0.013475692830979824
v -0.023949947208166122 0.016787825152277946 0.013475692830979824
v -0.009015544317662716 0.015625 0.013475692830979824
v -0.00925000011920929 0.016499999910593033 0.013475692830979824
v -0.023949947208166122 0.016787825152277946 0.013475692830979824
v -0.00925000011920929 0.016499999910593033 0.013475692830979824
v -0.023660093545913696 0.017338523641228676 0.013475692830979824
v -0.024425696581602097 0.015646079555153847 0.013475692830979824
v -0.02470681071281433 0.014693967998027802 0.013475692830979824
v -0.009015544317662716 0.015625 0.013475692830979824
v -0.009015544317662716 0.015625 0.013475692830979824
v -0.02470681071281433 0.014693967998027802 0.013475692830979824
v -0.02492722123861313 0.013476460240781307 0.013475692830979824
v -0.009015544317662716 0.015625 0.013475692830979824
v -0.02492722123861313 0.013476460240781307 0.013475692830979824
v -0.008375000208616257 0.01498445589095354 0.013475692830979824
v -0.008375000208616257 0.01498445589095354 0.013475692830979824
v -0.02492722123861313 0.013476460240781307 0.013475692830979824
v -0.008375000208616257 -0.01498445589095354 0.013475692830979824
v -0.008375000208616257 0.01498445589095354 0.013475692830979824
v -0.008375000208616257 -0.01498445589095354 0.013475692830979824
v -0.007499999832361937 0.014750000089406967 0.013475692830979824
v -0.022001247853040695 0.019531652331352234 0.013475692830979824
v -0.02207104116678238 0.01946055330336094 0.013475692830979824
v -0.00925000011920929 0.016499999910593033 0.013475692830979824
v 0.023660097271203995 0.017338518053293228 0.013475692830979824
v 0.023319069296121597 0.017899585887789726 0.013475692830979824
v 0.01924999989569187 0.016499999910593033 0.013475692830979824
v 0.01924999989569187 0.016499999910593033 0.013475692830979824
v 0.023319069296121597 0.017899585887789726 0.013475692830979824
v 0.02273521013557911 0.018707294017076492 0.013475692830979824
v 0.01924999989569187 0.016499999910593033 0.013475692830979824
v 0.02273521013557911 0.018707294017076492 0.013475692830979824
v 0.019015545025467873 0.017374999821186066 0.013475692830979824
v 0.019015545025467873 0.017374999821186066 0.013475692830979824
v 0.02273521013557911 0.018707294017076492 0.013475692830979824
v 0.02207101695239544 0.01946057751774788 0.013475692830979824
v 0.019015545025467873 0.017374999821186066 0.013475692830979824
v 0.02207101695239544 0.01946057751774788 0.013475692830979824
v 0.021906156092882156 0.019626351073384285 0.013475692830979824
v 0.01837499998509884 -0.0180155448615551 0.013475692830979824
v 0.02107524685561657 -0.020359283313155174 0.013475692830979824
v 0.019015545025467873 -0.017374999821186066 0.013475692830979824
v 0.019015545025467873 -0.017374999821186066 0.013475692830979824
v 0.02107524685561657 -0.020359283313155174 0.013475692830979824
v 0.022001247853040695 -0.019531652331352234 0.013475692830979824
v 0.019015545025467873 -0.017374999821186066 0.013475692830979824
v 0.022001247853040695 -0.019531652331352234 0.013475692830979824
v 0.02207104116678238 -0.01946055330336094 0.013475692830979824
v -0.005984455347061157 -0.017374999821186066 0.013475692830979824
v -0.006624999921768904 -0.0180155448615551 0.013475692830979824
v 0.014999999664723873 -0.02250000089406967 0.013475692830979824
v 0.014999999664723873 -0.02250000089406967 0.013475692830979824
v -0.006624999921768904 -0.0180155448615551 0.013475692830979824
v -0.007499999832361937 -0.0182499997317791 0.013475692830979824
v 0.014999999664723873 -0.02250000089406967 0.013475692830979824
v -0.007499999832361937 -0.0182499997317791 0.013475692830979824
v -0.014999999664723873 -0.02250000089406967 0.013475692830979824
v -0.014999999664723873 -0.02250000089406967 0.013475692830979824
v -0.007499999832361937 -0.0182499997317791 0.013475692830979824
v -0.008375000208616257 -0.0180155448615551 0.013475692830979824
v -0.014999999664723873 -0.02250000089406967 0.013475692830979824
v -0.008375000208616257 -0.0180155448615551 0.013475692830979824
v -0.015758005902171135 -0.0224697794765234 0.013475692830979824
v -0.015758005902171135 -0.0224697794765234 0.013475692830979824
v -0.008375000208616257 -0.0180155448615551 0.013475692830979824
v -0.009015544317662716 -0.017374999821186066 0.013475692830979824
v -0.015758005902171135 -0.0224697794765234 0.013475692830979824
v -0.009015544317662716 -0.017374999821186066 0.013475692830979824
v -0.016936510801315308 -0.02230134792625904 0.013475692830979824
v -0.02492477186024189 -0.01349677424877882 0.013475692830979824
v -0.02470247820019722 -0.014711677096784115 0.013475692830979824
v -0.009015544317662716 -0.015625 0.013475692830979824
v -0.009015544317662716 -0.015625 0.013475692830979824
v -0.02470247820019722 -0.014711677096784115 0.013475692830979824
v -0.024415763095021248 -0.015674473717808723 0.013475692830979824
v -0.009015544317662716 -0.015625 0.013475692830979824
v -0.024415763095021248 -0.015674473717808723 0.013475692830979824
v -0.00925000011920929 -0.016499999910593033 0.013475692830979824
v 0.023336347192525864 -0.017872996628284454 0.013475692830979824
v 0.023660093545913696 -0.017338523641228676 0.013475692830979824
v 0.01924999989569187 -0.016499999910593033 0.013475692830979824
v 0.01924999989569187 -0.016499999910593033 0.013475692830979824
v 0.023660093545913696 -0.017338523641228676 0.013475692830979824
v 0.023949947208166122 -0.016787825152277946 0.013475692830979824
v 0.01924999989569187 -0.016499999910593033 0.013475692830979824
v 0.023949947208166122 -0.016787825152277946 0.013475692830979824
v 0.019015545025467873 -0.015625 0.013475692830979824
v 0.019015545025467873 -0.015625 0.013475692830979824
v 0.023949947208166122 -0.016787825152277946 0.013475692830979824
v 0.024425696581602097 -0.015646079555153847 0.013475692830979824
v 0.019015545025467873 -0.015625 0.013475692830979824
v 0.024425696581602097 -0.015646079555153847 0.013475692830979824
v 0.02470681071281433 -0.014693967998027802 0.013475692830979824
v -0.022001247853040695 0.019531652331352234 0.013475692830979824
v -0.00925000011920929 0.016499999910593033 0.013475692830979824
v -0.02107524685561657 0.020359283313155174 0.013475692830979824
v 0.014999999664723873 -0.02250000089406967 0.013475692830979824
v 0.016196295619010925 -0.02242458611726761 0.013475692830979824
v 0.017500000074505806 -0.0182499997317791 0.013475692830979824
v 0.017500000074505806 -0.0182499997317791 0.013475692830979824
v 0.016196295619010925 -0.02242458611726761 0.013475692830979824
v 0.017368340864777565 -0.022201597690582275 0.013475692830979824
v 0.017500000074505806 -0.0182499997317791 0.013475692830979824
v 0.017368340864777565 -0.022201597690582275 0.013475692830979824
v 0.017588336020708084 -0.022142674773931503 0.013475692830979824
v -0.024415763095021248 -0.015674473717808723 0.013475692830979824
v -0.0239320769906044 -0.01682421937584877 0.013475692830979824
v -0.00925000011920929 -0.016499999910593033 0.013475692830979824
v -0.00925000011920929 -0.016499999910593033 0.013475692830979824
v -0.0239320769906044 -0.01682421937584877 0.013475692830979824
v -0.023660097271203995 -0.017338518053293228 0.013475692830979824
v -0.00925000011920929 -0.016499999910593033 0.013475692830979824
v -0.023660097271203995 -0.017338518053293228 0.013475692830979824
v -0.023319069296121597 -0.017899585887789726 0.013475692830979824
v -0.020000100135803223 -0.021101796999573708 0.013475692830979824
v -0.019066348671913147 -0.021596340462565422 0.013475692830979824
v -0.00925000011920929 -0.016499999910593033 0.013475692830979824
v -0.00925000011920929 -0.016499999910593033 0.013475692830979824
v -0.019066348671913147 -0.021596340462565422 0.013475692830979824
v -0.01795010454952717 -0.02203359082341194 0.013475692830979824
v -0.00925000011920929 -0.016499999910593033 0.013475692830979824
v -0.01795010454952717 -0.02203359082341194 0.013475692830979824
v -0.009015544317662716 -0.017374999821186066 0.013475692830979824
v -0.009015544317662716 -0.017374999821186066 0.013475692830979824
v -0.01795010454952717 -0.02203359082341194 0.013475692830979824
v -0.0175884198397398 -0.022142650559544563 0.013475692830979824
v -0.009015544317662716 -0.017374999821186066 0.013475692830979824
v -0.0175884198397398 -0.022142650559544563 0.013475692830979824
v -0.016936510801315308 -0.02230134792625904 0.013475692830979824
v 0.016625000163912773 -0.01498445589095354 0.013475692830979824
v -0.005984455347061157 0.015625 0.013475692830979824
v 0.01598445512354374 -0.015625 0.013475692830979824
v 0.01598445512354374 -0.015625 0.013475692830979824
v -0.005984455347061157 0.015625 0.013475692830979824
v -0.006624999921768904 0.01498445589095354 0.013475692830979824
v 0.01598445512354374 -0.015625 0.013475692830979824
v -0.006624999921768904 0.01498445589095354 0.013475692830979824
v -0.007499999832361937 0.014750000089406967 0.013475692830979824
v 0.017500000074505806 -0.014750000089406967 0.013475692830979824
v 0.01837499998509884 -0.01498445589095354 0.013475692830979824
v 0.02500000037252903 -0.012255985289812088 0.013475692830979824
v 0.02500000037252903 -0.012255985289812088 0.013475692830979824
v 0.01837499998509884 -0.01498445589095354 0.013475692830979824
v 0.019015545025467873 -0.015625 0.013475692830979824
v 0.02500000037252903 -0.012255985289812088 0.013475692830979824
v 0.019015545025467873 -0.015625 0.013475692830979824
v 0.02492722123861313 -0.013476460240781307 0.013475692830979824
v 0.02492722123861313 -0.013476460240781307 0.013475692830979824
v 0.019015545025467873 -0.015625 0.013475692830979824
v 0.02470681071281433 -0.014693967998027802 0.013475692830979824
v -0.014999999664723873 0.02250000089406967 0.013475692830979824
v -0.016196295619010925 0.02242458611726761 0.013475692830979824
v -0.009015544317662716 0.017374999821186066 0.013475692830979824
v -0.009015544317662716 0.017374999821186066 0.013475692830979824
v -0.016196295619010925 0.02242458611726761 0.013475692830979824
v -0.017368340864777565 0.022201597690582275 0.013475692830979824
v -0.009015544317662716 0.017374999821186066 0.013475692830979824
v -0.017368340864777565 0.022201597690582275 0.013475692830979824
v -0.00925000011920929 0.016499999910593033 0.013475692830979824
v -0.00925000011920929 0.016499999910593033 0.013475692830979824
v -0.017368340864777565 0.022201597690582275 0.013475692830979824
v -0.017588336020708084 0.022142674773931503 0.013475692830979824
v -0.00925000011920929 0.016499999910593033 0.013475692830979824
v -0.017588336020708084 0.022142674773931503 0.013475692830979824
v -0.018220195546746254 0.021942032501101494 0.013475692830979824
v 0.017588336020708084 -0.022142674773931503 0.013475692830979824
v 0.018220195546746254 -0.021942032501101494 0.013475692830979824
v 0.017500000074505806 -0.0182499997317791 0.013475692830979824
v 0.017500000074505806 -0.0182499997317791 0.013475692830979824
v 0.018220195546746254 -0.021942032501101494 0.013475692830979824
v 0.019343558698892593 -0.0214625783264637 0.013475692830979824
v 0.017500000074505806 -0.0182499997317791 0.013475692830979824
v 0.019343558698892593 -0.0214625783264637 0.013475692830979824
v 0.01837499998509884 -0.0180155448615551 0.013475692830979824
v 0.01837499998509884 -0.0180155448615551 0.013475692830979824
v 0.019343558698892593 -0.0214625783264637 0.013475692830979824
v 0.020398316904902458 -0.020850390195846558 0.013475692830979824
v 0.01837499998509884 -0.0180155448615551 0.013475692830979824
v 0.020398316904902458 -0.020850390195846558 0.013475692830979824
v 0.02107524685561657 -0.020359283313155174 0.013475692830979824
v -0.005984455347061157 -0.017374999821186066 0.013475692830979824
v 0.014999999664723873 -0.02250000089406967 0.013475692830979824
v -0.005750000011175871 -0.016499999910593033 0.013475692830979824
v -0.005750000011175871 -0.016499999910593033 0.013475692830979824
v 0.014999999664723873 -0.02250000089406967 0.013475692830979824
v 0.017500000074505806 -0.0182499997317791 0.013475692830979824
v -0.005750000011175871 -0.016499999910593033 0.013475692830979824
v 0.017500000074505806 -0.0182499997317791 0.013475692830979824
v 0.016625000163912773 -0.0180155448615551 0.013475692830979824
v -0.023319069296121597 -0.017899585887789726 0.013475692830979824
v -0.02273521013557911 -0.018707294017076492 0.013475692830979824
v -0.00925000011920929 -0.016499999910593033 0.013475692830979824
v -0.00925000011920929 -0.016499999910593033 0.013475692830979824
v -0.02273521013557911 -0.018707294017076492 0.013475692830979824
v -0.02207101695239544 -0.01946057751774788 0.013475692830979824
v -0.00925000011920929 -0.016499999910593033 0.013475692830979824
v -0.02207101695239544 -0.01946057751774788 0.013475692830979824
v -0.021906156092882156 -0.019626351073384285 0.013475692830979824
v -0.021906156092882156 -0.019626351073384285 0.013475692830979824
v -0.020982058718800545 -0.020432043820619583 0.013475692830979824
v -0.00925000011920929 -0.016499999910593033 0.013475692830979824
v -0.00925000011920929 -0.016499999910593033 0.013475692830979824
v -0.020982058718800545 -0.020432043820619583 0.013475692830979824
v -0.02013319917023182 -0.021020645275712013 0.013475692830979824
v -0.00925000011920929 -0.016499999910593033 0.013475692830979824
v -0.02013319917023182 -0.021020645275712013 0.013475692830979824
v -0.020000100135803223 -0.021101796999573708 0.013475692830979824
v 0.016625000163912773 -0.0180155448615551 0.013475692830979824
v 0.01598445512354374 -0.017374999821186066 0.013475692830979824
v -0.005750000011175871 -0.016499999910593033 0.013475692830979824
v -0.005750000011175871 -0.016499999910593033 0.013475692830979824
v 0.01598445512354374 -0.017374999821186066 0.013475692830979824
v 0.01575000025331974 -0.016499999910593033 0.013475692830979824
v -0.005750000011175871 -0.016499999910593033 0.013475692830979824
v 0.01575000025331974 -0.016499999910593033 0.013475692830979824
v -0.005984455347061157 -0.015625 0.013475692830979824
v -0.005984455347061157 -0.015625 0.013475692830979824
v 0.01575000025331974 -0.016499999910593033 0.013475692830979824
v 0.01598445512354374 -0.015625 0.013475692830979824
v -0.005984455347061157 -0.015625 0.013475692830979824
v 0.01598445512354374 -0.015625 0.013475692830979824
v -0.006624999921768904 -0.01498445589095354 0.013475692830979824
v -0.006624999921768904 -0.01498445589095354 0.013475692830979824
v 0.01598445512354374 -0.015625 0.013475692830979824
v -0.007499999832361937 0.014750000089406967 0.013475692830979824
v -0.006624999921768904 -0.01498445589095354 0.013475692830979824
v -0.007499999832361937 0.014750000089406967 0.013475692830979824
v -0.007499999832361937 -0.014750000089406967 0.013475692830979824
v -0.007499999832361937 -0.014750000089406967 0.013475692830979824
v -0.007499999832361937 0.014750000089406967 0.013475692830979824
v -0.008375000208616257 -0.01498445589095354 0.013475692830979824
v -0.02207104116678238 0.01946055330336094 0.013475692830979824
v -0.022817231714725494 0.018603259697556496 0.013475692830979824
v -0.00925000011920929 0.016499999910593033 0.013475692830979824
v -0.00925000011920929 0.016499999910593033 0.013475692830979824
v -0.022817231714725494 0.018603259697556496 0.013475692830979824
v -0.023336347192525864 0.017872996628284454 0.013475692830979824
v -0.00925000011920929 0.016499999910593033 0.013475692830979824
v -0.023336347192525864 0.017872996628284454 0.013475692830979824
v -0.023660093545913696 0.017338523641228676 0.013475692830979824
v -0.018220195546746254 0.021942032501101494 0.013475692830979824
v -0.019343558698892593 0.0214625783264637 0.013475692830979824
v -0.00925000011920929 0.016499999910593033 0.013475692830979824
v -0.00925000011920929 0.016499999910593033 0.013475692830979824
v -0.019343558698892593 0.0214625783264637 0.013475692830979824
v -0.020398316904902458 0.020850390195846558 0.013475692830979824
v -0.00925000011920929 0.016499999910593033 0.013475692830979824
v -0.020398316904902458 0.020850390195846558 0.013475692830979824
v -0.02107524685561657 0.020359283313155174 0.013475692830979824
v 0.013749999925494194 -0.022115558385849 0.0014756923774257302
v 0.014891315251588821 -0.02189905196428299 -0.0017924972344189882
v 0.014913969673216343 -0.021964192390441895 -0.0013022370403632522
v 0.014913969673216343 -0.021964192390441895 -0.0013022370403632522
v 0.01497624721378088 -0.022081879898905754 0.00014558124530594796
v 0.013749999925494194 -0.022115558385849 0.0014756923774257302
v 0.013749999925494194 -0.022115558385849 0.0014756923774257302
v 0.01497624721378088 -0.022081879898905754 0.00014558124530594796
v 0.014999999664723873 -0.0221151951700449 0.001410763361491263
v 0.013749999925494194 -0.022115558385849 0.0014756923774257302
v 0.014999999664723873 -0.0221151951700449 0.001410763361491263
v 0.014999999664723873 -0.022115558385849 0.0014756923774257302
v -0.0037499999161809683 -0.022115558385849 0.0014756923774257302
v -0.011250000447034836 -0.022115558385849 0.0014756923774257302
v -0.014891315251588821 -0.02189905196428299 -0.0017924942076206207
v -0.014999999664723873 -0.0221151951700449 0.001410763361491263
v -0.014984321780502796 -0.022093061357736588 0.0004011477285530418
v -0.011250000447034836 -0.022115558385849 0.0014756923774257302
v -0.011250000447034836 -0.022115558385849 0.0014756923774257302
v -0.014984321780502796 -0.022093061357736588 0.0004011477285530418
v -0.014928227290511131 -0.02199745737016201 -0.0009990119142457843
v -0.011250000447034836 -0.022115558385849 0.0014756923774257302
v -0.014928227290511131 -0.02199745737016201 -0.0009990119142457843
v -0.014891315251588821 -0.02189905196428299 -0.0017924942076206207
v -0.014999999664723873 -0.0221151951700449 0.001410763361491263
v -0.011250000447034836 -0.022115558385849 0.0014756923774257302
v -0.014999999664723873 -0.022115716710686684 0.0015130642568692565
v -0.014999999664723873 -0.022115716710686684 0.0015130642568692565
v -0.011250000447034836 -0.022115558385849 0.0014756923774257302
v -0.011250000447034836 -0.022115716710686684 0.0015130642568692565
v -0.014999999664723873 -0.022115716710686684 0.0015130642568692565
v -0.011250000447034836 -0.022115716710686684 0.0015130642568692565
v -0.014999999664723873 -0.022075584158301353 0.0036494669038802385
v -0.014999999664723873 -0.022075584158301353 0.0036494669038802385
v -0.011250000447034836 -0.022115716710686684 0.0015130642568692565
v -0.011250000447034836 -0.021926753222942352 0.007475692313164473
v -0.014999999664723873 -0.022075584158301353 0.0036494669038802385
v -0.011250000447034836 -0.021926753222942352 0.007475692313164473
v -0.014999999664723873 -0.02199566178023815 0.005575926974415779
v -0.0037499999161809683 -0.021926753222942352 0.007475692313164473
v -0.014999999664723873 -0.02191600203514099 0.008017020300030708
v -0.011250000447034836 -0.021926753222942352 0.007475692313164473
v -0.011250000447034836 -0.021926753222942352 0.007475692313164473
v -0.014999999664723873 -0.02191600203514099 0.008017020300030708
v -0.014999999664723873 -0.02192990854382515 0.0073538171127438545
v -0.011250000447034836 -0.021926753222942352 0.007475692313164473
v -0.014999999664723873 -0.02192990854382515 0.0073538171127438545
v -0.014999999664723873 -0.02199566178023815 0.005575926974415779
v 0.013749999925494194 -0.021926753222942352 0.007475692313164473
v 0.014999999664723873 -0.021926753222942352 0.007475692313164473
v 0.014999999664723873 -0.02192184329032898 0.007689239922910929
v 0.014999999664723873 -0.02192184329032898 0.007689239922910929
v -0.014999999664723873 -0.02191600203514099 0.008017020300030708
v 0.013749999925494194 -0.021926753222942352 0.007475692313164473
v 0.013749999925494194 -0.021926753222942352 0.007475692313164473
v -0.014999999664723873 -0.02191600203514099 0.008017020300030708
v -0.0037499999161809683 -0.021926753222942352 0.007475692313164473
v 0.013749999925494194 -0.021926753222942352 0.007475692313164473
v -0.0037499999161809683 -0.021926753222942352 0.007475692313164473
v 0.013749999925494194 -0.022115716710686684 0.0015130642568692565
v 0.013749999925494194 -0.022115716710686684 0.0015130642568692565
v -0.0037499999161809683 -0.021926753222942352 0.007475692313164473
v -0.0037499999161809683 -0.022115716710686684 0.0015130642568692565
v 0.013749999925494194 -0.022115716710686684 0.0015130642568692565
v -0.0037499999161809683 -0.022115716710686684 0.0015130642568692565
v 0.013749999925494194 -0.022115558385849 0.0014756923774257302
v 0.013749999925494194 -0.022115558385849 0.0014756923774257302
v -0.0037499999161809683 -0.022115716710686684 0.0015130642568692565
v -0.0037499999161809683 -0.022115558385849 0.0014756923774257302
v 0.013749999925494194 -0.022115558385849 0.0014756923774257302
v -0.0037499999161809683 -0.022115558385849 0.0014756923774257302
v 0.014891315251588821 -0.02189905196428299 -0.0017924972344189882
v 0.014891315251588821 -0.02189905196428299 -0.0017924972344189882
v -0.0037499999161809683 -0.022115558385849 0.0014756923774257302
v -0.014891315251588821 -0.02189905196428299 -0.0017924942076206207
v 0.014891315251588821 -0.02189905196428299 -0.0017924972344189882
v -0.014891315251588821 -0.02189905196428299 -0.0017924942076206207
v 0.014886541292071342 -0.021882718428969383 -0.001900159171782434
v -0.011250000447034836 0.022115558385849 0.0014756923774257302
v -0.014907263219356537 0.021946707740426064 -0.0014451510505750775
v -0.01491397526115179 0.02196420729160309 -0.0013021138729527593
v -0.014999999664723873 0.022115547209978104 0.0018411552300676703
v -0.011250000447034836 0.022115547209978104 0.0018411552300676703
v -0.014999999664723873 0.0221151951700449 0.001410763361491263
v -0.014999999664723873 0.0221151951700449 0.001410763361491263
v -0.011250000447034836 0.022115547209978104 0.0018411552300676703
v -0.011250000447034836 0.022115558385849 0.0014756923774257302
v -0.014999999664723873 0.0221151951700449 0.001410763361491263
v -0.011250000447034836 0.022115558385849 0.0014756923774257302
v -0.01497624907642603 0.022081883624196053 0.0001456262107240036
v -0.01497624907642603 0.022081883624196053 0.0001456262107240036
v -0.011250000447034836 0.022115558385849 0.0014756923774257302
v -0.01491397526115179 0.02196420729160309 -0.0013021138729527593
v 0.014999999664723873 0.022115558385849 0.0014756923774257302
v 0.014999999664723873 0.0221151951700449 0.001410763361491263
v 0.013749999925494194 0.022115558385849 0.0014756923774257302
v 0.013749999925494194 0.022115558385849 0.0014756923774257302
v 0.014999999664723873 0.0221151951700449 0.001410763361491263
v 0.01498432457447052 0.022093065083026886 0.0004012197896372527
v 0.013749999925494194 0.022115558385849 0.0014756923774257302
v 0.01498432457447052 0.022093065083026886 0.0004012197896372527
v 0.014928228221833706 0.02199745923280716 -0.0009989875834435225
v -0.014999999664723873 0.021951325237751007 0.010164531879127026
v 0.014999999664723873 0.02191239781677723 0.008851306512951851
v 0.013749999925494194 0.021926753222942352 0.007475692313164473
v 0.013749999925494194 0.021926753222942352 0.007475692313164473
v 0.014999999664723873 0.02191239781677723 0.008851306512951851
v 0.014999999664723873 0.021926753222942352 0.007475692313164473
v -0.014999999664723873 0.022115547209978104 0.0018411552300676703
v -0.014999999664723873 0.022112557664513588 0.002188533777371049
v -0.011250000447034836 0.022115547209978104 0.0018411552300676703
v -0.011250000447034836 0.022115547209978104 0.0018411552300676703
v -0.014999999664723873 0.022112557664513588 0.002188533777371049
v -0.014999999664723873 0.022063927724957466 0.003963600844144821
v -0.011250000447034836 0.022115547209978104 0.0018411552300676703
v -0.014999999664723873 0.022063927724957466 0.003963600844144821
v -0.011250000447034836 0.021960733458399773 0.006424183025956154
v -0.011250000447034836 0.021960733458399773 0.006424183025956154
v -0.014999999664723873 0.022063927724957466 0.003963600844144821
v -0.014999999664723873 0.021960733458399773 0.006424183025956154
v -0.011250000447034836 0.021960733458399773 0.006424183025956154
v -0.014999999664723873 0.021960733458399773 0.006424183025956154
v -0.011250000447034836 0.021926753222942352 0.007475692313164473
v -0.011250000447034836 0.021926753222942352 0.007475692313164473
v -0.014999999664723873 0.021960733458399773 0.006424183025956154
v -0.014999999664723873 0.02192184329032898 0.007689239922910929
v -0.011250000447034836 0.021926753222942352 0.007475692313164473
v -0.014999999664723873 0.02192184329032898 0.007689239922910929
v -0.014999999664723873 0.0219138003885746 0.00819362886250019
v -0.014999999664723873 0.0219138003885746 0.00819362886250019
v -0.014999999664723873 0.021934233605861664 0.009808612987399101
v -0.011250000447034836 0.021926753222942352 0.007475692313164473
v -0.011250000447034836 0.021926753222942352 0.007475692313164473
v -0.014999999664723873 0.021934233605861664 0.009808612987399101
v -0.014999999664723873 0.021951325237751007 0.010164531879127026
v -0.011250000447034836 0.021926753222942352 0.007475692313164473
v -0.014999999664723873 0.021951325237751007 0.010164531879127026
v -0.0037499999161809683 0.021926753222942352 0.007475692313164473
v -0.0037499999161809683 0.021926753222942352 0.007475692313164473
v -0.014999999664723873 0.021951325237751007 0.010164531879127026
v 0.013749999925494194 0.021926753222942352 0.007475692313164473
v -0.0037499999161809683 0.021926753222942352 0.007475692313164473
v 0.013749999925494194 0.021926753222942352 0.007475692313164473
v -0.0037499999161809683 0.021960733458399773 0.006424183025956154
v -0.0037499999161809683 0.021960733458399773 0.006424183025956154
v 0.013749999925494194 0.021926753222942352 0.007475692313164473
v 0.013749999925494194 0.021960733458399773 0.006424183025956154
v -0.0037499999161809683 0.021960733458399773 0.006424183025956154
v 0.013749999925494194 0.021960733458399773 0.006424183025956154
v 0.013749999925494194 0.022115547209978104 0.0018411552300676703
v 0.014928228221833706 0.02199745923280716 -0.0009989875834435225
v 0.014907264150679111 0.021946709603071213 -0.0014451387105509639
v 0.013749999925494194 0.022115558385849 0.0014756923774257302
v 0.013749999925494194 0.022115558385849 0.0014756923774257302
v 0.014907264150679111 0.021946709603071213 -0.0014451387105509639
v -0.0037499999161809683 0.022115558385849 0.0014756923774257302
v 0.013749999925494194 0.022115558385849 0.0014756923774257302
v -0.0037499999161809683 0.022115558385849 0.0014756923774257302
v 0.013749999925494194 0.022115547209978104 0.0018411552300676703
v 0.013749999925494194 0.022115547209978104 0.0018411552300676703
v -0.0037499999161809683 0.022115558385849 0.0014756923774257302
v -0.0037499999161809683 0.022115547209978104 0.0018411552300676703
v 0.013749999925494194 0.022115547209978104 0.0018411552300676703
v -0.0037499999161809683 0.022115547209978104 0.0018411552300676703
v -0.0037499999161809683 0.021960733458399773 0.006424183025956154
v -0.011250000447034836 0.022115558385849 0.0014756923774257302
v -0.0037499999161809683 0.022115558385849 0.0014756923774257302
v -0.014907263219356537 0.021946707740426064 -0.0014451510505750775
v -0.014907263219356537 0.021946707740426064 -0.0014451510505750775
v -0.0037499999161809683 0.022115558385849 0.0014756923774257302
v 0.014907264150679111 0.021946709603071213 -0.0014451387105509639
v -0.014907263219356537 0.021946707740426064 -0.0014451510505750775
v 0.014907264150679111 0.021946709603071213 -0.0014451387105509639
v -0.014886528253555298 0.021882671862840652 -0.0019004566129297018
v -0.014886528253555298 0.021882671862840652 -0.0019004566129297018
v 0.014907264150679111 0.021946709603071213 -0.0014451387105509639
v 0.014886557124555111 0.02188277430832386 -0.0018997953739017248
v -0.014886528253555298 0.021882671862840652 -0.0019004566129297018
v 0.014886557124555111 0.02188277430832386 -0.0018997953739017248
v -0.014888044446706772 0.021679820492863655 -0.00294783478602767
v -0.014888044446706772 0.021679820492863655 -0.00294783478602767
v 0.014886557124555111 0.02188277430832386 -0.0018997953739017248
v 0.014887995086610317 0.02167942374944687 -0.0029495072085410357
v -0.014888044446706772 0.021679820492863655 -0.00294783478602767
v 0.014887995086610317 0.02167942374944687 -0.0029495072085410357
v -0.014888969250023365 0.021512022241950035 -0.0035800253972411156
v -0.014888969250023365 0.021512022241950035 -0.0035800253972411156
v 0.014887995086610317 0.02167942374944687 -0.0029495072085410357
v 0.014888867735862732 0.021512022241950035 -0.0035800253972411156
v -0.014888969250023365 0.021512022241950035 -0.0035800253972411156
v 0.014888867735862732 0.021512022241950035 -0.0035800253972411156
v -0.014889904297888279 0.02130190096795559 -0.004212785977870226
v -0.014889904297888279 0.02130190096795559 -0.004212785977870226
v 0.014888867735862732 0.021512022241950035 -0.0035800253972411156
v 0.014889838173985481 0.02127918414771557 -0.004273595288395882
v -0.014889904297888279 0.02130190096795559 -0.004212785977870226
v 0.014889838173985481 0.02127918414771557 -0.004273595288395882
v -0.014891025610268116 0.020986566320061684 -0.004961695987731218
v -0.014891025610268116 0.020986566320061684 -0.004961695987731218
v 0.014889838173985481 0.02127918414771557 -0.004273595288395882
v 0.01489082258194685 0.020983709022402763 -0.0049676839262247086
v -0.014891025610268116 0.020986566320061684 -0.004961695987731218
v 0.01489082258194685 0.020983709022402763 -0.0049676839262247086
v -0.014891614206135273 0.020788703113794327 -0.005349906627088785
v -0.014891614206135273 0.020788703113794327 -0.005349906627088785
v 0.01489082258194685 0.020983709022402763 -0.0049676839262247086
v 0.014891371130943298 0.020788704976439476 -0.00534990755841136
v -0.014891614206135273 0.020788703113794327 -0.005349906627088785
v 0.014891371130943298 0.020788704976439476 -0.00534990755841136
v -0.01489255391061306 0.020418981090188026 -0.005960836540907621
v -0.01489255391061306 0.020418981090188026 -0.005960836540907621
v 0.014891371130943298 0.020788704976439476 -0.00534990755841136
v 0.014892417937517166 0.020345257595181465 -0.006068486720323563
v -0.01489255391061306 0.020418981090188026 -0.005960836540907621
v 0.014892417937517166 0.020345257595181465 -0.006068486720323563
v -0.014893777668476105 0.019816996529698372 -0.006738405209034681
v -0.014893777668476105 0.019816996529698372 -0.006738405209034681
v 0.014892417937517166 0.020345257595181465 -0.006068486720323563
v 0.014893431216478348 0.019809486344456673 -0.006746852304786444
v -0.014893777668476105 0.019816996529698372 -0.006738405209034681
v 0.014893431216478348 0.019809486344456673 -0.006746852304786444
v -0.014893908984959126 0.019743667915463448 -0.006819817237555981
v -0.014893908984959126 0.019743667915463448 -0.006819817237555981
v 0.014893431216478348 0.019809486344456673 -0.006746852304786444
v 0.014893542043864727 0.019743667915463448 -0.006819817237555981
v -0.014893908984959126 0.019743667915463448 -0.006819817237555981
v 0.014893542043864727 0.019743667915463448 -0.006819817237555981
v -0.014894887804985046 0.019134458154439926 -0.007421834394335747
v -0.014894887804985046 0.019134458154439926 -0.007421834394335747
v 0.014893542043864727 0.019743667915463448 -0.006819817237555981
v 0.014894561842083931 0.01906694658100605 -0.007481926586478949
v -0.014894887804985046 0.019134458154439926 -0.007421834394335747
v 0.014894561842083931 0.01906694658100605 -0.007481926586478949
v -0.014894997701048851 0.019059251993894577 -0.007488706149160862
v -0.014894997701048851 0.019059251993894577 -0.007488706149160862
v 0.014894561842083931 0.01906694658100605 -0.007481926586478949
v 0.014894586987793446 0.01904897205531597 -0.007497739978134632
v -0.014894997701048851 0.019059251993894577 -0.007488706149160862
v 0.014894586987793446 0.01904897205531597 -0.007497739978134632
v -0.014896318316459656 0.018058618530631065 -0.008273095823824406
v -0.014896318316459656 0.018058618530631065 -0.008273095823824406
v 0.014894586987793446 0.01904897205531597 -0.007497739978134632
v 0.014895821921527386 0.018058620393276215 -0.008273100480437279
v -0.014896318316459656 0.018058618530631065 -0.008273095823824406
v 0.014895821921527386 0.018058620393276215 -0.008273100480437279
v -0.014897145330905914 0.01734030246734619 -0.008749577216804028
v -0.014897145330905914 0.01734030246734619 -0.008749577216804028
v 0.014895821921527386 0.018058620393276215 -0.008273100480437279
v 0.014896620064973831 0.017324678599834442 -0.00875936634838581
v 0.014611337333917618 0.012188340537250042 -0.011263967491686344
v -0.014611337333917618 0.012188333086669445 -0.011263970285654068
v 0.01468685083091259 0.013416364789009094 -0.010768327862024307
v 0.01468685083091259 0.013416364789009094 -0.010768327862024307
v -0.014611337333917618 0.012188333086669445 -0.011263970285654068
v -0.014673640951514244 0.01320122741162777 -0.010859382338821888
v 0.01468685083091259 0.013416364789009094 -0.010768327862024307
v -0.014673640951514244 0.01320122741162777 -0.010859382338821888
v 0.014804928563535213 0.015397047623991966 -0.009840606711804867
v 0.014804928563535213 0.015397047623991966 -0.009840606711804867
v -0.014673640951514244 0.01320122741162777 -0.010859382338821888
v -0.014771795831620693 0.014824919402599335 -0.010125682689249516
v 0.014804928563535213 0.015397047623991966 -0.009840606711804867
v -0.014771795831620693 0.014824919402599335 -0.010125682689249516
v 0.014832176268100739 0.01588422991335392 -0.009586332365870476
v 0.014832176268100739 0.01588422991335392 -0.009586332365870476
v -0.014771795831620693 0.014824919402599335 -0.010125682689249516
v -0.014832179993391037 0.015884293243288994 -0.009586297906935215
v 0.014832176268100739 0.01588422991335392 -0.009586332365870476
v -0.014832179993391037 0.015884293243288994 -0.009586297906935215
v 0.014896620064973831 0.017324678599834442 -0.00875936634838581
v 0.014896620064973831 0.017324678599834442 -0.00875936634838581
v -0.014832179993391037 0.015884293243288994 -0.009586297906935215
v -0.014861109666526318 0.016445951536297798 -0.009279174730181694
v 0.014896620064973831 0.017324678599834442 -0.00875936634838581
v -0.014861109666526318 0.016445951536297798 -0.009279174730181694
v -0.014897145330905914 0.01734030246734619 -0.008749577216804028
v -0.01428280584514141 0.005996659863740206 -0.012958481907844543
v -0.01437007449567318 0.007942122407257557 -0.012561128474771976
v 0.014385701157152653 0.008252752013504505 -0.012486696243286133
v 0.014385701157152653 0.008252752013504505 -0.012486696243286133
v -0.01437007449567318 0.007942122407257557 -0.012561128474771976
v -0.014385699294507504 0.0082527045160532 -0.012486708350479603
v 0.014385701157152653 0.008252752013504505 -0.012486696243286133
v -0.014385699294507504 0.0082527045160532 -0.012486708350479603
v 0.014516671188175678 0.01061966922134161 -0.011815512552857399
v 0.014516671188175678 0.01061966922134161 -0.011815512552857399
v -0.014385699294507504 0.0082527045160532 -0.012486708350479603
v -0.014473874121904373 0.0098814582452178 -0.012045017443597317
v 0.014516671188175678 0.01061966922134161 -0.011815512552857399
v -0.014473874121904373 0.0098814582452178 -0.012045017443597317
v 0.014611337333917618 0.012188340537250042 -0.011263967491686344
v 0.014611337333917618 0.012188340537250042 -0.011263967491686344
v -0.014473874121904373 0.0098814582452178 -0.012045017443597317
v -0.014572582207620144 0.011553537100553513 -0.011497871950268745
v 0.014611337333917618 0.012188340537250042 -0.011263967491686344
v -0.014572582207620144 0.011553537100553513 -0.011497871950268745
v -0.014611337333917618 0.012188333086669445 -0.011263970285654068
v 0.014385701157152653 0.008252752013504505 -0.012486696243286133
v 0.014362698420882225 0.0077924421057105064 -0.012595896609127522
v -0.01428280584514141 0.005996659863740206 -0.012958481907844543
v -0.01428280584514141 0.005996659863740206 -0.012958481907844543
v 0.014362698420882225 0.0077924421057105064 -0.012595896609127522
v 0.014278518036007881 0.005887881852686405 -0.012977265752851963
v -0.01428280584514141 0.005996659863740206 -0.012958481907844543
v 0.014278518036007881 0.005887881852686405 -0.012977265752851963
v -0.01421976275742054 0.004158209543675184 -0.01322835125029087
v -0.01421976275742054 0.004158209543675184 -0.01322835125029087
v 0.014278518036007881 0.005887881852686405 -0.012977265752851963
v 0.014219766482710838 0.004158327355980873 -0.013228337280452251
v -0.01421976275742054 0.004158209543675184 -0.01322835125029087
v 0.014219766482710838 0.004158327355980873 -0.013228337280452251
v -0.01421667542308569 0.004048967733979225 -0.01324123702943325
v -0.01421667542308569 0.004048967733979225 -0.01324123702943325
v 0.014219766482710838 0.004158327355980873 -0.013228337280452251
v 0.014198034070432186 0.003319044830277562 -0.013318394310772419
v -0.01421667542308569 0.004048967733979225 -0.01324123702943325
v 0.014198034070432186 0.003319044830277562 -0.013318394310772419
v -0.014174809679389 0.002096321666613221 -0.013413062319159508
v -0.014174809679389 0.002096321666613221 -0.013413062319159508
v 0.014198034070432186 0.003319044830277562 -0.013318394310772419
v -0.014159295707941055 0.00013580922677647322 -0.013475430198013783
v 0.014174814336001873 -0.0020966031588613987 -0.013413045555353165
v 0.014205368235707283 -0.003622863907366991 -0.013288164511322975
v -0.014198042452335358 -0.003319385927170515 -0.013318361714482307
v -0.014198042452335358 -0.003319385927170515 -0.013318361714482307
v 0.014205368235707283 -0.003622863907366991 -0.013288164511322975
v -0.014205369167029858 -0.0036228843964636326 -0.013288162648677826
v -0.014159295707941055 0.00013580922677647322 -0.013475430198013783
v 0.014198034070432186 0.003319044830277562 -0.013318394310772419
v -0.014159229584038258 -1.778928826468018e-08 -0.013475692830979824
v -0.014159229584038258 -1.778928826468018e-08 -0.013475692830979824
v 0.014198034070432186 0.003319044830277562 -0.013318394310772419
v 0.014159229584038258 1.7823721165655115e-08 -0.013475692830979824
v -0.014159229584038258 -1.778928826468018e-08 -0.013475692830979824
v 0.014159229584038258 1.7823721165655115e-08 -0.013475692830979824
v -0.014198042452335358 -0.003319385927170515 -0.013318361714482307
v -0.014198042452335358 -0.003319385927170515 -0.013318361714482307
v 0.014159229584038258 1.7823721165655115e-08 -0.013475692830979824
v 0.014159295707941055 -0.00013611283793579787 -0.013475428335368633
v -0.014198042452335358 -0.003319385927170515 -0.013318361714482307
v 0.014159295707941055 -0.00013611283793579787 -0.013475428335368633
v 0.014174814336001873 -0.0020966031588613987 -0.013413045555353165
v 0.014282815158367157 -0.0059968940913677216 -0.012958441860973835
v 0.01435539498925209 -0.007642165757715702 -0.012630089186131954
v -0.0142785320058465 -0.00588825112208724 -0.01297720242291689
v -0.0142785320058465 -0.00588825112208724 -0.01297720242291689
v 0.01435539498925209 -0.007642165757715702 -0.012630089186131954
v -0.014355394057929516 -0.007642142474651337 -0.012630093842744827
v -0.014205369167029858 -0.0036228843964636326 -0.013288162648677826
v 0.014205368235707283 -0.003622863907366991 -0.013288164511322975
v -0.0142785320058465 -0.00588825112208724 -0.01297720242291689
v -0.0142785320058465 -0.00588825112208724 -0.01297720242291689
v 0.014205368235707283 -0.003622863907366991 -0.013288164511322975
v 0.014216681942343712 -0.004049226175993681 -0.013241207227110863
v -0.0142785320058465 -0.00588825112208724 -0.01297720242291689
v 0.014216681942343712 -0.004049226175993681 -0.013241207227110863
v 0.014282815158367157 -0.0059968940913677216 -0.012958441860973835
v -0.014362717047333717 -0.007792830467224121 -0.012595807202160358
v 0.014473884366452694 -0.009881643578410149 -0.012044962495565414
v -0.014516695402562618 -0.010620083659887314 -0.011815378442406654
v -0.014516695402562618 -0.010620083659887314 -0.011815378442406654
v 0.014473884366452694 -0.009881643578410149 -0.012044962495565414
v 0.014567903243005276 -0.011476344428956509 -0.011525309644639492
v -0.014355394057929516 -0.007642142474651337 -0.012630093842744827
v 0.01435539498925209 -0.007642165757715702 -0.012630089186131954
v -0.014362717047333717 -0.007792830467224121 -0.012595807202160358
v -0.014362717047333717 -0.007792830467224121 -0.012595807202160358
v 0.01435539498925209 -0.007642165757715702 -0.012630089186131954
v 0.0143700847402215 -0.00794233102351427 -0.012561079114675522
v -0.014362717047333717 -0.007792830467224121 -0.012595807202160358
v 0.0143700847402215 -0.00794233102351427 -0.012561079114675522
v 0.014473884366452694 -0.009881643578410149 -0.012044962495565414
v 0.01467365026473999 -0.013201373629271984 -0.010859320871531963
v -0.014790461398661137 -0.01514490693807602 -0.009968015365302563
v 0.014572592452168465 -0.011553702875971794 -0.011497813276946545
v 0.014572592452168465 -0.011553702875971794 -0.011497813276946545
v -0.014790461398661137 -0.01514490693807602 -0.009968015365302563
v -0.01468687690794468 -0.013416801579296589 -0.010768141597509384
v 0.014572592452168465 -0.011553702875971794 -0.011497813276946545
v -0.01468687690794468 -0.013416801579296589 -0.010768141597509384
v 0.014567903243005276 -0.011476344428956509 -0.011525309644639492
v 0.014567903243005276 -0.011476344428956509 -0.011525309644639492
v -0.01468687690794468 -0.013416801579296589 -0.010768141597509384
v -0.014567903243005276 -0.011476356536149979 -0.011525305919349194
v 0.014567903243005276 -0.011476344428956509 -0.011525309644639492
v -0.014567903243005276 -0.011476356536149979 -0.011525305919349194
v -0.014516695402562618 -0.010620083659887314 -0.011815378442406654
v 0.014886541292071342 -0.021882718428969383 -0.001900159171782434
v -0.014891315251588821 -0.02189905196428299 -0.0017924942076206207
v 0.014888055622577667 -0.021679885685443878 -0.0029475584160536528
v 0.014888055622577667 -0.021679885685443878 -0.0029475584160536528
v -0.014891315251588821 -0.02189905196428299 -0.0017924942076206207
v -0.014886544086039066 -0.02188272774219513 -0.001900095958262682
v 0.014888055622577667 -0.021679885685443878 -0.0029475584160536528
v -0.014886544086039066 -0.02188272774219513 -0.001900095958262682
v 0.01488951314240694 -0.021397622302174568 -0.003941595554351807
v 0.01467365026473999 -0.013201373629271984 -0.010859320871531963
v 0.01477180328220129 -0.014825045131146908 -0.010125621221959591
v -0.014790461398661137 -0.01514490693807602 -0.009968015365302563
v -0.014790461398661137 -0.01514490693807602 -0.009968015365302563
v 0.01477180328220129 -0.014825045131146908 -0.010125621221959591
v 0.014790459536015987 -0.015144890174269676 -0.009968023747205734
v -0.014790461398661137 -0.01514490693807602 -0.009968015365302563
v 0.014790459536015987 -0.015144890174269676 -0.009968023747205734
v -0.014804938808083534 -0.015397224575281143 -0.009840517304837704
v -0.014804938808083534 -0.015397224575281143 -0.009840517304837704
v 0.014790459536015987 -0.015144890174269676 -0.009968023747205734
v 0.014861115254461765 -0.0164460688829422 -0.009279109537601471
v -0.014804938808083534 -0.015397224575281143 -0.009840517304837704
v 0.014861115254461765 -0.0164460688829422 -0.009279109537601471
v -0.014896617271006107 -0.017324578016996384 -0.00875942874699831
v -0.014896617271006107 -0.017324578016996384 -0.00875942874699831
v 0.014861115254461765 -0.0164460688829422 -0.009279109537601471
v 0.014897149987518787 -0.017340440303087234 -0.008749490603804588
v -0.014896617271006107 -0.017324578016996384 -0.00875942874699831
v 0.014897149987518787 -0.017340440303087234 -0.008749490603804588
v -0.014896056614816189 -0.017846953123807907 -0.00841942522674799
v -0.014896056614816189 -0.017846953123807907 -0.00841942522674799
v 0.014897149987518787 -0.017340440303087234 -0.008749490603804588
v 0.014896576292812824 -0.01784694939851761 -0.008419419638812542
v -0.014896056614816189 -0.017846953123807907 -0.00841942522674799
v 0.014896576292812824 -0.01784694939851761 -0.008419419638812542
v -0.014894581399857998 -0.019048849120736122 -0.007497848942875862
v -0.014894581399857998 -0.019048849120736122 -0.007497848942875862
v 0.014896576292812824 -0.01784694939851761 -0.008419419638812542
v 0.014895004220306873 -0.019059399142861366 -0.007488575764000416
v -0.014894581399857998 -0.019048849120736122 -0.007497848942875862
v 0.014895004220306873 -0.019059399142861366 -0.007488575764000416
v -0.014894556254148483 -0.019066784530878067 -0.007482069078832865
v -0.014894556254148483 -0.019066784530878067 -0.007482069078832865
v 0.014895004220306873 -0.019059399142861366 -0.007488575764000416
v 0.014894894324243069 -0.01913454942405224 -0.007421751972287893
v -0.014894556254148483 -0.019066784530878067 -0.007482069078832865
v 0.014894894324243069 -0.01913454942405224 -0.007421751972287893
v -0.014894042164087296 -0.019423410296440125 -0.007151011843234301
v -0.014894042164087296 -0.019423410296440125 -0.007151011843234301
v 0.014894894324243069 -0.01913454942405224 -0.007421751972287893
v 0.014894451014697552 -0.019423410296440125 -0.007151011377573013
v -0.014894042164087296 -0.019423410296440125 -0.007151011843234301
v 0.014894451014697552 -0.019423410296440125 -0.007151011377573013
v -0.014893424697220325 -0.019809359684586525 -0.006746992934495211
v -0.014893424697220325 -0.019809359684586525 -0.006746992934495211
v 0.014894451014697552 -0.019423410296440125 -0.007151011377573013
v 0.014893785119056702 -0.019817139953374863 -0.00673824455589056
v -0.014893424697220325 -0.019809359684586525 -0.006746992934495211
v 0.014893785119056702 -0.019817139953374863 -0.00673824455589056
v -0.01489241048693657 -0.020345138385891914 -0.0060686576180160046
v -0.01489241048693657 -0.020345138385891914 -0.0060686576180160046
v 0.014893785119056702 -0.019817139953374863 -0.00673824455589056
v 0.014892562292516232 -0.020419036969542503 -0.00596075551584363
v -0.01489241048693657 -0.020345138385891914 -0.0060686576180160046
v 0.014892562292516232 -0.020419036969542503 -0.00596075551584363
v -0.014891812577843666 -0.020610332489013672 -0.005660726223140955
v -0.014891812577843666 -0.020610332489013672 -0.005660726223140955
v 0.014892562292516232 -0.020419036969542503 -0.00596075551584363
v 0.014892099425196648 -0.020610332489013672 -0.005660726223140955
v -0.014891812577843666 -0.020610332489013672 -0.005660726223140955
v 0.014892099425196648 -0.020610332489013672 -0.005660726223140955
v -0.014890813268721104 -0.020983606576919556 -0.004967895336449146
v -0.014890813268721104 -0.020983606576919556 -0.004967895336449146
v 0.014892099425196648 -0.020610332489013672 -0.005660726223140955
v 0.014891034923493862 -0.02098667249083519 -0.004961471073329449
v -0.014890813268721104 -0.020983606576919556 -0.004967895336449146
v 0.014891034923493862 -0.02098667249083519 -0.004961471073329449
v -0.014889828860759735 -0.021279098466038704 -0.004273818805813789
v -0.014889828860759735 -0.021279098466038704 -0.004273818805813789
v 0.014891034923493862 -0.02098667249083519 -0.004961471073329449
v 0.014889915473759174 -0.021301940083503723 -0.004212680272758007
v -0.014889828860759735 -0.021279098466038704 -0.004273818805813789
v 0.014889915473759174 -0.021301940083503723 -0.004212680272758007
v -0.014889361336827278 -0.021397622302174568 -0.003941595554351807
v -0.014889361336827278 -0.021397622302174568 -0.003941595554351807
v 0.014889915473759174 -0.021301940083503723 -0.004212680272758007
v 0.01488951314240694 -0.021397622302174568 -0.003941595554351807
v -0.014889361336827278 -0.021397622302174568 -0.003941595554351807
v 0.01488951314240694 -0.021397622302174568 -0.003941595554351807
v -0.014887982979416847 -0.021679360419511795 -0.002949780784547329
v -0.014887982979416847 -0.021679360419511795 -0.002949780784547329
v 0.01488951314240694 -0.021397622302174568 -0.003941595554351807
v -0.014886544086039066 -0.02188272774219513 -0.001900095958262682
v -0.014999999664723873 0.02250000089406967 0.013475692830979824
v 0.014999999664723873 0.02250000089406967 0.013475692830979824
v -0.014999999664723873 0.02233145944774151 0.012885069474577904
v -0.014999999664723873 0.02233145944774151 0.012885069474577904
v 0.014999999664723873 0.02250000089406967 0.013475692830979824
v 0.014999999664723873 0.02231467142701149 0.01281724963337183
v -0.014999999664723873 0.02233145944774151 0.012885069474577904
v 0.014999999664723873 0.02231467142701149 0.01281724963337183
v -0.014999999664723873 0.022156108170747757 0.01205036323517561
v -0.014999999664723873 0.022156108170747757 0.01205036323517561
v 0.014999999664723873 0.02231467142701149 0.01281724963337183
v 0.014999999664723873 0.022154459729790688 0.012040792033076286
v -0.014999999664723873 0.022156108170747757 0.01205036323517561
v 0.014999999664723873 0.022154459729790688 0.012040792033076286
v -0.014999999664723873 0.022020632401108742 0.011052037589251995
v -0.014999999664723873 0.022020632401108742 0.011052037589251995
v 0.014999999664723873 0.022154459729790688 0.012040792033076286
v 0.014999999664723873 0.02203034982085228 0.011144385673105717
v -0.014999999664723873 0.022020632401108742 0.011052037589251995
v 0.014999999664723873 0.02203034982085228 0.011144385673105717
v -0.014999999664723873 0.021951325237751007 0.010164531879127026
v -0.014999999664723873 0.021951325237751007 0.010164531879127026
v 0.014999999664723873 0.02203034982085228 0.011144385673105717
v 0.014999999664723873 0.021947544068098068 0.010094857774674892
v -0.014999999664723873 0.021951325237751007 0.010164531879127026
v 0.014999999664723873 0.021947544068098068 0.010094857774674892
v 0.014999999664723873 0.02191239781677723 0.008851306512951851
v 0.014999999664723873 -0.02192184329032898 0.007689239922910929
v 0.014999999664723873 -0.02191600203514099 0.008017020300030708
v -0.014999999664723873 -0.02191600203514099 0.008017020300030708
v -0.014999999664723873 -0.02191600203514099 0.008017020300030708
v 0.014999999664723873 -0.02191600203514099 0.008017020300030708
v 0.014999999664723873 -0.0219138003885746 0.00819362886250019
v -0.014999999664723873 -0.02191600203514099 0.008017020300030708
v 0.014999999664723873 -0.0219138003885746 0.00819362886250019
v -0.014999999664723873 -0.02191239781677723 0.008851306512951851
v -0.014999999664723873 -0.02191239781677723 0.008851306512951851
v 0.014999999664723873 -0.0219138003885746 0.00819362886250019
v 0.014999999664723873 -0.021934233605861664 0.009808612987399101
v 0.014999999664723873 -0.02250000089406967 0.013475692830979824
v -0.014999999664723873 -0.02250000089406967 0.013475692830979824
v 0.014999999664723873 -0.02233145944774151 0.012885069474577904
v 0.014999999664723873 -0.02233145944774151 0.012885069474577904
v -0.014999999664723873 -0.02250000089406967 0.013475692830979824
v -0.014999999664723873 -0.02231467142701149 0.01281724963337183
v 0.014999999664723873 -0.02233145944774151 0.012885069474577904
v -0.014999999664723873 -0.02231467142701149 0.01281724963337183
v 0.014999999664723873 -0.022156108170747757 0.01205036323517561
v 0.014999999664723873 -0.022156108170747757 0.01205036323517561
v -0.014999999664723873 -0.02231467142701149 0.01281724963337183
v -0.014999999664723873 -0.022154459729790688 0.012040792033076286
v 0.014999999664723873 -0.022156108170747757 0.01205036323517561
v -0.014999999664723873 -0.022154459729790688 0.012040792033076286
v 0.014999999664723873 -0.022044043987989426 0.01126678753644228
v 0.014999999664723873 -0.022044043987989426 0.01126678753644228
v -0.014999999664723873 -0.022154459729790688 0.012040792033076286
v -0.014999999664723873 -0.022044043987989426 0.01126678753644228
v 0.014999999664723873 -0.022044043987989426 0.01126678753644228
v -0.014999999664723873 -0.022044043987989426 0.01126678753644228
v 0.014999999664723873 -0.022020632401108742 0.011052037589251995
v 0.014999999664723873 -0.022020632401108742 0.011052037589251995
v -0.014999999664723873 -0.022044043987989426 0.01126678753644228
v -0.014999999664723873 -0.02203034982085228 0.011144385673105717
v 0.014999999664723873 -0.022020632401108742 0.011052037589251995
v -0.014999999664723873 -0.02203034982085228 0.011144385673105717
v 0.014999999664723873 -0.021934233605861664 0.009808612987399101
v 0.014999999664723873 -0.021934233605861664 0.009808612987399101
v -0.014999999664723873 -0.02203034982085228 0.011144385673105717
v -0.014999999664723873 -0.021947544068098068 0.010094857774674892
v 0.014999999664723873 -0.021934233605861664 0.009808612987399101
v -0.014999999664723873 -0.021947544068098068 0.010094857774674892
v -0.014999999664723873 -0.02191239781677723 0.008851306512951851
v 0.014999999664723873 -0.02191600203514099 0.008017020300030708
v 0.014999999664723873 -0.02192184329032898 0.007689239922910929
v 0.017588190734386444 -0.021581176668405533 0.007682067807763815
v 0.016196295619010925 -0.02242458611726761 0.013475692830979824
v 0.014999999664723873 -0.02250000089406967 0.013475692830979824
v 0.014999999664723873 -0.02233145944774151 0.012885069474577904
v 0.021250000223517418 -0.019732346758246422 0.007475692313164473
v 0.021250000223517418 -0.019871803000569344 0.003879111260175705
v 0.02207106724381447 -0.019137168303132057 0.003850796725600958
v 0.02049368992447853 -0.02047133818268776 0.0014756923774257302
v 0.019999999552965164 -0.020775796845555305 0.0014756923774257302
v 0.019999999552965164 -0.020775476470589638 0.001419462263584137
v 0.02049368992447853 -0.02047133818268776 0.0014756923774257302
v 0.019999999552965164 -0.020775476470589638 0.001419462263584137
v 0.021250000223517418 -0.01992177963256836 0.0014756923774257302
v 0.021250000223517418 -0.01992177963256836 0.0014756923774257302
v 0.019999999552965164 -0.020775476470589638 0.001419462263584137
v 0.02207106724381447 -0.019186323508620262 0.0014297806192189455
v 0.021250000223517418 -0.01992177963256836 0.0014756923774257302
v 0.02207106724381447 -0.019186323508620262 0.0014297806192189455
v 0.021250000223517418 -0.019918974488973618 0.002161208773031831
v 0.017417866736650467 -0.021629957482218742 0.007475692313164473
v 0.017588190734386444 -0.02158590778708458 0.007475692313164473
v 0.017588190734386444 -0.021581176668405533 0.007682067807763815
v 0.017588190734386444 -0.021581176668405533 0.007682067807763815
v 0.017588190734386444 -0.02158590778708458 0.007475692313164473
v 0.018309323117136955 -0.02136312611401081 0.007475692313164473
v 0.017588190734386444 -0.021581176668405533 0.007682067807763815
v 0.018309323117136955 -0.02136312611401081 0.007475692313164473
v 0.019999999552965164 -0.020582394674420357 0.007661040406674147
v 0.019999999552965164 -0.020582394674420357 0.007661040406674147
v 0.018309323117136955 -0.02136312611401081 0.007475692313164473
v 0.01943827047944069 -0.02088756300508976 0.007475692313164473
v 0.019999999552965164 -0.020582394674420357 0.007661040406674147
v 0.01943827047944069 -0.02088756300508976 0.007475692313164473
v 0.020000003278255463 -0.02058660052716732 0.007475692313164473
v 0.017417866736650467 -0.021629957482218742 0.007475692313164473
v 0.017588190734386444 -0.021581176668405533 0.007682067807763815
v 0.016222579404711723 -0.021851714700460434 0.007475692313164473
v 0.016222579404711723 -0.021851714700460434 0.007475692313164473
v 0.017588190734386444 -0.021581176668405533 0.007682067807763815
v 0.014999999664723873 -0.02192184329032898 0.007689239922910929
v 0.016222579404711723 -0.021851714700460434 0.007475692313164473
v 0.014999999664723873 -0.02192184329032898 0.007689239922910929
v 0.014999999664723873 -0.021926753222942352 0.007475692313164473
v 0.017588190734386444 -0.022000981494784355 0.012968073599040508
v 0.017588336020708084 -0.022142674773931503 0.013475692830979824
v 0.017368340864777565 -0.022201597690582275 0.013475692830979824
v 0.02107524685561657 -0.020359283313155174 0.013475692830979824
v 0.020398316904902458 -0.020850390195846558 0.013475692830979824
v 0.019999999552965164 -0.021032070741057396 0.013211430981755257
v 0.019999999552965164 -0.021032070741057396 0.013211430981755257
v 0.020398316904902458 -0.020850390195846558 0.013475692830979824
v 0.019343558698892593 -0.0214625783264637 0.013475692830979824
v 0.019999999552965164 -0.021032070741057396 0.013211430981755257
v 0.019343558698892593 -0.0214625783264637 0.013475692830979824
v 0.017588190734386444 -0.022000981494784355 0.012968073599040508
v 0.017588190734386444 -0.022000981494784355 0.012968073599040508
v 0.019343558698892593 -0.0214625783264637 0.013475692830979824
v 0.018220195546746254 -0.021942032501101494 0.013475692830979824
v 0.017588190734386444 -0.022000981494784355 0.012968073599040508
v 0.018220195546746254 -0.021942032501101494 0.013475692830979824
v 0.017588336020708084 -0.022142674773931503 0.013475692830979824
v 0.02207106724381447 -0.019269851967692375 0.01254852395504713
v 0.02207104116678238 -0.01946055330336094 0.013475692830979824
v 0.022001247853040695 -0.019531652331352234 0.013475692830979824
v 0.02207106724381447 -0.019269851967692375 0.01254852395504713
v 0.022001247853040695 -0.019531652331352234 0.013475692830979824
v 0.019999999552965164 -0.020835883915424347 0.012278230860829353
v 0.02366025373339653 -0.017228959128260612 0.012900777161121368
v 0.023660093545913696 -0.017338523641228676 0.013475692830979824
v 0.023336347192525864 -0.017872996628284454 0.013475692830979824
v 0.02366025373339653 -0.017228959128260612 0.012900777161121368
v 0.023336347192525864 -0.017872996628284454 0.013475692830979824
v 0.02207106724381447 -0.019269851967692375 0.01254852395504713
v 0.02207106724381447 -0.019269851967692375 0.01254852395504713
v 0.023336347192525864 -0.017872996628284454 0.013475692830979824
v 0.022817231714725494 -0.018603259697556496 0.013475692830979824
v 0.02207106724381447 -0.019269851967692375 0.01254852395504713
v 0.022817231714725494 -0.018603259697556496 0.013475692830979824
v 0.02207104116678238 -0.01946055330336094 0.013475692830979824
v 0.02492722123861313 -0.013476460240781307 0.013475692830979824
v 0.02470681071281433 -0.014693967998027802 0.013475692830979824
v 0.024659257382154465 -0.014852290973067284 0.013310983777046204
v 0.024659257382154465 -0.014852290973067284 0.013310983777046204
v 0.02470681071281433 -0.014693967998027802 0.013475692830979824
v 0.024425696581602097 -0.015646079555153847 0.013475692830979824
v 0.024659257382154465 -0.014852290973067284 0.013310983777046204
v 0.024425696581602097 -0.015646079555153847 0.013475692830979824
v 0.02366025373339653 -0.017228959128260612 0.012900777161121368
v 0.02366025373339653 -0.017228959128260612 0.012900777161121368
v 0.024425696581602097 -0.015646079555153847 0.013475692830979824
v 0.023949947208166122 -0.016787825152277946 0.013475692830979824
v 0.02366025373339653 -0.017228959128260612 0.012900777161121368
v 0.023949947208166122 -0.016787825152277946 0.013475692830979824
v 0.023660093545913696 -0.017338523641228676 0.013475692830979824
v 0.024659257382154465 -0.014647410251200199 0.011807367205619812
v 0.02500000037252903 -0.01207269448786974 0.012071127071976662
v 0.02500000037252903 -0.012255985289812088 0.013475692830979824
v 0.014999999664723873 -0.022115558385849 0.0014756923774257302
v 0.014999999664723873 -0.0221151951700449 0.001410763361491263
v 0.016222750768065453 -0.02204051986336708 0.0014756923774257302
v 0.016222750768065453 -0.02204051986336708 0.0014756923774257302
v 0.014999999664723873 -0.0221151951700449 0.001410763361491263
v 0.017588190734386444 -0.02177445963025093 0.0014129758346825838
v 0.016222750768065453 -0.02204051986336708 0.0014756923774257302
v 0.017588190734386444 -0.02177445963025093 0.0014129758346825838
v 0.01741819642484188 -0.021818768233060837 0.0014756923774257302
v 0.019999999552965164 -0.020775796845555305 0.0014756923774257302
v 0.019439036026597023 -0.021076291799545288 0.0014756923774257302
v 0.019999999552965164 -0.020775476470589638 0.001419462263584137
v 0.019999999552965164 -0.020775476470589638 0.001419462263584137
v 0.019439036026597023 -0.021076291799545288 0.0014756923774257302
v 0.018310025334358215 -0.02155185118317604 0.0014756923774257302
v 0.019999999552965164 -0.020775476470589638 0.001419462263584137
v 0.018310025334358215 -0.02155185118317604 0.0014756923774257302
v 0.017588190734386444 -0.02177445963025093 0.0014129758346825838
v 0.017588190734386444 -0.02177445963025093 0.0014129758346825838
v 0.018310025334358215 -0.02155185118317604 0.0014756923774257302
v 0.017588190734386444 -0.021774813532829285 0.0014756923774257302
v 0.017588190734386444 -0.02177445963025093 0.0014129758346825838
v 0.017588190734386444 -0.021774813532829285 0.0014756923774257302
v 0.01741819642484188 -0.021818768233060837 0.0014756923774257302
v 0.02500000037252903 -0.01211540587246418 0.0014756923774257302
v 0.02500000037252903 -0.012113332748413086 0.0020639761351048946
v 0.024659257382154465 -0.014703541062772274 0.0014588875928893685
v 0.024659257382154465 -0.014703541062772274 0.0014588875928893685
v 0.02500000037252903 -0.012113332748413086 0.0020639761351048946
v 0.024659257382154465 -0.01470132265239954 0.0020962138660252094
v 0.024659257382154465 -0.014703541062772274 0.0014588875928893685
v 0.024659257382154465 -0.01470132265239954 0.0020962138660252094
v 0.02366025373339653 -0.01711530052125454 0.0014432278694584966
v 0.02366025373339653 -0.01711530052125454 0.0014432278694584966
v 0.024659257382154465 -0.01470132265239954 0.0020962138660252094
v 0.02366025373339653 -0.017112944275140762 0.00212625483982265
v 0.02366025373339653 -0.01711530052125454 0.0014432278694584966
v 0.02366025373339653 -0.017112944275140762 0.00212625483982265
v 0.02207106724381447 -0.019186323508620262 0.0014297806192189455
v 0.02207106724381447 -0.019186323508620262 0.0014297806192189455
v 0.02366025373339653 -0.017112944275140762 0.00212625483982265
v 0.02207106724381447 -0.019183851778507233 0.002152051543816924
v 0.02207106724381447 -0.019186323508620262 0.0014297806192189455
v 0.02207106724381447 -0.019183851778507233 0.002152051543816924
v 0.021250000223517418 -0.019918974488973618 0.002161208773031831
v 0.02500000037252903 -0.012113332748413086 0.0020639761351048946
v 0.02500000037252903 -0.012071345932781696 0.0035784633364528418
v 0.024659257382154465 -0.01470132265239954 0.0020962138660252094
v 0.024659257382154465 -0.01470132265239954 0.0020962138660252094
v 0.02500000037252903 -0.012071345932781696 0.0035784633364528418
v 0.024659257382154465 -0.01465761661529541 0.0036781441885977983
v 0.024659257382154465 -0.01470132265239954 0.0020962138660252094
v 0.024659257382154465 -0.01465761661529541 0.0036781441885977983
v 0.02366025373339653 -0.017112944275140762 0.00212625483982265
v 0.02366025373339653 -0.017112944275140762 0.00212625483982265
v 0.024659257382154465 -0.01465761661529541 0.0036781441885977983
v 0.02366025373339653 -0.01706763729453087 0.0037710322067141533
v 0.02366025373339653 -0.017112944275140762 0.00212625483982265
v 0.02366025373339653 -0.01706763729453087 0.0037710322067141533
v 0.02207106724381447 -0.019183851778507233 0.002152051543816924
v 0.02207106724381447 -0.019183851778507233 0.002152051543816924
v 0.02366025373339653 -0.01706763729453087 0.0037710322067141533
v 0.02207106724381447 -0.019137168303132057 0.003850796725600958
v 0.02207106724381447 -0.019183851778507233 0.002152051543816924
v 0.02207106724381447 -0.019137168303132057 0.003850796725600958
v 0.021250000223517418 -0.019918974488973618 0.002161208773031831
v 0.021250000223517418 -0.019918974488973618 0.002161208773031831
v 0.02207106724381447 -0.019137168303132057 0.003850796725600958
v 0.021250000223517418 -0.019871803000569344 0.003879111260175705
v 0.02500000037252903 -0.012071345932781696 0.0035784633364528418
v 0.02500000037252903 -0.011924059130251408 0.007478757295757532
v 0.024659257382154465 -0.01465761661529541 0.0036781441885977983
v 0.024659257382154465 -0.01465761661529541 0.0036781441885977983
v 0.02500000037252903 -0.011924059130251408 0.007478757295757532
v 0.024659257382154465 -0.014511676505208015 0.007533234544098377
v 0.024659257382154465 -0.01465761661529541 0.0036781441885977983
v 0.024659257382154465 -0.014511676505208015 0.007533234544098377
v 0.02366025373339653 -0.01706763729453087 0.0037710322067141533
v 0.02366025373339653 -0.01706763729453087 0.0037710322067141533
v 0.024659257382154465 -0.014511676505208015 0.007533234544098377
v 0.02366025373339653 -0.016922950744628906 0.00758399860933423
v 0.02366025373339653 -0.01706763729453087 0.0037710322067141533
v 0.02366025373339653 -0.016922950744628906 0.00758399860933423
v 0.02207106724381447 -0.019137168303132057 0.003850796725600958
v 0.02207106724381447 -0.019137168303132057 0.003850796725600958
v 0.02366025373339653 -0.016922950744628906 0.00758399860933423
v 0.02207106724381447 -0.0189935602247715 0.007627591025084257
v 0.02207106724381447 -0.019137168303132057 0.003850796725600958
v 0.02207106724381447 -0.0189935602247715 0.007627591025084257
v 0.021250000223517418 -0.019732346758246422 0.007475692313164473
v 0.021250000223517418 -0.019732346758246422 0.007475692313164473
v 0.02207106724381447 -0.0189935602247715 0.007627591025084257
v 0.019999999552965164 -0.020582394674420357 0.007661040406674147
v 0.021250000223517418 -0.019732346758246422 0.007475692313164473
v 0.019999999552965164 -0.020582394674420357 0.007661040406674147
v 0.020492883399128914 -0.02028258889913559 0.007475692313164473
v 0.020492883399128914 -0.02028258889913559 0.007475692313164473
v 0.019999999552965164 -0.020582394674420357 0.007661040406674147
v 0.020000003278255463 -0.02058660052716732 0.007475692313164473
v 0.014999999664723873 -0.0219138003885746 0.00819362886250019
v 0.014999999664723873 -0.02191600203514099 0.008017020300030708
v 0.017588190734386444 -0.021573076024651527 0.008190062828361988
v 0.017588190734386444 -0.021573076024651527 0.008190062828361988
v 0.014999999664723873 -0.02191600203514099 0.008017020300030708
v 0.017588190734386444 -0.021581176668405533 0.007682067807763815
v 0.017588190734386444 -0.021573076024651527 0.008190062828361988
v 0.017588190734386444 -0.021581176668405533 0.007682067807763815
v 0.019999999552965164 -0.02057412639260292 0.00817960686981678
v 0.019999999552965164 -0.02057412639260292 0.00817960686981678
v 0.017588190734386444 -0.021581176668405533 0.007682067807763815
v 0.019999999552965164 -0.020582394674420357 0.007661040406674147
v 0.019999999552965164 -0.02057412639260292 0.00817960686981678
v 0.019999999552965164 -0.020582394674420357 0.007661040406674147
v 0.02207106724381447 -0.018985027447342873 0.008162974379956722
v 0.02207106724381447 -0.018985027447342873 0.008162974379956722
v 0.019999999552965164 -0.020582394674420357 0.007661040406674147
v 0.02207106724381447 -0.0189935602247715 0.007627591025084257
v 0.02207106724381447 -0.018985027447342873 0.008162974379956722
v 0.02207106724381447 -0.0189935602247715 0.007627591025084257
v 0.02366025373339653 -0.01691407337784767 0.008141296915709972
v 0.02366025373339653 -0.01691407337784767 0.008141296915709972
v 0.02207106724381447 -0.0189935602247715 0.007627591025084257
v 0.02366025373339653 -0.016922950744628906 0.00758399860933423
v 0.02366025373339653 -0.01691407337784767 0.008141296915709972
v 0.02366025373339653 -0.016922950744628906 0.00758399860933423
v 0.024659257382154465 -0.014502395875751972 0.008116054348647594
v 0.024659257382154465 -0.014502395875751972 0.008116054348647594
v 0.02366025373339653 -0.016922950744628906 0.00758399860933423
v 0.024659257382154465 -0.014511676505208015 0.007533234544098377
v 0.024659257382154465 -0.014502395875751972 0.008116054348647594
v 0.024659257382154465 -0.014511676505208015 0.007533234544098377
v 0.02500000037252903 -0.011914347298443317 0.008088965900242329
v 0.02500000037252903 -0.011914347298443317 0.008088965900242329
v 0.024659257382154465 -0.014511676505208015 0.007533234544098377
v 0.02500000037252903 -0.011924059130251408 0.007478757295757532
v 0.014999999664723873 -0.021934233605861664 0.009808612987399101
v 0.014999999664723873 -0.0219138003885746 0.00819362886250019
v 0.017588190734386444 -0.021593770012259483 0.009822394698858261
v 0.017588190734386444 -0.021593770012259483 0.009822394698858261
v 0.014999999664723873 -0.0219138003885746 0.00819362886250019
v 0.017588190734386444 -0.021573076024651527 0.008190062828361988
v 0.017588190734386444 -0.021593770012259483 0.009822394698858261
v 0.017588190734386444 -0.021573076024651527 0.008190062828361988
v 0.019999999552965164 -0.02059558406472206 0.009862801991403103
v 0.019999999552965164 -0.02059558406472206 0.009862801991403103
v 0.017588190734386444 -0.021573076024651527 0.008190062828361988
v 0.019999999552965164 -0.02057412639260292 0.00817960686981678
v 0.019999999552965164 -0.02059558406472206 0.009862801991403103
v 0.019999999552965164 -0.02057412639260292 0.00817960686981678
v 0.02207106724381447 -0.019007697701454163 0.00992707908153534
v 0.02207106724381447 -0.019007697701454163 0.00992707908153534
v 0.019999999552965164 -0.02057412639260292 0.00817960686981678
v 0.02207106724381447 -0.018985027447342873 0.008162974379956722
v 0.02207106724381447 -0.019007697701454163 0.00992707908153534
v 0.02207106724381447 -0.018985027447342873 0.008162974379956722
v 0.02366025373339653 -0.01693832501769066 0.010010847821831703
v 0.02366025373339653 -0.01693832501769066 0.010010847821831703
v 0.02207106724381447 -0.018985027447342873 0.008162974379956722
v 0.02366025373339653 -0.01691407337784767 0.008141296915709972
v 0.02366025373339653 -0.01693832501769066 0.010010847821831703
v 0.02366025373339653 -0.01691407337784767 0.008141296915709972
v 0.024659257382154465 -0.014528488740324974 0.010108398273587227
v 0.024659257382154465 -0.014528488740324974 0.010108398273587227
v 0.02366025373339653 -0.01691407337784767 0.008141296915709972
v 0.024659257382154465 -0.014502395875751972 0.008116054348647594
v 0.024659257382154465 -0.014528488740324974 0.010108398273587227
v 0.024659257382154465 -0.014502395875751972 0.008116054348647594
v 0.02500000037252903 -0.011942416429519653 0.010213082656264305
v 0.02500000037252903 -0.011942416429519653 0.010213082656264305
v 0.024659257382154465 -0.014502395875751972 0.008116054348647594
v 0.02500000037252903 -0.011914347298443317 0.008088965900242329
v 0.02500000037252903 -0.011942416429519653 0.010213082656264305
v 0.02500000037252903 -0.01207269448786974 0.012071127071976662
v 0.024659257382154465 -0.014528488740324974 0.010108398273587227
v 0.024659257382154465 -0.014528488740324974 0.010108398273587227
v 0.02500000037252903 -0.01207269448786974 0.012071127071976662
v 0.024659257382154465 -0.014647410251200199 0.011807367205619812
v 0.024659257382154465 -0.014528488740324974 0.010108398273587227
v 0.024659257382154465 -0.014647410251200199 0.011807367205619812
v 0.02366025373339653 -0.01693832501769066 0.010010847821831703
v 0.02366025373339653 -0.01693832501769066 0.010010847821831703
v 0.024659257382154465 -0.014647410251200199 0.011807367205619812
v 0.02366025373339653 -0.017046663910150528 0.011561582796275616
v 0.02366025373339653 -0.01693832501769066 0.010010847821831703
v 0.02366025373339653 -0.017046663910150528 0.011561582796275616
v 0.02207106724381447 -0.019007697701454163 0.00992707908153534
v 0.02207106724381447 -0.019007697701454163 0.00992707908153534
v 0.02366025373339653 -0.017046663910150528 0.011561582796275616
v 0.02207106724381447 -0.019106948748230934 0.011350521817803383
v 0.02207106724381447 -0.019007697701454163 0.00992707908153534
v 0.02207106724381447 -0.019106948748230934 0.011350521817803383
v 0.019999999552965164 -0.02059558406472206 0.009862801991403103
v 0.019999999552965164 -0.02059558406472206 0.009862801991403103
v 0.02207106724381447 -0.019106948748230934 0.011350521817803383
v 0.019999999552965164 -0.020687861368060112 0.011188570410013199
v 0.019999999552965164 -0.02059558406472206 0.009862801991403103
v 0.019999999552965164 -0.020687861368060112 0.011188570410013199
v 0.017588190734386444 -0.021593770012259483 0.009822394698858261
v 0.017588190734386444 -0.021593770012259483 0.009822394698858261
v 0.019999999552965164 -0.020687861368060112 0.011188570410013199
v 0.017588190734386444 -0.021681664511561394 0.011086762882769108
v 0.017588190734386444 -0.021593770012259483 0.009822394698858261
v 0.017588190734386444 -0.021681664511561394 0.011086762882769108
v 0.014999999664723873 -0.021934233605861664 0.009808612987399101
v 0.014999999664723873 -0.022156108170747757 0.01205036323517561
v 0.014999999664723873 -0.022044043987989426 0.01126678753644228
v 0.017588190734386444 -0.021681664511561394 0.011086762882769108
v 0.017588190734386444 -0.021681664511561394 0.011086762882769108
v 0.014999999664723873 -0.022044043987989426 0.01126678753644228
v 0.014999999664723873 -0.022020632401108742 0.011052037589251995
v 0.017588190734386444 -0.021681664511561394 0.011086762882769108
v 0.014999999664723873 -0.022020632401108742 0.011052037589251995
v 0.014999999664723873 -0.021934233605861664 0.009808612987399101
v 0.022001247853040695 -0.019531652331352234 0.013475692830979824
v 0.02107524685561657 -0.020359283313155174 0.013475692830979824
v 0.019999999552965164 -0.020835883915424347 0.012278230860829353
v 0.019999999552965164 -0.020835883915424347 0.012278230860829353
v 0.02107524685561657 -0.020359283313155174 0.013475692830979824
v 0.019999999552965164 -0.021032070741057396 0.013211430981755257
v 0.019999999552965164 -0.020835883915424347 0.012278230860829353
v 0.019999999552965164 -0.021032070741057396 0.013211430981755257
v 0.017588190734386444 -0.02182033099234104 0.012108317576348782
v 0.017588190734386444 -0.02182033099234104 0.012108317576348782
v 0.019999999552965164 -0.021032070741057396 0.013211430981755257
v 0.017588190734386444 -0.022000981494784355 0.012968073599040508
v 0.02500000037252903 -0.012255985289812088 0.013475692830979824
v 0.02492722123861313 -0.013476460240781307 0.013475692830979824
v 0.024659257382154465 -0.014647410251200199 0.011807367205619812
v 0.024659257382154465 -0.014647410251200199 0.011807367205619812
v 0.02492722123861313 -0.013476460240781307 0.013475692830979824
v 0.024659257382154465 -0.014852290973067284 0.013310983777046204
v 0.024659257382154465 -0.014647410251200199 0.011807367205619812
v 0.024659257382154465 -0.014852290973067284 0.013310983777046204
v 0.02366025373339653 -0.017046663910150528 0.011561582796275616
v 0.02366025373339653 -0.017046663910150528 0.011561582796275616
v 0.024659257382154465 -0.014852290973067284 0.013310983777046204
v 0.02366025373339653 -0.017228959128260612 0.012900777161121368
v 0.02366025373339653 -0.017046663910150528 0.011561582796275616
v 0.02366025373339653 -0.017228959128260612 0.012900777161121368
v 0.02207106724381447 -0.019106948748230934 0.011350521817803383
v 0.02207106724381447 -0.019106948748230934 0.011350521817803383
v 0.02366025373339653 -0.017228959128260612 0.012900777161121368
v 0.02207106724381447 -0.019269851967692375 0.01254852395504713
v 0.02207106724381447 -0.019106948748230934 0.011350521817803383
v 0.02207106724381447 -0.019269851967692375 0.01254852395504713
v 0.019999999552965164 -0.020687861368060112 0.011188570410013199
v 0.019999999552965164 -0.020687861368060112 0.011188570410013199
v 0.02207106724381447 -0.019269851967692375 0.01254852395504713
v 0.019999999552965164 -0.020835883915424347 0.012278230860829353
v 0.019999999552965164 -0.020687861368060112 0.011188570410013199
v 0.019999999552965164 -0.020835883915424347 0.012278230860829353
v 0.017588190734386444 -0.021681664511561394 0.011086762882769108
v 0.017588190734386444 -0.021681664511561394 0.011086762882769108
v 0.019999999552965164 -0.020835883915424347 0.012278230860829353
v 0.017588190734386444 -0.02182033099234104 0.012108317576348782
v 0.017588190734386444 -0.021681664511561394 0.011086762882769108
v 0.017588190734386444 -0.02182033099234104 0.012108317576348782
v 0.014999999664723873 -0.022156108170747757 0.01205036323517561
v 0.014999999664723873 -0.022156108170747757 0.01205036323517561
v 0.017588190734386444 -0.02182033099234104 0.012108317576348782
v 0.017588190734386444 -0.022000981494784355 0.012968073599040508
v 0.014999999664723873 -0.022156108170747757 0.01205036323517561
v 0.017588190734386444 -0.022000981494784355 0.012968073599040508
v 0.014999999664723873 -0.02233145944774151 0.012885069474577904
v 0.014999999664723873 -0.02233145944774151 0.012885069474577904
v 0.017588190734386444 -0.022000981494784355 0.012968073599040508
v 0.017368340864777565 -0.022201597690582275 0.013475692830979824
v 0.014999999664723873 -0.02233145944774151 0.012885069474577904
v 0.017368340864777565 -0.022201597690582275 0.013475692830979824
v 0.016196295619010925 -0.02242458611726761 0.013475692830979824
v 0.01708349958062172 -0.02159895934164524 -0.0021136831492185593
v 0.01742657646536827 -0.02150912769138813 -0.002139581134542823
v 0.017467418685555458 -0.021599147468805313 -0.001533753820694983
v 0.02482682466506958 -0.012012839317321777 -0.0014617800479754806
v 0.02485661581158638 -0.012033311650156975 -0.0011980003910139203
v 0.0245429128408432 -0.014181212522089481 -0.0017828868003562093
v 0.0245429128408432 -0.014181212522089481 -0.0017828868003562093
v 0.02485661581158638 -0.012033311650156975 -0.0011980003910139203
v 0.024491138756275177 -0.014583739452064037 -0.0014601186849176884
v 0.023430099710822105 -0.01690191775560379 -0.0020962690468877554
v 0.023783419281244278 -0.016252588480710983 -0.0020318569149821997
v 0.02348332479596138 -0.016963111236691475 -0.0016329273348674178
v 0.02348332479596138 -0.016963111236691475 -0.0016329273348674178
v 0.023783419281244278 -0.016252588480710983 -0.0020318569149821997
v 0.024016762152314186 -0.01574905589222908 -0.0019770986400544643
v 0.02348332479596138 -0.016963111236691475 -0.0016329273348674178
v 0.024016762152314186 -0.01574905589222908 -0.0019770986400544643
v 0.024491138756275177 -0.014583739452064037 -0.0014601186849176884
v 0.024491138756275177 -0.014583739452064037 -0.0014601186849176884
v 0.024016762152314186 -0.01574905589222908 -0.0019770986400544643
v 0.02444681152701378 -0.014543008990585804 -0.0018306984566152096
v 0.024491138756275177 -0.014583739452064037 -0.0014601186849176884
v 0.02444681152701378 -0.014543008990585804 -0.0018306984566152096
v 0.0245429128408432 -0.014181212522089481 -0.0017828868003562093
v 0.02184535190463066 -0.018933625891804695 -0.00224110740236938
v 0.021851738914847374 -0.018927283585071564 -0.002240825677290559
v 0.02190076746046543 -0.0190118420869112 -0.0017048362642526627
v 0.02190076746046543 -0.0190118420869112 -0.0017048362642526627
v 0.021851738914847374 -0.018927283585071564 -0.002240825677290559
v 0.022584032267332077 -0.01811707392334938 -0.002194936852902174
v 0.02190076746046543 -0.0190118420869112 -0.0017048362642526627
v 0.022584032267332077 -0.01811707392334938 -0.002194936852902174
v 0.02348332479596138 -0.016963111236691475 -0.0016329273348674178
v 0.02348332479596138 -0.016963111236691475 -0.0016329273348674178
v 0.022584032267332077 -0.01811707392334938 -0.002194936852902174
v 0.023090999573469162 -0.017435234040021896 -0.002143386285752058
v 0.02348332479596138 -0.016963111236691475 -0.0016329273348674178
v 0.023090999573469162 -0.017435234040021896 -0.002143386285752058
v 0.023430099710822105 -0.01690191775560379 -0.0020962690468877554
v 0.019167808815836906 -0.02084258943796158 -0.0022365697659552097
v 0.01979875937104225 -0.020503973588347435 -0.002255832776427269
v 0.019849609583616257 -0.020592527464032173 -0.0016710225027054548
v 0.019849609583616257 -0.020592527464032173 -0.0016710225027054548
v 0.01979875937104225 -0.020503973588347435 -0.002255832776427269
v 0.020359205082058907 -0.020152507349848747 -0.0022646512370556593
v 0.019849609583616257 -0.020592527464032173 -0.0016710225027054548
v 0.020359205082058907 -0.020152507349848747 -0.0022646512370556593
v 0.02190076746046543 -0.0190118420869112 -0.0017048362642526627
v 0.02190076746046543 -0.0190118420869112 -0.0017048362642526627
v 0.020359205082058907 -0.020152507349848747 -0.0022646512370556593
v 0.021042535081505775 -0.019650064408779144 -0.0022633131593465805
v 0.02190076746046543 -0.0190118420869112 -0.0017048362642526627
v 0.021042535081505775 -0.019650064408779144 -0.0022633131593465805
v 0.02184535190463066 -0.018933625891804695 -0.00224110740236938
v 0.017467418685555458 -0.021599147468805313 -0.001533753820694983
v 0.01742657646536827 -0.02150912769138813 -0.002139581134542823
v 0.019849609583616257 -0.020592527464032173 -0.0016710225027054548
v 0.019849609583616257 -0.020592527464032173 -0.0016710225027054548
v 0.01742657646536827 -0.02150912769138813 -0.002139581134542823
v 0.018654827028512955 -0.021077649667859077 -0.0022143253590911627
v 0.019849609583616257 -0.020592527464032173 -0.0016710225027054548
v 0.018654827028512955 -0.021077649667859077 -0.0022143253590911627
v 0.019167808815836906 -0.02084258943796158 -0.0022365697659552097
v 0.014891315251588821 -0.02189905196428299 -0.0017924972344189882
v 0.014886541292071342 -0.021882718428969383 -0.001900159171782434
v 0.016812419518828392 -0.021660951897501945 -0.0020917500369250774
v 0.01708349958062172 -0.02159895934164524 -0.0021136831492185593
v 0.017467418685555458 -0.021599147468805313 -0.001533753820694983
v 0.016812419518828392 -0.021660951897501945 -0.0020917500369250774
v 0.016812419518828392 -0.021660951897501945 -0.0020917500369250774
v 0.017467418685555458 -0.021599147468805313 -0.001533753820694983
v 0.014913969673216343 -0.021964192390441895 -0.0013022370403632522
v 0.016812419518828392 -0.021660951897501945 -0.0020917500369250774
v 0.014913969673216343 -0.021964192390441895 -0.0013022370403632522
v 0.014891315251588821 -0.02189905196428299 -0.0017924972344189882
v 0.01497624721378088 -0.022081879898905754 0.00014558124530594796
v 0.014913969673216343 -0.021964192390441895 -0.0013022370403632522
v 0.017555952072143555 -0.02173566073179245 1.7089134416892193e-05
v 0.017555952072143555 -0.02173566073179245 1.7089134416892193e-05
v 0.014913969673216343 -0.021964192390441895 -0.0013022370403632522
v 0.017467418685555458 -0.021599147468805313 -0.001533753820694983
v 0.017555952072143555 -0.02173566073179245 1.7089134416892193e-05
v 0.017467418685555458 -0.021599147468805313 -0.001533753820694983
v 0.01996046118438244 -0.020734630525112152 -6.965079955989495e-05
v 0.01996046118438244 -0.020734630525112152 -6.965079955989495e-05
v 0.017467418685555458 -0.021599147468805313 -0.001533753820694983
v 0.019849609583616257 -0.020592527464032173 -0.0016710225027054548
v 0.01996046118438244 -0.020734630525112152 -6.965079955989495e-05
v 0.019849609583616257 -0.020592527464032173 -0.0016710225027054548
v 0.022026481106877327 -0.01914677396416664 -0.00010874783038161695
v 0.022026481106877327 -0.01914677396416664 -0.00010874783038161695
v 0.019849609583616257 -0.020592527464032173 -0.0016710225027054548
v 0.02190076746046543 -0.0190118420869112 -0.0017048362642526627
v 0.022026481106877327 -0.01914677396416664 -0.00010874783038161695
v 0.02190076746046543 -0.0190118420869112 -0.0017048362642526627
v 0.0236137006431818 -0.017079925164580345 -9.75467701209709e-05
v 0.0236137006431818 -0.017079925164580345 -9.75467701209709e-05
v 0.02190076746046543 -0.0190118420869112 -0.0017048362642526627
v 0.02348332479596138 -0.016963111236691475 -0.0016329273348674178
v 0.0236137006431818 -0.017079925164580345 -9.75467701209709e-05
v 0.02348332479596138 -0.016963111236691475 -0.0016329273348674178
v 0.024614330381155014 -0.01467445120215416 -3.6808312870562077e-05
v 0.024614330381155014 -0.01467445120215416 -3.6808312870562077e-05
v 0.02348332479596138 -0.016963111236691475 -0.0016329273348674178
v 0.024491138756275177 -0.014583739452064037 -0.0014601186849176884
v 0.024614330381155014 -0.01467445120215416 -3.6808312870562077e-05
v 0.024491138756275177 -0.014583739452064037 -0.0014601186849176884
v 0.024960411712527275 -0.012093712575733662 6.934263365110382e-05
v 0.024960411712527275 -0.012093712575733662 6.934263365110382e-05
v 0.024491138756275177 -0.014583739452064037 -0.0014601186849176884
v 0.02485661581158638 -0.012033311650156975 -0.0011980003910139203
v 0.014999999664723873 -0.0221151951700449 0.001410763361491263
v 0.01497624721378088 -0.022081879898905754 0.00014558124530594796
v 0.017588190734386444 -0.02177445963025093 0.0014129758346825838
v 0.017588190734386444 -0.02177445963025093 0.0014129758346825838
v 0.01497624721378088 -0.022081879898905754 0.00014558124530594796
v 0.017555952072143555 -0.02173566073179245 1.7089134416892193e-05
v 0.017588190734386444 -0.02177445963025093 0.0014129758346825838
v 0.017555952072143555 -0.02173566073179245 1.7089134416892193e-05
v 0.019999999552965164 -0.020775476470589638 0.001419462263584137
v 0.019999999552965164 -0.020775476470589638 0.001419462263584137
v 0.017555952072143555 -0.02173566073179245 1.7089134416892193e-05
v 0.01996046118438244 -0.020734630525112152 -6.965079955989495e-05
v 0.019999999552965164 -0.020775476470589638 0.001419462263584137
v 0.01996046118438244 -0.020734630525112152 -6.965079955989495e-05
v 0.02207106724381447 -0.019186323508620262 0.0014297806192189455
v 0.02207106724381447 -0.019186323508620262 0.0014297806192189455
v 0.01996046118438244 -0.020734630525112152 -6.965079955989495e-05
v 0.022026481106877327 -0.01914677396416664 -0.00010874783038161695
v 0.02207106724381447 -0.019186323508620262 0.0014297806192189455
v 0.022026481106877327 -0.01914677396416664 -0.00010874783038161695
v 0.02366025373339653 -0.01711530052125454 0.0014432278694584966
v 0.02366025373339653 -0.01711530052125454 0.0014432278694584966
v 0.022026481106877327 -0.01914677396416664 -0.00010874783038161695
v 0.0236137006431818 -0.017079925164580345 -9.75467701209709e-05
v 0.02366025373339653 -0.01711530052125454 0.0014432278694584966
v 0.0236137006431818 -0.017079925164580345 -9.75467701209709e-05
v 0.024659257382154465 -0.014703541062772274 0.0014588875928893685
v 0.024659257382154465 -0.014703541062772274 0.0014588875928893685
v 0.0236137006431818 -0.017079925164580345 -9.75467701209709e-05
v 0.024614330381155014 -0.01467445120215416 -3.6808312870562077e-05
v 0.024659257382154465 -0.014703541062772274 0.0014588875928893685
v 0.024614330381155014 -0.01467445120215416 -3.6808312870562077e-05
v 0.02500000037252903 -0.01211540587246418 0.0014756923774257302
v 0.02500000037252903 -0.01211540587246418 0.0014756923774257302
v 0.024614330381155014 -0.01467445120215416 -3.6808312870562077e-05
v 0.024960411712527275 -0.012093712575733662 6.934263365110382e-05
v 0.024568265303969383 -0.01377238892018795 -0.0021042381413280964
v 0.02482682466506958 -0.012012839317321777 -0.0014617800479754806
v 0.0245429128408432 -0.014181212522089481 -0.0017828868003562093
v 0.022884871810674667 -0.015712160617113113 -0.00500319292768836
v 0.023190513253211975 -0.01453336887061596 -0.005271883215755224
v 0.023438354954123497 -0.014312203042209148 -0.004949898459017277
v 0.022884871810674667 -0.015712160617113113 -0.00500319292768836
v 0.023438354954123497 -0.014312203042209148 -0.004949898459017277
v 0.02384745329618454 -0.014546278864145279 -0.0039329687133431435
v 0.021710069850087166 -0.017712119966745377 -0.004819052759557962
v 0.021646466106176376 -0.01675340160727501 -0.005912477616220713
v 0.0229470357298851 -0.016465431079268456 -0.004148038104176521
v 0.0229470357298851 -0.016465431079268456 -0.004148038104176521
v 0.021646466106176376 -0.01675340160727501 -0.005912477616220713
v 0.022884871810674667 -0.015712160617113113 -0.00500319292768836
v 0.0229470357298851 -0.016465431079268456 -0.004148038104176521
v 0.022884871810674667 -0.015712160617113113 -0.00500319292768836
v 0.023899424821138382 -0.01506294310092926 -0.0033452040515840054
v 0.023899424821138382 -0.01506294310092926 -0.0033452040515840054
v 0.022884871810674667 -0.015712160617113113 -0.00500319292768836
v 0.02384745329618454 -0.014546278864145279 -0.0039329687133431435
v 0.023899424821138382 -0.01506294310092926 -0.0033452040515840054
v 0.02384745329618454 -0.014546278864145279 -0.0039329687133431435
v 0.02453366294503212 -0.013558879494667053 -0.0024388558231294155
v 0.02453366294503212 -0.013558879494667053 -0.0024388558231294155
v 0.02384745329618454 -0.014546278864145279 -0.0039329687133431435
v 0.024502824991941452 -0.01329750381410122 -0.00273759663105011
v 0.02436642535030842 -0.013188735581934452 -0.003275146009400487
v 0.024502824991941452 -0.01329750381410122 -0.00273759663105011
v 0.024289503693580627 -0.013311625458300114 -0.003461248939856887
v 0.024289503693580627 -0.013311625458300114 -0.003461248939856887
v 0.024502824991941452 -0.01329750381410122 -0.00273759663105011
v 0.02384745329618454 -0.014546278864145279 -0.0039329687133431435
v 0.024289503693580627 -0.013311625458300114 -0.003461248939856887
v 0.02384745329618454 -0.014546278864145279 -0.0039329687133431435
v 0.023806128650903702 -0.0139376912266016 -0.004398524295538664
v 0.023806128650903702 -0.0139376912266016 -0.004398524295538664
v 0.02384745329618454 -0.014546278864145279 -0.0039329687133431435
v 0.023438354954123497 -0.014312203042209148 -0.004949898459017277
v 0.01959855854511261 -0.01646117866039276 -0.007909098640084267
v 0.020135408267378807 -0.016267823055386543 -0.007665485609322786
v 0.020177487283945084 -0.01763484813272953 -0.0066325487568974495
v 0.020177487283945084 -0.01763484813272953 -0.0066325487568974495
v 0.020135408267378807 -0.016267823055386543 -0.007665485609322786
v 0.02039051242172718 -0.016167359426617622 -0.0075360871851444244
v 0.016267992556095123 -0.017216738313436508 -0.00871519185602665
v 0.016733674332499504 -0.01715138554573059 -0.008666482754051685
v 0.016748467460274696 -0.018815934658050537 -0.007439743727445602
v 0.016748467460274696 -0.018815934658050537 -0.007439743727445602
v 0.016733674332499504 -0.01715138554573059 -0.008666482754051685
v 0.01732046529650688 -0.017051588743925095 -0.00857738871127367
v 0.014894894324243069 -0.01913454942405224 -0.007421751972287893
v 0.016748467460274696 -0.018815934658050537 -0.007439743727445602
v 0.014894451014697552 -0.019423410296440125 -0.007151011377573013
v 0.014894451014697552 -0.019423410296440125 -0.007151011377573013
v 0.016748467460274696 -0.018815934658050537 -0.007439743727445602
v 0.01675821654498577 -0.019543541595339775 -0.006709963548928499
v 0.014894451014697552 -0.019423410296440125 -0.007151011377573013
v 0.01675821654498577 -0.019543541595339775 -0.006709963548928499
v 0.014893785119056702 -0.019817139953374863 -0.00673824455589056
v 0.014893785119056702 -0.019817139953374863 -0.00673824455589056
v 0.01675821654498577 -0.019543541595339775 -0.006709963548928499
v 0.01676875166594982 -0.02017698995769024 -0.005899258889257908
v 0.014893785119056702 -0.019817139953374863 -0.00673824455589056
v 0.01676875166594982 -0.02017698995769024 -0.005899258889257908
v 0.014892562292516232 -0.020419036969542503 -0.00596075551584363
v 0.014892562292516232 -0.020419036969542503 -0.00596075551584363
v 0.01676875166594982 -0.02017698995769024 -0.005899258889257908
v 0.014892099425196648 -0.020610332489013672 -0.005660726223140955
v 0.02032785303890705 -0.019931571558117867 -0.0030747235286980867
v 0.020359205082058907 -0.020152507349848747 -0.0022646512370556593
v 0.01979875937104225 -0.020503973588347435 -0.002255832776427269
v 0.021781567484140396 -0.018454978242516518 -0.0035764044150710106
v 0.021851738914847374 -0.018927283585071564 -0.002240825677290559
v 0.02184535190463066 -0.018933625891804695 -0.00224110740236938
v 0.021781567484140396 -0.018454978242516518 -0.0035764044150710106
v 0.02184535190463066 -0.018933625891804695 -0.00224110740236938
v 0.02029561437666416 -0.01962083764374256 -0.0038628168404102325
v 0.020359205082058907 -0.020152507349848747 -0.0022646512370556593
v 0.02032785303890705 -0.019931571558117867 -0.0030747235286980867
v 0.021042535081505775 -0.019650064408779144 -0.0022633131593465805
v 0.01979875937104225 -0.020503973588347435 -0.002255832776427269
v 0.01863396354019642 -0.020846180617809296 -0.0031354995444417
v 0.02032785303890705 -0.019931571558117867 -0.0030747235286980867
v 0.02032785303890705 -0.019931571558117867 -0.0030747235286980867
v 0.01863396354019642 -0.020846180617809296 -0.0031354995444417
v 0.02029561437666416 -0.01962083764374256 -0.0038628168404102325
v 0.02032785303890705 -0.019931571558117867 -0.0030747235286980867
v 0.02029561437666416 -0.01962083764374256 -0.0038628168404102325
v 0.021042535081505775 -0.019650064408779144 -0.0022633131593465805
v 0.021042535081505775 -0.019650064408779144 -0.0022633131593465805
v 0.02029561437666416 -0.01962083764374256 -0.0038628168404102325
v 0.02184535190463066 -0.018933625891804695 -0.00224110740236938
v 0.01742657646536827 -0.02150912769138813 -0.002139581134542823
v 0.01708349958062172 -0.02159895934164524 -0.0021136831492185593
v 0.016802065074443817 -0.021438512951135635 -0.0030957297421991825
v 0.01979875937104225 -0.020503973588347435 -0.002255832776427269
v 0.019167808815836906 -0.02084258943796158 -0.0022365697659552097
v 0.01863396354019642 -0.020846180617809296 -0.0031354995444417
v 0.01863396354019642 -0.020846180617809296 -0.0031354995444417
v 0.019167808815836906 -0.02084258943796158 -0.0022365697659552097
v 0.018654827028512955 -0.021077649667859077 -0.0022143253590911627
v 0.01863396354019642 -0.020846180617809296 -0.0031354995444417
v 0.018654827028512955 -0.021077649667859077 -0.0022143253590911627
v 0.01742657646536827 -0.02150912769138813 -0.002139581134542823
v 0.01708349958062172 -0.02159895934164524 -0.0021136831492185593
v 0.016812419518828392 -0.021660951897501945 -0.0020917500369250774
v 0.016802065074443817 -0.021438512951135635 -0.0030957297421991825
v 0.016802065074443817 -0.021438512951135635 -0.0030957297421991825
v 0.016812419518828392 -0.021660951897501945 -0.0020917500369250774
v 0.014886541292071342 -0.021882718428969383 -0.001900159171782434
v 0.016802065074443817 -0.021438512951135635 -0.0030957297421991825
v 0.014886541292071342 -0.021882718428969383 -0.001900159171782434
v 0.014888055622577667 -0.021679885685443878 -0.0029475584160536528
v 0.014889915473759174 -0.021301940083503723 -0.004212680272758007
v 0.014891034923493862 -0.02098667249083519 -0.004961471073329449
v 0.01677972637116909 -0.020703991875052452 -0.005015976261347532
v 0.01488951314240694 -0.021397622302174568 -0.003941595554351807
v 0.014889915473759174 -0.021301940083503723 -0.004212680272758007
v 0.016790933907032013 -0.021122626960277557 -0.004075787495821714
v 0.016790933907032013 -0.021122626960277557 -0.004075787495821714
v 0.014889915473759174 -0.021301940083503723 -0.004212680272758007
v 0.01677972637116909 -0.020703991875052452 -0.005015976261347532
v 0.016790933907032013 -0.021122626960277557 -0.004075787495821714
v 0.01677972637116909 -0.020703991875052452 -0.005015976261347532
v 0.018589463084936142 -0.02010103315114975 -0.004891686607152224
v 0.018589463084936142 -0.02010103315114975 -0.004891686607152224
v 0.01677972637116909 -0.020703991875052452 -0.005015976261347532
v 0.018567226827144623 -0.019593093544244766 -0.005703941453248262
v 0.018589463084936142 -0.02010103315114975 -0.004891686607152224
v 0.018567226827144623 -0.019593093544244766 -0.005703941453248262
v 0.02023293450474739 -0.018764210864901543 -0.005341119598597288
v 0.02023293450474739 -0.018764210864901543 -0.005341119598597288
v 0.018567226827144623 -0.019593093544244766 -0.005703941453248262
v 0.018545841798186302 -0.019000332802534103 -0.006457997485995293
v 0.02023293450474739 -0.018764210864901543 -0.005341119598597288
v 0.018545841798186302 -0.019000332802534103 -0.006457997485995293
v 0.020177487283945084 -0.01763484813272953 -0.0066325487568974495
v 0.020177487283945084 -0.01763484813272953 -0.0066325487568974495
v 0.018545841798186302 -0.019000332802534103 -0.006457997485995293
v 0.0185256227850914 -0.018330179154872894 -0.007145946379750967
v 0.020177487283945084 -0.01763484813272953 -0.0066325487568974495
v 0.0185256227850914 -0.018330179154872894 -0.007145946379750967
v 0.01959855854511261 -0.01646117866039276 -0.007909098640084267
v 0.01959855854511261 -0.01646117866039276 -0.007909098640084267
v 0.0185256227850914 -0.018330179154872894 -0.007145946379750967
v 0.0184160303324461 -0.01681036688387394 -0.008323850110173225
v 0.014888055622577667 -0.021679885685443878 -0.0029475584160536528
v 0.01488951314240694 -0.021397622302174568 -0.003941595554351807
v 0.016802065074443817 -0.021438512951135635 -0.0030957297421991825
v 0.016802065074443817 -0.021438512951135635 -0.0030957297421991825
v 0.01488951314240694 -0.021397622302174568 -0.003941595554351807
v 0.016790933907032013 -0.021122626960277557 -0.004075787495821714
v 0.016802065074443817 -0.021438512951135635 -0.0030957297421991825
v 0.016790933907032013 -0.021122626960277557 -0.004075787495821714
v 0.018611984327435493 -0.020519565790891647 -0.004031672608107328
v 0.018611984327435493 -0.020519565790891647 -0.004031672608107328
v 0.016790933907032013 -0.021122626960277557 -0.004075787495821714
v 0.018589463084936142 -0.02010103315114975 -0.004891686607152224
v 0.018611984327435493 -0.020519565790891647 -0.004031672608107328
v 0.018589463084936142 -0.02010103315114975 -0.004891686607152224
v 0.020263738930225372 -0.019229406490921974 -0.0046210805885493755
v 0.020263738930225372 -0.019229406490921974 -0.0046210805885493755
v 0.018589463084936142 -0.02010103315114975 -0.004891686607152224
v 0.02023293450474739 -0.018764210864901543 -0.005341119598597288
v 0.020263738930225372 -0.019229406490921974 -0.0046210805885493755
v 0.02023293450474739 -0.018764210864901543 -0.005341119598597288
v 0.021710069850087166 -0.017712119966745377 -0.004819052759557962
v 0.021710069850087166 -0.017712119966745377 -0.004819052759557962
v 0.02023293450474739 -0.018764210864901543 -0.005341119598597288
v 0.020177487283945084 -0.01763484813272953 -0.0066325487568974495
v 0.021710069850087166 -0.017712119966745377 -0.004819052759557962
v 0.020177487283945084 -0.01763484813272953 -0.0066325487568974495
v 0.021646466106176376 -0.01675340160727501 -0.005912477616220713
v 0.021646466106176376 -0.01675340160727501 -0.005912477616220713
v 0.020177487283945084 -0.01763484813272953 -0.0066325487568974495
v 0.02039051242172718 -0.016167359426617622 -0.0075360871851444244
v 0.023957539349794388 -0.015477093867957592 -0.002683288184925914
v 0.024016762152314186 -0.01574905589222908 -0.0019770986400544643
v 0.023783419281244278 -0.016252588480710983 -0.0020318569149821997
v 0.023957539349794388 -0.015477093867957592 -0.002683288184925914
v 0.023783419281244278 -0.016252588480710983 -0.0020318569149821997
v 0.023018110543489456 -0.01705690287053585 -0.003179435385391116
v 0.024568265303969383 -0.01377238892018795 -0.0021042381413280964
v 0.0245429128408432 -0.014181212522089481 -0.0017828868003562093
v 0.023957539349794388 -0.015477093867957592 -0.002683288184925914
v 0.023957539349794388 -0.015477093867957592 -0.002683288184925914
v 0.0245429128408432 -0.014181212522089481 -0.0017828868003562093
v 0.02444681152701378 -0.014543008990585804 -0.0018306984566152096
v 0.023957539349794388 -0.015477093867957592 -0.002683288184925914
v 0.02444681152701378 -0.014543008990585804 -0.0018306984566152096
v 0.024016762152314186 -0.01574905589222908 -0.0019770986400544643
v 0.023783419281244278 -0.016252588480710983 -0.0020318569149821997
v 0.023430099710822105 -0.01690191775560379 -0.0020962690468877554
v 0.023018110543489456 -0.01705690287053585 -0.003179435385391116
v 0.023018110543489456 -0.01705690287053585 -0.003179435385391116
v 0.023430099710822105 -0.01690191775560379 -0.0020962690468877554
v 0.023090999573469162 -0.017435234040021896 -0.002143386285752058
v 0.023018110543489456 -0.01705690287053585 -0.003179435385391116
v 0.023090999573469162 -0.017435234040021896 -0.002143386285752058
v 0.021781567484140396 -0.018454978242516518 -0.0035764044150710106
v 0.021781567484140396 -0.018454978242516518 -0.0035764044150710106
v 0.023090999573469162 -0.017435234040021896 -0.002143386285752058
v 0.022584032267332077 -0.01811707392334938 -0.002194936852902174
v 0.021781567484140396 -0.018454978242516518 -0.0035764044150710106
v 0.022584032267332077 -0.01811707392334938 -0.002194936852902174
v 0.021851738914847374 -0.018927283585071564 -0.002240825677290559
v 0.014897149987518787 -0.017340440303087234 -0.008749490603804588
v 0.016267992556095123 -0.017216738313436508 -0.00871519185602665
v 0.014896576292812824 -0.01784694939851761 -0.008419419638812542
v 0.014896576292812824 -0.01784694939851761 -0.008419419638812542
v 0.016267992556095123 -0.017216738313436508 -0.00871519185602665
v 0.016748467460274696 -0.018815934658050537 -0.007439743727445602
v 0.014896576292812824 -0.01784694939851761 -0.008419419638812542
v 0.016748467460274696 -0.018815934658050537 -0.007439743727445602
v 0.014895004220306873 -0.019059399142861366 -0.007488575764000416
v 0.014895004220306873 -0.019059399142861366 -0.007488575764000416
v 0.016748467460274696 -0.018815934658050537 -0.007439743727445602
v 0.014894894324243069 -0.01913454942405224 -0.007421751972287893
v 0.02039051242172718 -0.016167359426617622 -0.0075360871851444244
v 0.02159499190747738 -0.015604659914970398 -0.006784785073250532
v 0.021646466106176376 -0.01675340160727501 -0.005912477616220713
v 0.021646466106176376 -0.01675340160727501 -0.005912477616220713
v 0.02159499190747738 -0.015604659914970398 -0.006784785073250532
v 0.022087490186095238 -0.015323331579566002 -0.006396184209734201
v 0.021646466106176376 -0.01675340160727501 -0.005912477616220713
v 0.022087490186095238 -0.015323331579566002 -0.006396184209734201
v 0.022884871810674667 -0.015712160617113113 -0.00500319292768836
v 0.022884871810674667 -0.015712160617113113 -0.00500319292768836
v 0.022087490186095238 -0.015323331579566002 -0.006396184209734201
v 0.022837046533823013 -0.01481634471565485 -0.005679551977664232
v 0.022884871810674667 -0.015712160617113113 -0.00500319292768836
v 0.022837046533823013 -0.01481634471565485 -0.005679551977664232
v 0.023190513253211975 -0.01453336887061596 -0.005271883215755224
v 0.014891034923493862 -0.02098667249083519 -0.004961471073329449
v 0.014892099425196648 -0.020610332489013672 -0.005660726223140955
v 0.01677972637116909 -0.020703991875052452 -0.005015976261347532
v 0.01677972637116909 -0.020703991875052452 -0.005015976261347532
v 0.014892099425196648 -0.020610332489013672 -0.005660726223140955
v 0.01676875166594982 -0.02017698995769024 -0.005899258889257908
v 0.01677972637116909 -0.020703991875052452 -0.005015976261347532
v 0.01676875166594982 -0.02017698995769024 -0.005899258889257908
v 0.018567226827144623 -0.019593093544244766 -0.005703941453248262
v 0.018567226827144623 -0.019593093544244766 -0.005703941453248262
v 0.01676875166594982 -0.02017698995769024 -0.005899258889257908
v 0.01675821654498577 -0.019543541595339775 -0.006709963548928499
v 0.018567226827144623 -0.019593093544244766 -0.005703941453248262
v 0.01675821654498577 -0.019543541595339775 -0.006709963548928499
v 0.018545841798186302 -0.019000332802534103 -0.006457997485995293
v 0.018545841798186302 -0.019000332802534103 -0.006457997485995293
v 0.01675821654498577 -0.019543541595339775 -0.006709963548928499
v 0.016748467460274696 -0.018815934658050537 -0.007439743727445602
v 0.018545841798186302 -0.019000332802534103 -0.006457997485995293
v 0.016748467460274696 -0.018815934658050537 -0.007439743727445602
v 0.0185256227850914 -0.018330179154872894 -0.007145946379750967
v 0.0185256227850914 -0.018330179154872894 -0.007145946379750967
v 0.016748467460274696 -0.018815934658050537 -0.007439743727445602
v 0.01732046529650688 -0.017051588743925095 -0.00857738871127367
v 0.0185256227850914 -0.018330179154872894 -0.007145946379750967
v 0.01732046529650688 -0.017051588743925095 -0.00857738871127367
v 0.0184160303324461 -0.01681036688387394 -0.008323850110173225
v 0.01742657646536827 -0.02150912769138813 -0.002139581134542823
v 0.016802065074443817 -0.021438512951135635 -0.0030957297421991825
v 0.01863396354019642 -0.020846180617809296 -0.0031354995444417
v 0.01863396354019642 -0.020846180617809296 -0.0031354995444417
v 0.016802065074443817 -0.021438512951135635 -0.0030957297421991825
v 0.018611984327435493 -0.020519565790891647 -0.004031672608107328
v 0.01863396354019642 -0.020846180617809296 -0.0031354995444417
v 0.018611984327435493 -0.020519565790891647 -0.004031672608107328
v 0.02029561437666416 -0.01962083764374256 -0.0038628168404102325
v 0.02029561437666416 -0.01962083764374256 -0.0038628168404102325
v 0.018611984327435493 -0.020519565790891647 -0.004031672608107328
v 0.020263738930225372 -0.019229406490921974 -0.0046210805885493755
v 0.02029561437666416 -0.01962083764374256 -0.0038628168404102325
v 0.020263738930225372 -0.019229406490921974 -0.0046210805885493755
v 0.021781567484140396 -0.018454978242516518 -0.0035764044150710106
v 0.021781567484140396 -0.018454978242516518 -0.0035764044150710106
v 0.020263738930225372 -0.019229406490921974 -0.0046210805885493755
v 0.021710069850087166 -0.017712119966745377 -0.004819052759557962
v 0.021781567484140396 -0.018454978242516518 -0.0035764044150710106
v 0.021710069850087166 -0.017712119966745377 -0.004819052759557962
v 0.023018110543489456 -0.01705690287053585 -0.003179435385391116
v 0.023018110543489456 -0.01705690287053585 -0.003179435385391116
v 0.021710069850087166 -0.017712119966745377 -0.004819052759557962
v 0.0229470357298851 -0.016465431079268456 -0.004148038104176521
v 0.023018110543489456 -0.01705690287053585 -0.003179435385391116
v 0.0229470357298851 -0.016465431079268456 -0.004148038104176521
v 0.023957539349794388 -0.015477093867957592 -0.002683288184925914
v 0.023957539349794388 -0.015477093867957592 -0.002683288184925914
v 0.0229470357298851 -0.016465431079268456 -0.004148038104176521
v 0.023899424821138382 -0.01506294310092926 -0.0033452040515840054
v 0.023957539349794388 -0.015477093867957592 -0.002683288184925914
v 0.023899424821138382 -0.01506294310092926 -0.0033452040515840054
v 0.024568265303969383 -0.01377238892018795 -0.0021042381413280964
v 0.024568265303969383 -0.01377238892018795 -0.0021042381413280964
v 0.023899424821138382 -0.01506294310092926 -0.0033452040515840054
v 0.02453366294503212 -0.013558879494667053 -0.0024388558231294155
v 0.024568265303969383 -0.01377238892018795 -0.0021042381413280964
v 0.02453366294503212 -0.013558879494667053 -0.0024388558231294155
v 0.02482682466506958 -0.012012839317321777 -0.0014617800479754806
v 0.024502824991941452 -0.01329750381410122 -0.00273759663105011
v 0.02482682466506958 -0.012012839317321777 -0.0014617800479754806
v 0.02453366294503212 -0.013558879494667053 -0.0024388558231294155
v 0.02436642535030842 -0.013188735581934452 -0.003275146009400487
v 0.02447848953306675 -0.012990826740860939 -0.0029740389436483383
v 0.024502824991941452 -0.01329750381410122 -0.00273759663105011
v 0.024502824991941452 -0.01329750381410122 -0.00273759663105011
v 0.02447848953306675 -0.012990826740860939 -0.0029740389436483383
v 0.02482682466506958 -0.012012839317321777 -0.0014617800479754806
v 0.022087490186095238 -0.015323331579566002 -0.006396184209734201
v 0.02159499190747738 -0.015604659914970398 -0.006784785073250532
v 0.021485619246959686 -0.014823058620095253 -0.007298002950847149
v 0.016267992556095123 -0.017216738313436508 -0.00871519185602665
v 0.014897149987518787 -0.017340440303087234 -0.008749490603804588
v 0.014861115254461765 -0.0164460688829422 -0.009279109537601471
v 0.02447829581797123 0.012987898662686348 -0.0029757858719676733
v 0.02482682466506958 0.012012839317321777 -0.0014617800479754806
v 0.024674881249666214 0.010847330093383789 -0.002543042879551649
v 0.02428966946899891 0.013307098299264908 -0.0034625993575900793
v 0.024366168305277824 0.013185261748731136 -0.003277318086475134
v 0.024060621857643127 0.011930501088500023 -0.004563066642731428
v 0.024060621857643127 0.011930501088500023 -0.004563066642731428
v 0.024366168305277824 0.013185261748731136 -0.003277318086475134
v 0.02447829581797123 0.012987898662686348 -0.0029757858719676733
v 0.02283657155930996 0.014807961881160736 -0.005684584844857454
v 0.023189470171928406 0.01452634297311306 -0.005277150310575962
v 0.02292516827583313 0.012952678836882114 -0.006378822028636932
v 0.02292516827583313 0.012952678836882114 -0.006378822028636932
v 0.023189470171928406 0.01452634297311306 -0.005277150310575962
v 0.023437853902578354 0.014305410906672478 -0.004954146221280098
v 0.02292516827583313 0.012952678836882114 -0.006378822028636932
v 0.023437853902578354 0.014305410906672478 -0.004954146221280098
v 0.023805776610970497 0.013931930996477604 -0.004401968792080879
v 0.021332457661628723 0.01385630201548338 -0.007888062857091427
v 0.021593717858195305 0.015594315715134144 -0.006791786290705204
v 0.022086769342422485 0.015313554555177689 -0.006402302533388138
v 0.019597258418798447 0.01644815504550934 -0.007917463779449463
v 0.020134808495640755 0.016255134716629982 -0.007673192303627729
v 0.019372176378965378 0.014590488746762276 -0.009005802683532238
v 0.019372176378965378 0.014590488746762276 -0.009005802683532238
v 0.020134808495640755 0.016255134716629982 -0.007673192303627729
v 0.020389609038829803 0.016155090183019638 -0.007543767336755991
v 0.01626686006784439 0.017201373353600502 -0.008724816143512726
v 0.016733091324567795 0.01713613234460354 -0.00867591891437769
v 0.017154712229967117 0.015113894827663898 -0.009669101797044277
v 0.017154712229967117 0.015113894827663898 -0.009669101797044277
v 0.016733091324567795 0.01713613234460354 -0.00867591891437769
v 0.017319461330771446 0.017036693170666695 -0.00858669076114893
v 0.017154712229967117 0.015113894827663898 -0.009669101797044277
v 0.017319461330771446 0.017036693170666695 -0.00858669076114893
v 0.01841498725116253 0.016796201467514038 -0.008332720957696438
v 0.01959855854511261 -0.01646117866039276 -0.007909098640084267
v 0.0184160303324461 -0.01681036688387394 -0.008323850110173225
v 0.01725243218243122 -0.016163378953933716 -0.00910362508147955
v 0.01725243218243122 -0.016163378953933716 -0.00910362508147955
v 0.0184160303324461 -0.01681036688387394 -0.008323850110173225
v 0.01732046529650688 -0.017051588743925095 -0.00857738871127367
v 0.01725243218243122 -0.016163378953933716 -0.00910362508147955
v 0.01732046529650688 -0.017051588743925095 -0.00857738871127367
v 0.016733674332499504 -0.01715138554573059 -0.008666482754051685
v 0.02159499190747738 -0.015604659914970398 -0.006784785073250532
v 0.02039051242172718 -0.016167359426617622 -0.0075360871851444244
v 0.019504355266690254 -0.01561165601015091 -0.008430171757936478
v 0.019504355266690254 -0.01561165601015091 -0.008430171757936478
v 0.02039051242172718 -0.016167359426617622 -0.0075360871851444244
v 0.020135408267378807 -0.016267823055386543 -0.007665485609322786
v 0.019504355266690254 -0.01561165601015091 -0.008430171757936478
v 0.020135408267378807 -0.016267823055386543 -0.007665485609322786
v 0.01959855854511261 -0.01646117866039276 -0.007909098640084267
v 0.022087490186095238 -0.015323331579566002 -0.006396184209734201
v 0.021485619246959686 -0.014823058620095253 -0.007298002950847149
v 0.022837046533823013 -0.01481634471565485 -0.005679551977664232
v 0.023806128650903702 -0.0139376912266016 -0.004398524295538664
v 0.023438354954123497 -0.014312203042209148 -0.004949898459017277
v 0.0230807363986969 -0.013843555934727192 -0.005773115437477827
v 0.0230807363986969 -0.013843555934727192 -0.005773115437477827
v 0.023438354954123497 -0.014312203042209148 -0.004949898459017277
v 0.023190513253211975 -0.01453336887061596 -0.005271883215755224
v 0.0230807363986969 -0.013843555934727192 -0.005773115437477827
v 0.023190513253211975 -0.01453336887061596 -0.005271883215755224
v 0.022837046533823013 -0.01481634471565485 -0.005679551977664232
v 0.024196721613407135 -0.012730243615806103 -0.003944396506994963
v 0.024289503693580627 -0.013311625458300114 -0.003461248939856887
v 0.023806128650903702 -0.0139376912266016 -0.004398524295538664
v 0.02482682466506958 -0.012012839317321777 -0.0014617800479754806
v 0.02447848953306675 -0.012990826740860939 -0.0029740389436483383
v 0.024196721613407135 -0.012730243615806103 -0.003944396506994963
v 0.024196721613407135 -0.012730243615806103 -0.003944396506994963
v 0.02447848953306675 -0.012990826740860939 -0.0029740389436483383
v 0.02436642535030842 -0.013188735581934452 -0.003275146009400487
v 0.024196721613407135 -0.012730243615806103 -0.003944396506994963
v 0.02436642535030842 -0.013188735581934452 -0.003275146009400487
v 0.024289503693580627 -0.013311625458300114 -0.003461248939856887
v 0.02447829581797123 0.012987898662686348 -0.0029757858719676733
v 0.024674881249666214 0.010847330093383789 -0.002543042879551649
v 0.024060621857643127 0.011930501088500023 -0.004563066642731428
v 0.024060621857643127 0.011930501088500023 -0.004563066642731428
v 0.024674881249666214 0.010847330093383789 -0.002543042879551649
v 0.024636726826429367 0.0105753093957901 -0.0027706786058843136
v 0.024060621857643127 0.011930501088500023 -0.004563066642731428
v 0.024636726826429367 0.0105753093957901 -0.0027706786058843136
v 0.023793678730726242 0.010399536229670048 -0.005601988174021244
v 0.014896620064973831 0.017324678599834442 -0.00875936634838581
v 0.01626686006784439 0.017201373353600502 -0.008724816143512726
v 0.014832176268100739 0.01588422991335392 -0.009586332365870476
v 0.014832176268100739 0.01588422991335392 -0.009586332365870476
v 0.01626686006784439 0.017201373353600502 -0.008724816143512726
v 0.017154712229967117 0.015113894827663898 -0.009669101797044277
v 0.014832176268100739 0.01588422991335392 -0.009586332365870476
v 0.017154712229967117 0.015113894827663898 -0.009669101797044277
v 0.014804928563535213 0.015397047623991966 -0.009840606711804867
v 0.014804928563535213 0.015397047623991966 -0.009840606711804867
v 0.017154712229967117 0.015113894827663898 -0.009669101797044277
v 0.016963578760623932 0.013141597621142864 -0.01059824787080288
v 0.014804928563535213 0.015397047623991966 -0.009840606711804867
v 0.016963578760623932 0.013141597621142864 -0.01059824787080288
v 0.01468685083091259 0.013416364789009094 -0.010768327862024307
v 0.01468685083091259 0.013416364789009094 -0.010768327862024307
v 0.016963578760623932 0.013141597621142864 -0.01059824787080288
v 0.014611337333917618 0.012188340537250042 -0.011263967491686344
v 0.014611337333917618 0.012188340537250042 -0.011263967491686344
v 0.016963578760623932 0.013141597621142864 -0.01059824787080288
v 0.016706380993127823 0.010377547703683376 -0.011637135408818722
v 0.014611337333917618 0.012188340537250042 -0.011263967491686344
v 0.016706380993127823 0.010377547703683376 -0.011637135408818722
v 0.014516671188175678 0.01061966922134161 -0.011815512552857399
v 0.014516671188175678 0.01061966922134161 -0.011815512552857399
v 0.016706380993127823 0.010377547703683376 -0.011637135408818722
v 0.014385701157152653 0.008252752013504505 -0.012486696243286133
v 0.014385701157152653 0.008252752013504505 -0.012486696243286133
v 0.016706380993127823 0.010377547703683376 -0.011637135408818722
v 0.016484670341014862 0.007601621560752392 -0.01240501832216978
v 0.014385701157152653 0.008252752013504505 -0.012486696243286133
v 0.016484670341014862 0.007601621560752392 -0.01240501832216978
v 0.014362698420882225 0.0077924421057105064 -0.012595896609127522
v 0.014362698420882225 0.0077924421057105064 -0.012595896609127522
v 0.016484670341014862 0.007601621560752392 -0.01240501832216978
v 0.016366541385650635 0.005738930311053991 -0.012778452597558498
v 0.014362698420882225 0.0077924421057105064 -0.012595896609127522
v 0.016366541385650635 0.005738930311053991 -0.012778452597558498
v 0.014278518036007881 0.005887881852686405 -0.012977265752851963
v 0.014278518036007881 0.005887881852686405 -0.012977265752851963
v 0.016366541385650635 0.005738930311053991 -0.012778452597558498
v 0.014219766482710838 0.004158327355980873 -0.013228337280452251
v 0.014219766482710838 0.004158327355980873 -0.013228337280452251
v 0.016366541385650635 0.005738930311053991 -0.012778452597558498
v 0.01625523343682289 0.0032327056396752596 -0.013111522421240807
v 0.014219766482710838 0.004158327355980873 -0.013228337280452251
v 0.01625523343682289 0.0032327056396752596 -0.013111522421240807
v 0.014198034070432186 0.003319044830277562 -0.013318394310772419
v 0.014198034070432186 0.003319044830277562 -0.013318394310772419
v 0.01625523343682289 0.0032327056396752596 -0.013111522421240807
v 0.014159229584038258 1.7823721165655115e-08 -0.013475692830979824
v 0.014159229584038258 1.7823721165655115e-08 -0.013475692830979824
v 0.01625523343682289 0.0032327056396752596 -0.013111522421240807
v 0.016202162951231003 -0.00013252772623673081 -0.013264551758766174
v 0.014159229584038258 1.7823721165655115e-08 -0.013475692830979824
v 0.016202162951231003 -0.00013252772623673081 -0.013264551758766174
v 0.014159295707941055 -0.00013611283793579787 -0.013475428335368633
v 0.014159295707941055 -0.00013611283793579787 -0.013475428335368633
v 0.016202162951231003 -0.00013252772623673081 -0.013264551758766174
v 0.01622338593006134 -0.002041651401668787 -0.013203781098127365
v 0.014159295707941055 -0.00013611283793579787 -0.013475428335368633
v 0.01622338593006134 -0.002041651401668787 -0.013203781098127365
v 0.014174814336001873 -0.0020966033916920424 -0.013413045555353165
v 0.014174814336001873 -0.0020966033916920424 -0.013413045555353165
v 0.01622338593006134 -0.002041651401668787 -0.013203781098127365
v 0.014205368235707283 -0.003622863907366991 -0.013288164511322975
v 0.014205368235707283 -0.003622863907366991 -0.013288164511322975
v 0.01622338593006134 -0.002041651401668787 -0.013203781098127365
v 0.016280893236398697 -0.0039445445872843266 -0.01303623616695404
v 0.014205368235707283 -0.003622863907366991 -0.013288164511322975
v 0.016280893236398697 -0.0039445445872843266 -0.01303623616695404
v 0.014216681942343712 -0.004049226175993681 -0.013241207227110863
v 0.014216681942343712 -0.004049226175993681 -0.013241207227110863
v 0.016280893236398697 -0.0039445445872843266 -0.01303623616695404
v 0.016372526064515114 -0.0058454228565096855 -0.012760046869516373
v 0.014216681942343712 -0.004049226175993681 -0.013241207227110863
v 0.016372526064515114 -0.0058454228565096855 -0.012760046869516373
v 0.014282815158367157 -0.0059968940913677216 -0.012958441860973835
v 0.014282815158367157 -0.0059968940913677216 -0.012958441860973835
v 0.016372526064515114 -0.0058454228565096855 -0.012760046869516373
v 0.01435539498925209 -0.007642165757715702 -0.012630089186131954
v 0.01435539498925209 -0.007642165757715702 -0.012630089186131954
v 0.016372526064515114 -0.0058454228565096855 -0.012760046869516373
v 0.016495130956172943 -0.007748431526124477 -0.012370867654681206
v 0.01435539498925209 -0.007642165757715702 -0.012630089186131954
v 0.016495130956172943 -0.007748431526124477 -0.012370867654681206
v 0.0143700847402215 -0.00794233102351427 -0.012561079114675522
v 0.0143700847402215 -0.00794233102351427 -0.012561079114675522
v 0.016495130956172943 -0.007748431526124477 -0.012370867654681206
v 0.01664392463862896 -0.009651402942836285 -0.011863447725772858
v 0.0143700847402215 -0.00794233102351427 -0.012561079114675522
v 0.01664392463862896 -0.009651402942836285 -0.011863447725772858
v 0.014473884366452694 -0.009881643578410149 -0.012044962495565414
v 0.014473884366452694 -0.009881643578410149 -0.012044962495565414
v 0.01664392463862896 -0.009651402942836285 -0.011863447725772858
v 0.014567903243005276 -0.011476344428956509 -0.011525309644639492
v 0.014567903243005276 -0.011476344428956509 -0.011525309644639492
v 0.01664392463862896 -0.009651402942836285 -0.011863447725772858
v 0.016789186745882034 -0.011298350989818573 -0.01132301427423954
v 0.014567903243005276 -0.011476344428956509 -0.011525309644639492
v 0.016789186745882034 -0.011298350989818573 -0.01132301427423954
v 0.014572592452168465 -0.011553702875971794 -0.011497813276946545
v 0.014572592452168465 -0.011553702875971794 -0.011497813276946545
v 0.016789186745882034 -0.011298350989818573 -0.01132301427423954
v 0.016943002119660378 -0.01292832288891077 -0.010688926093280315
v 0.014572592452168465 -0.011553702875971794 -0.011497813276946545
v 0.016943002119660378 -0.01292832288891077 -0.010688926093280315
v 0.01467365026473999 -0.013201373629271984 -0.010859320871531963
v 0.01467365026473999 -0.013201373629271984 -0.010859320871531963
v 0.016943002119660378 -0.01292832288891077 -0.010688926093280315
v 0.017099570482969284 -0.014542856253683567 -0.009955469518899918
v 0.01467365026473999 -0.013201373629271984 -0.010859320871531963
v 0.017099570482969284 -0.014542856253683567 -0.009955469518899918
v 0.01477180328220129 -0.014825045131146908 -0.010125621221959591
v 0.024636726826429367 0.0105753093957901 -0.0027706786058843136
v 0.024478083476424217 0.00948550458997488 -0.0036059794947504997
v 0.023793678730726242 0.010399536229670048 -0.005601988174021244
v 0.023793678730726242 0.010399536229670048 -0.005601988174021244
v 0.024478083476424217 0.00948550458997488 -0.0036059794947504997
v 0.024194451048970222 0.007540502119809389 -0.0048194266855716705
v 0.023793678730726242 0.010399536229670048 -0.005601988174021244
v 0.024194451048970222 0.007540502119809389 -0.0048194266855716705
v 0.023433469235897064 0.008237198926508427 -0.0067741102539002895
v 0.023433469235897064 0.008237198926508427 -0.0067741102539002895
v 0.024194451048970222 0.007540502119809389 -0.0048194266855716705
v 0.023937830701470375 0.0055518136359751225 -0.005734043661504984
v 0.023433469235897064 0.008237198926508427 -0.0067741102539002895
v 0.023937830701470375 0.0055518136359751225 -0.005734043661504984
v 0.023122373968362808 0.0060483659617602825 -0.0076482235454022884
v 0.023122373968362808 0.0060483659617602825 -0.0076482235454022884
v 0.023937830701470375 0.0055518136359751225 -0.005734043661504984
v 0.023797528818249702 0.0042020827531814575 -0.006184437312185764
v 0.023122373968362808 0.0060483659617602825 -0.0076482235454022884
v 0.023797528818249702 0.0042020827531814575 -0.006184437312185764
v 0.02295646071434021 0.004571868106722832 -0.008075843565165997
v 0.02295646071434021 0.004571868106722832 -0.008075843565165997
v 0.023797528818249702 0.0042020827531814575 -0.006184437312185764
v 0.023663390427827835 0.00237245368771255 -0.0065892902202904224
v 0.02295646071434021 0.004571868106722832 -0.008075843565165997
v 0.023663390427827835 0.00237245368771255 -0.0065892902202904224
v 0.022800050675868988 0.002578185638412833 -0.008458685129880905
v 0.022800050675868988 0.002578185638412833 -0.008458685129880905
v 0.023663390427827835 0.00237245368771255 -0.0065892902202904224
v 0.023598825559020042 -9.736448555486277e-05 -0.0067763011902570724
v 0.022800050675868988 0.002578185638412833 -0.008458685129880905
v 0.023598825559020042 -9.736448555486277e-05 -0.0067763011902570724
v 0.022725453600287437 -0.00010575025953585282 -0.008635046891868114
v 0.022725453600287437 -0.00010575025953585282 -0.008635046891868114
v 0.023598825559020042 -9.736448555486277e-05 -0.0067763011902570724
v 0.023624690249562263 -0.0014993104850873351 -0.006701959762722254
v 0.022725453600287437 -0.00010575025953585282 -0.008635046891868114
v 0.023624690249562263 -0.0014993104850873351 -0.006701959762722254
v 0.02275528572499752 -0.0016287933103740215 -0.00856497511267662
v 0.02275528572499752 -0.0016287933103740215 -0.00856497511267662
v 0.023624690249562263 -0.0014993104850873351 -0.006701959762722254
v 0.023694470524787903 -0.0028933563735336065 -0.006497517228126526
v 0.02275528572499752 -0.0016287933103740215 -0.00856497511267662
v 0.023694470524787903 -0.0028933563735336065 -0.006497517228126526
v 0.022836115211248398 -0.003145098453387618 -0.008372027426958084
v 0.022836115211248398 -0.003145098453387618 -0.008372027426958084
v 0.023694470524787903 -0.0028933563735336065 -0.006497517228126526
v 0.023804690688848495 -0.004279517102986574 -0.006162152159959078
v 0.022836115211248398 -0.003145098453387618 -0.008372027426958084
v 0.023804690688848495 -0.004279517102986574 -0.006162152159959078
v 0.022964870557188988 -0.004656420089304447 -0.00805472768843174
v 0.022964870557188988 -0.004656420089304447 -0.00805472768843174
v 0.023804690688848495 -0.004279517102986574 -0.006162152159959078
v 0.023950140923261642 -0.005657729227095842 -0.005693039391189814
v 0.022964870557188988 -0.004656420089304447 -0.00805472768843174
v 0.023950140923261642 -0.005657729227095842 -0.005693039391189814
v 0.023137059062719345 -0.0061644986271858215 -0.0076092011295259
v 0.023137059062719345 -0.0061644986271858215 -0.0076092011295259
v 0.023950140923261642 -0.005657729227095842 -0.005693039391189814
v 0.024123141542077065 -0.0070233456790447235 -0.005087392404675484
v 0.023137059062719345 -0.0061644986271858215 -0.0076092011295259
v 0.024123141542077065 -0.0070233456790447235 -0.005087392404675484
v 0.02334587834775448 -0.007666153833270073 -0.007031021639704704
v 0.02334587834775448 -0.007666153833270073 -0.007031021639704704
v 0.024123141542077065 -0.0070233456790447235 -0.005087392404675484
v 0.02428765408694744 -0.008192780427634716 -0.004449665080755949
v 0.02334587834775448 -0.007666153833270073 -0.007031021639704704
v 0.02428765408694744 -0.008192780427634716 -0.004449665080755949
v 0.023549534380435944 -0.00895961094647646 -0.0064184716902673244
v 0.023549534380435944 -0.00895961094647646 -0.0064184716902673244
v 0.02428765408694744 -0.008192780427634716 -0.004449665080755949
v 0.02445608377456665 -0.009336872957646847 -0.003710824763402343
v 0.023549534380435944 -0.00895961094647646 -0.0064184716902673244
v 0.02445608377456665 -0.009336872957646847 -0.003710824763402343
v 0.023764897137880325 -0.01023336872458458 -0.005703839007765055
v 0.023764897137880325 -0.01023336872458458 -0.005703839007765055
v 0.02445608377456665 -0.009336872957646847 -0.003710824763402343
v 0.02461967244744301 -0.010455464012920856 -0.0028684670105576515
v 0.023764897137880325 -0.01023336872458458 -0.005703839007765055
v 0.02461967244744301 -0.010455464012920856 -0.0028684670105576515
v 0.02398369461297989 -0.011488312855362892 -0.004882376175373793
v 0.02398369461297989 -0.011488312855362892 -0.004882376175373793
v 0.02461967244744301 -0.010455464012920856 -0.0028684670105576515
v 0.024637652561068535 -0.010581834241747856 -0.0027653109282255173
v 0.02398369461297989 -0.011488312855362892 -0.004882376175373793
v 0.024637652561068535 -0.010581834241747856 -0.0027653109282255173
v 0.024196721613407135 -0.012730243615806103 -0.003944396506994963
v 0.024196721613407135 -0.012730243615806103 -0.003944396506994963
v 0.024637652561068535 -0.010581834241747856 -0.0027653109282255173
v 0.0247685257345438 -0.011548019014298916 -0.0019184434786438942
v 0.024196721613407135 -0.012730243615806103 -0.003944396506994963
v 0.0247685257345438 -0.011548019014298916 -0.0019184434786438942
v 0.02482682466506958 -0.012012839317321777 -0.0014617800479754806
v 0.023806128650903702 -0.0139376912266016 -0.004398524295538664
v 0.0230807363986969 -0.013843555934727192 -0.005773115437477827
v 0.024196721613407135 -0.012730243615806103 -0.003944396506994963
v 0.024196721613407135 -0.012730243615806103 -0.003944396506994963
v 0.0230807363986969 -0.013843555934727192 -0.005773115437477827
v 0.022838566452264786 -0.012464076280593872 -0.006688933353871107
v 0.024196721613407135 -0.012730243615806103 -0.003944396506994963
v 0.022838566452264786 -0.012464076280593872 -0.006688933353871107
v 0.02398369461297989 -0.011488312855362892 -0.004882376175373793
v 0.02398369461297989 -0.011488312855362892 -0.004882376175373793
v 0.022838566452264786 -0.012464076280593872 -0.006688933353871107
v 0.022596094757318497 -0.011082767508924007 -0.007483158726245165
v 0.02398369461297989 -0.011488312855362892 -0.004882376175373793
v 0.022596094757318497 -0.011082767508924007 -0.007483158726245165
v 0.023764897137880325 -0.01023336872458458 -0.005703839007765055
v 0.023764897137880325 -0.01023336872458458 -0.005703839007765055
v 0.022596094757318497 -0.011082767508924007 -0.007483158726245165
v 0.02236175537109375 -0.009688029065728188 -0.008169937878847122
v 0.023764897137880325 -0.01023336872458458 -0.005703839007765055
v 0.02236175537109375 -0.009688029065728188 -0.008169937878847122
v 0.023549534380435944 -0.00895961094647646 -0.0064184716902673244
v 0.023549534380435944 -0.00895961094647646 -0.0064184716902673244
v 0.02236175537109375 -0.009688029065728188 -0.008169937878847122
v 0.022143201902508736 -0.008278138935565948 -0.008755573071539402
v 0.023549534380435944 -0.00895961094647646 -0.0064184716902673244
v 0.022143201902508736 -0.008278138935565948 -0.008755573071539402
v 0.02334587834775448 -0.007666153833270073 -0.007031021639704704
v 0.02334587834775448 -0.007666153833270073 -0.007031021639704704
v 0.022143201902508736 -0.008278138935565948 -0.008755573071539402
v 0.021921608597040176 -0.006648009642958641 -0.009305812418460846
v 0.02334587834775448 -0.007666153833270073 -0.007031021639704704
v 0.021921608597040176 -0.006648009642958641 -0.009305812418460846
v 0.023137059062719345 -0.0061644986271858215 -0.0076092011295259
v 0.023137059062719345 -0.0061644986271858215 -0.0076092011295259
v 0.021921608597040176 -0.006648009642958641 -0.009305812418460846
v 0.0217405017465353 -0.005016629118472338 -0.009728158824145794
v 0.023137059062719345 -0.0061644986271858215 -0.0076092011295259
v 0.0217405017465353 -0.005016629118472338 -0.009728158824145794
v 0.022964870557188988 -0.004656420089304447 -0.00805472768843174
v 0.022964870557188988 -0.004656420089304447 -0.00805472768843174
v 0.0217405017465353 -0.005016629118472338 -0.009728158824145794
v 0.021605921909213066 -0.003385980613529682 -0.01002808939665556
v 0.022964870557188988 -0.004656420089304447 -0.00805472768843174
v 0.021605921909213066 -0.003385980613529682 -0.01002808939665556
v 0.022836115211248398 -0.003145098453387618 -0.008372027426958084
v 0.022836115211248398 -0.003145098453387618 -0.008372027426958084
v 0.021605921909213066 -0.003385980613529682 -0.01002808939665556
v 0.02152177318930626 -0.0017527815653011203 -0.01021012756973505
v 0.022836115211248398 -0.003145098453387618 -0.008372027426958084
v 0.02152177318930626 -0.0017527815653011203 -0.01021012756973505
v 0.02275528572499752 -0.0016287933103740215 -0.00856497511267662
v 0.02275528572499752 -0.0016287933103740215 -0.00856497511267662
v 0.02152177318930626 -0.0017527815653011203 -0.01021012756973505
v 0.021490776911377907 -0.00011378233466530219 -0.010276174172759056
v 0.02275528572499752 -0.0016287933103740215 -0.00856497511267662
v 0.021490776911377907 -0.00011378233466530219 -0.010276174172759056
v 0.022725453600287437 -0.00010575025953585282 -0.008635046891868114
v 0.022725453600287437 -0.00010575025953585282 -0.008635046891868114
v 0.021490776911377907 -0.00011378233466530219 -0.010276174172759056
v 0.02156834676861763 0.0027751075103878975 -0.010109879076480865
v 0.022725453600287437 -0.00010575025953585282 -0.008635046891868114
v 0.02156834676861763 0.0027751075103878975 -0.010109879076480865
v 0.022800050675868988 0.002578185638412833 -0.008458685129880905
v 0.022800050675868988 0.002578185638412833 -0.008458685129880905
v 0.02156834676861763 0.0027751075103878975 -0.010109879076480865
v 0.02173169143497944 0.004925302695482969 -0.009748141281306744
v 0.022800050675868988 0.002578185638412833 -0.008458685129880905
v 0.02173169143497944 0.004925302695482969 -0.009748141281306744
v 0.02295646071434021 0.004571868106722832 -0.008075843565165997
v 0.02295646071434021 0.004571868106722832 -0.008075843565165997
v 0.02173169143497944 0.004925302695482969 -0.009748141281306744
v 0.021906109526753426 0.006522197742015123 -0.009342861361801624
v 0.02295646071434021 0.004571868106722832 -0.008075843565165997
v 0.021906109526753426 0.006522197742015123 -0.009342861361801624
v 0.023122373968362808 0.0060483659617602825 -0.0076482235454022884
v 0.023122373968362808 0.0060483659617602825 -0.0076482235454022884
v 0.021906109526753426 0.006522197742015123 -0.009342861361801624
v 0.02223687618970871 0.008899861015379429 -0.008510288782417774
v 0.023122373968362808 0.0060483659617602825 -0.0076482235454022884
v 0.02223687618970871 0.008899861015379429 -0.008510288782417774
v 0.023433469235897064 0.008237198926508427 -0.0067741102539002895
v 0.023433469235897064 0.008237198926508427 -0.0067741102539002895
v 0.02223687618970871 0.008899861015379429 -0.008510288782417774
v 0.022627709433436394 0.011265235021710396 -0.00738496333360672
v 0.023433469235897064 0.008237198926508427 -0.0067741102539002895
v 0.022627709433436394 0.011265235021710396 -0.00738496333360672
v 0.023793678730726242 0.010399536229670048 -0.005601988174021244
v 0.023793678730726242 0.010399536229670048 -0.005601988174021244
v 0.022627709433436394 0.011265235021710396 -0.00738496333360672
v 0.02292516827583313 0.012952678836882114 -0.006378822028636932
v 0.023793678730726242 0.010399536229670048 -0.005601988174021244
v 0.02292516827583313 0.012952678836882114 -0.006378822028636932
v 0.024060621857643127 0.011930501088500023 -0.004563066642731428
v 0.024060621857643127 0.011930501088500023 -0.004563066642731428
v 0.02292516827583313 0.012952678836882114 -0.006378822028636932
v 0.023805776610970497 0.013931930996477604 -0.004401968792080879
v 0.024060621857643127 0.011930501088500023 -0.004563066642731428
v 0.023805776610970497 0.013931930996477604 -0.004401968792080879
v 0.02428966946899891 0.013307098299264908 -0.0034625993575900793
v 0.022837046533823013 -0.01481634471565485 -0.005679551977664232
v 0.021485619246959686 -0.014823058620095253 -0.007298002950847149
v 0.0230807363986969 -0.013843555934727192 -0.005773115437477827
v 0.0230807363986969 -0.013843555934727192 -0.005773115437477827
v 0.021485619246959686 -0.014823058620095253 -0.007298002950847149
v 0.021247582510113716 -0.013328821398317814 -0.008188288658857346
v 0.0230807363986969 -0.013843555934727192 -0.005773115437477827
v 0.021247582510113716 -0.013328821398317814 -0.008188288658857346
v 0.022838566452264786 -0.012464076280593872 -0.006688933353871107
v 0.022838566452264786 -0.012464076280593872 -0.006688933353871107
v 0.021247582510113716 -0.013328821398317814 -0.008188288658857346
v 0.02101108431816101 -0.011840444058179855 -0.008955306373536587
v 0.022838566452264786 -0.012464076280593872 -0.006688933353871107
v 0.02101108431816101 -0.011840444058179855 -0.008955306373536587
v 0.022596094757318497 -0.011082767508924007 -0.007483158726245165
v 0.022596094757318497 -0.011082767508924007 -0.007483158726245165
v 0.02101108431816101 -0.011840444058179855 -0.008955306373536587
v 0.020783813670277596 -0.010341551154851913 -0.009616333059966564
v 0.022596094757318497 -0.011082767508924007 -0.007483158726245165
v 0.020783813670277596 -0.010341551154851913 -0.009616333059966564
v 0.02236175537109375 -0.009688029065728188 -0.008169937878847122
v 0.02236175537109375 -0.009688029065728188 -0.008169937878847122
v 0.020783813670277596 -0.010341551154851913 -0.009616333059966564
v 0.020572777837514877 -0.008829956874251366 -0.01017835270613432
v 0.02236175537109375 -0.009688029065728188 -0.008169937878847122
v 0.020572777837514877 -0.008829956874251366 -0.01017835270613432
v 0.022143201902508736 -0.008278138935565948 -0.008755573071539402
v 0.022143201902508736 -0.008278138935565948 -0.008755573071539402
v 0.020572777837514877 -0.008829956874251366 -0.01017835270613432
v 0.020359572023153305 -0.007086071185767651 -0.010705006308853626
v 0.022143201902508736 -0.008278138935565948 -0.008755573071539402
v 0.020359572023153305 -0.007086071185767651 -0.010705006308853626
v 0.021921608597040176 -0.006648009642958641 -0.009305812418460846
v 0.021921608597040176 -0.006648009642958641 -0.009305812418460846
v 0.020359572023153305 -0.007086071185767651 -0.010705006308853626
v 0.020185818895697594 -0.005344190169125795 -0.011108326725661755
v 0.021921608597040176 -0.006648009642958641 -0.009305812418460846
v 0.020185818895697594 -0.005344190169125795 -0.011108326725661755
v 0.0217405017465353 -0.005016629118472338 -0.009728158824145794
v 0.0217405017465353 -0.005016629118472338 -0.009728158824145794
v 0.020185818895697594 -0.005344190169125795 -0.011108326725661755
v 0.020056961104273796 -0.003605611389502883 -0.011394260451197624
v 0.0217405017465353 -0.005016629118472338 -0.009728158824145794
v 0.020056961104273796 -0.003605611389502883 -0.011394260451197624
v 0.021605921909213066 -0.003385980613529682 -0.01002808939665556
v 0.021605921909213066 -0.003385980613529682 -0.01002808939665556
v 0.020056961104273796 -0.003605611389502883 -0.011394260451197624
v 0.01997649483382702 -0.0018660139758139849 -0.011567607522010803
v 0.021605921909213066 -0.003385980613529682 -0.01002808939665556
v 0.01997649483382702 -0.0018660139758139849 -0.011567607522010803
v 0.02152177318930626 -0.0017527815653011203 -0.01021012756973505
v 0.02152177318930626 -0.0017527815653011203 -0.01021012756973505
v 0.01997649483382702 -0.0018660139758139849 -0.011567607522010803
v 0.019946875050663948 -0.00012112194235669449 -0.011630463413894176
v 0.02152177318930626 -0.0017527815653011203 -0.01021012756973505
v 0.019946875050663948 -0.00012112194235669449 -0.011630463413894176
v 0.021490776911377907 -0.00011378233466530219 -0.010276174172759056
v 0.021490776911377907 -0.00011378233466530219 -0.010276174172759056
v 0.019946875050663948 -0.00012112194235669449 -0.011630463413894176
v 0.020021021366119385 0.0029547864105552435 -0.01147216372191906
v 0.021490776911377907 -0.00011378233466530219 -0.010276174172759056
v 0.020021021366119385 0.0029547864105552435 -0.01147216372191906
v 0.02156834676861763 0.0027751075103878975 -0.010109879076480865
v 0.02156834676861763 0.0027751075103878975 -0.010109879076480865
v 0.020021021366119385 0.0029547864105552435 -0.01147216372191906
v 0.02017737738788128 0.005246759857982397 -0.011127389036118984
v 0.02156834676861763 0.0027751075103878975 -0.010109879076480865
v 0.02017737738788128 0.005246759857982397 -0.011127389036118984
v 0.02173169143497944 0.004925302695482969 -0.009748141281306744
v 0.02173169143497944 0.004925302695482969 -0.009748141281306744
v 0.02017737738788128 0.005246759857982397 -0.011127389036118984
v 0.02034468576312065 0.006951628718525171 -0.01074041798710823
v 0.02173169143497944 0.004925302695482969 -0.009748141281306744
v 0.02034468576312065 0.006951628718525171 -0.01074041798710823
v 0.021906109526753426 0.006522197742015123 -0.009342861361801624
v 0.021906109526753426 0.006522197742015123 -0.009342861361801624
v 0.02034468576312065 0.006951628718525171 -0.01074041798710823
v 0.020663132891058922 0.0094961142167449 -0.009943145327270031
v 0.021906109526753426 0.006522197742015123 -0.009342861361801624
v 0.020663132891058922 0.0094961142167449 -0.009943145327270031
v 0.02223687618970871 0.008899861015379429 -0.008510288782417774
v 0.02223687618970871 0.008899861015379429 -0.008510288782417774
v 0.020663132891058922 0.0094961142167449 -0.009943145327270031
v 0.021041836589574814 0.01203682366758585 -0.008860623463988304
v 0.02223687618970871 0.008899861015379429 -0.008510288782417774
v 0.021041836589574814 0.01203682366758585 -0.008860623463988304
v 0.022627709433436394 0.011265235021710396 -0.00738496333360672
v 0.022627709433436394 0.011265235021710396 -0.00738496333360672
v 0.021041836589574814 0.01203682366758585 -0.008860623463988304
v 0.021332457661628723 0.01385630201548338 -0.007888062857091427
v 0.022627709433436394 0.011265235021710396 -0.00738496333360672
v 0.021332457661628723 0.01385630201548338 -0.007888062857091427
v 0.02292516827583313 0.012952678836882114 -0.006378822028636932
v 0.02292516827583313 0.012952678836882114 -0.006378822028636932
v 0.021332457661628723 0.01385630201548338 -0.007888062857091427
v 0.022086769342422485 0.015313554555177689 -0.006402302533388138
v 0.02292516827583313 0.012952678836882114 -0.006378822028636932
v 0.022086769342422485 0.015313554555177689 -0.006402302533388138
v 0.02283657155930996 0.014807961881160736 -0.005684584844857454
v 0.02159499190747738 -0.015604659914970398 -0.006784785073250532
v 0.019504355266690254 -0.01561165601015091 -0.008430171757936478
v 0.021485619246959686 -0.014823058620095253 -0.007298002950847149
v 0.021485619246959686 -0.014823058620095253 -0.007298002950847149
v 0.019504355266690254 -0.01561165601015091 -0.008430171757936478
v 0.019298678264021873 -0.014034753665328026 -0.009297570213675499
v 0.021485619246959686 -0.014823058620095253 -0.007298002950847149
v 0.019298678264021873 -0.014034753665328026 -0.009297570213675499
v 0.021247582510113716 -0.013328821398317814 -0.008188288658857346
v 0.021247582510113716 -0.013328821398317814 -0.008188288658857346
v 0.019298678264021873 -0.014034753665328026 -0.009297570213675499
v 0.019093133509159088 -0.012466594576835632 -0.010042942129075527
v 0.021247582510113716 -0.013328821398317814 -0.008188288658857346
v 0.019093133509159088 -0.012466594576835632 -0.010042942129075527
v 0.02101108431816101 -0.011840444058179855 -0.008955306373536587
v 0.02101108431816101 -0.011840444058179855 -0.008955306373536587
v 0.019093133509159088 -0.012466594576835632 -0.010042942129075527
v 0.018894748762249947 -0.010887439362704754 -0.010685204528272152
v 0.02101108431816101 -0.011840444058179855 -0.008955306373536587
v 0.018894748762249947 -0.010887439362704754 -0.010685204528272152
v 0.020783813670277596 -0.010341551154851913 -0.009616333059966564
v 0.020783813670277596 -0.010341551154851913 -0.009616333059966564
v 0.018894748762249947 -0.010887439362704754 -0.010685204528272152
v 0.018709911033511162 -0.00929514691233635 -0.011231137439608574
v 0.020783813670277596 -0.010341551154851913 -0.009616333059966564
v 0.018709911033511162 -0.00929514691233635 -0.011231137439608574
v 0.020572777837514877 -0.008829956874251366 -0.01017835270613432
v 0.020572777837514877 -0.008829956874251366 -0.01017835270613432
v 0.018709911033511162 -0.00929514691233635 -0.011231137439608574
v 0.01852264441549778 -0.007458576932549477 -0.011742563918232918
v 0.020572777837514877 -0.008829956874251366 -0.01017835270613432
v 0.01852264441549778 -0.007458576932549477 -0.011742563918232918
v 0.020359572023153305 -0.007086071185767651 -0.010705006308853626
v 0.020359572023153305 -0.007086071185767651 -0.010705006308853626
v 0.01852264441549778 -0.007458576932549477 -0.011742563918232918
v 0.018369680270552635 -0.005624594632536173 -0.012134101241827011
v 0.020359572023153305 -0.007086071185767651 -0.010705006308853626
v 0.018369680270552635 -0.005624594632536173 -0.012134101241827011
v 0.020185818895697594 -0.005344190169125795 -0.011108326725661755
v 0.020185818895697594 -0.005344190169125795 -0.011108326725661755
v 0.018369680270552635 -0.005624594632536173 -0.012134101241827011
v 0.01825605519115925 -0.0037945157382637262 -0.012411605566740036
v 0.020185818895697594 -0.005344190169125795 -0.011108326725661755
v 0.01825605519115925 -0.0037945157382637262 -0.012411605566740036
v 0.020056961104273796 -0.003605611389502883 -0.011394260451197624
v 0.020056961104273796 -0.003605611389502883 -0.011394260451197624
v 0.01825605519115925 -0.0037945157382637262 -0.012411605566740036
v 0.018185026943683624 -0.0019636854995042086 -0.012579808942973614
v 0.020056961104273796 -0.003605611389502883 -0.011394260451197624
v 0.018185026943683624 -0.0019636854995042086 -0.012579808942973614
v 0.01997649483382702 -0.0018660139758139849 -0.011567607522010803
v 0.01997649483382702 -0.0018660139758139849 -0.011567607522010803
v 0.018185026943683624 -0.0019636854995042086 -0.012579808942973614
v 0.018158866092562675 -0.00012745951244141906 -0.012640793807804585
v 0.01997649483382702 -0.0018660139758139849 -0.011567607522010803
v 0.018158866092562675 -0.00012745951244141906 -0.012640793807804585
v 0.019946875050663948 -0.00012112194235669449 -0.011630463413894176
v 0.019946875050663948 -0.00012112194235669449 -0.011630463413894176
v 0.018158866092562675 -0.00012745951244141906 -0.012640793807804585
v 0.018224336206912994 0.003109527984634042 -0.012487200088799
v 0.019946875050663948 -0.00012112194235669449 -0.011630463413894176
v 0.018224336206912994 0.003109527984634042 -0.012487200088799
v 0.020021021366119385 0.0029547864105552435 -0.01147216372191906
v 0.020021021366119385 0.0029547864105552435 -0.01147216372191906
v 0.018224336206912994 0.003109527984634042 -0.012487200088799
v 0.018362240865826607 0.005522026214748621 -0.012152602896094322
v 0.020021021366119385 0.0029547864105552435 -0.01147216372191906
v 0.018362240865826607 0.005522026214748621 -0.012152602896094322
v 0.02017737738788128 0.005246759857982397 -0.011127389036118984
v 0.02017737738788128 0.005246759857982397 -0.011127389036118984
v 0.018362240865826607 0.005522026214748621 -0.012152602896094322
v 0.018509550020098686 0.007317009381949902 -0.011776946485042572
v 0.02017737738788128 0.005246759857982397 -0.011127389036118984
v 0.018509550020098686 0.007317009381949902 -0.011776946485042572
v 0.02034468576312065 0.006951628718525171 -0.01074041798710823
v 0.02034468576312065 0.006951628718525171 -0.01074041798710823
v 0.018509550020098686 0.007317009381949902 -0.011776946485042572
v 0.01878911629319191 0.009996830485761166 -0.011002681218087673
v 0.02034468576312065 0.006951628718525171 -0.01074041798710823
v 0.01878911629319191 0.009996830485761166 -0.011002681218087673
v 0.020663132891058922 0.0094961142167449 -0.009943145327270031
v 0.020663132891058922 0.0094961142167449 -0.009943145327270031
v 0.01878911629319191 0.009996830485761166 -0.011002681218087673
v 0.01911991648375988 0.012673499993979931 -0.009950936771929264
v 0.020663132891058922 0.0094961142167449 -0.009943145327270031
v 0.01911991648375988 0.012673499993979931 -0.009950936771929264
v 0.021041836589574814 0.01203682366758585 -0.008860623463988304
v 0.021041836589574814 0.01203682366758585 -0.008860623463988304
v 0.01911991648375988 0.012673499993979931 -0.009950936771929264
v 0.019372176378965378 0.014590488746762276 -0.009005802683532238
v 0.021041836589574814 0.01203682366758585 -0.008860623463988304
v 0.019372176378965378 0.014590488746762276 -0.009005802683532238
v 0.021332457661628723 0.01385630201548338 -0.007888062857091427
v 0.021332457661628723 0.01385630201548338 -0.007888062857091427
v 0.019372176378965378 0.014590488746762276 -0.009005802683532238
v 0.020389609038829803 0.016155090183019638 -0.007543767336755991
v 0.021332457661628723 0.01385630201548338 -0.007888062857091427
v 0.020389609038829803 0.016155090183019638 -0.007543767336755991
v 0.021593717858195305 0.015594315715134144 -0.006791786290705204
v 0.01959855854511261 -0.01646117866039276 -0.007909098640084267
v 0.01725243218243122 -0.016163378953933716 -0.00910362508147955
v 0.019504355266690254 -0.01561165601015091 -0.008430171757936478
v 0.019504355266690254 -0.01561165601015091 -0.008430171757936478
v 0.01725243218243122 -0.016163378953933716 -0.00910362508147955
v 0.017099570482969284 -0.014542856253683567 -0.009955469518899918
v 0.019504355266690254 -0.01561165601015091 -0.008430171757936478
v 0.017099570482969284 -0.014542856253683567 -0.009955469518899918
v 0.019298678264021873 -0.014034753665328026 -0.009297570213675499
v 0.019298678264021873 -0.014034753665328026 -0.009297570213675499
v 0.017099570482969284 -0.014542856253683567 -0.009955469518899918
v 0.016943002119660378 -0.01292832288891077 -0.010688926093280315
v 0.019298678264021873 -0.014034753665328026 -0.009297570213675499
v 0.016943002119660378 -0.01292832288891077 -0.010688926093280315
v 0.019093133509159088 -0.012466594576835632 -0.010042942129075527
v 0.019093133509159088 -0.012466594576835632 -0.010042942129075527
v 0.016943002119660378 -0.01292832288891077 -0.010688926093280315
v 0.016789186745882034 -0.011298350989818573 -0.01132301427423954
v 0.019093133509159088 -0.012466594576835632 -0.010042942129075527
v 0.016789186745882034 -0.011298350989818573 -0.01132301427423954
v 0.018894748762249947 -0.010887439362704754 -0.010685204528272152
v 0.018894748762249947 -0.010887439362704754 -0.010685204528272152
v 0.016789186745882034 -0.011298350989818573 -0.01132301427423954
v 0.01664392463862896 -0.009651402942836285 -0.011863447725772858
v 0.018894748762249947 -0.010887439362704754 -0.010685204528272152
v 0.01664392463862896 -0.009651402942836285 -0.011863447725772858
v 0.018709911033511162 -0.00929514691233635 -0.011231137439608574
v 0.018709911033511162 -0.00929514691233635 -0.011231137439608574
v 0.01664392463862896 -0.009651402942836285 -0.011863447725772858
v 0.016495130956172943 -0.007748431526124477 -0.012370867654681206
v 0.018709911033511162 -0.00929514691233635 -0.011231137439608574
v 0.016495130956172943 -0.007748431526124477 -0.012370867654681206
v 0.01852264441549778 -0.007458576932549477 -0.011742563918232918
v 0.01852264441549778 -0.007458576932549477 -0.011742563918232918
v 0.016495130956172943 -0.007748431526124477 -0.012370867654681206
v 0.016372526064515114 -0.0058454228565096855 -0.012760046869516373
v 0.01852264441549778 -0.007458576932549477 -0.011742563918232918
v 0.016372526064515114 -0.0058454228565096855 -0.012760046869516373
v 0.018369680270552635 -0.005624594632536173 -0.012134101241827011
v 0.018369680270552635 -0.005624594632536173 -0.012134101241827011
v 0.016372526064515114 -0.0058454228565096855 -0.012760046869516373
v 0.016280893236398697 -0.0039445445872843266 -0.01303623616695404
v 0.018369680270552635 -0.005624594632536173 -0.012134101241827011
v 0.016280893236398697 -0.0039445445872843266 -0.01303623616695404
v 0.01825605519115925 -0.0037945157382637262 -0.012411605566740036
v 0.01825605519115925 -0.0037945157382637262 -0.012411605566740036
v 0.016280893236398697 -0.0039445445872843266 -0.01303623616695404
v 0.01622338593006134 -0.002041651401668787 -0.013203781098127365
v 0.01825605519115925 -0.0037945157382637262 -0.012411605566740036
v 0.01622338593006134 -0.002041651401668787 -0.013203781098127365
v 0.018185026943683624 -0.0019636854995042086 -0.012579808942973614
v 0.018185026943683624 -0.0019636854995042086 -0.012579808942973614
v 0.01622338593006134 -0.002041651401668787 -0.013203781098127365
v 0.016202162951231003 -0.00013252772623673081 -0.013264551758766174
v 0.018185026943683624 -0.0019636854995042086 -0.012579808942973614
v 0.016202162951231003 -0.00013252772623673081 -0.013264551758766174
v 0.018158866092562675 -0.00012745951244141906 -0.012640793807804585
v 0.018158866092562675 -0.00012745951244141906 -0.012640793807804585
v 0.016202162951231003 -0.00013252772623673081 -0.013264551758766174
v 0.01625523343682289 0.0032327056396752596 -0.013111522421240807
v 0.018158866092562675 -0.00012745951244141906 -0.012640793807804585
v 0.01625523343682289 0.0032327056396752596 -0.013111522421240807
v 0.018224336206912994 0.003109527984634042 -0.012487200088799
v 0.018224336206912994 0.003109527984634042 -0.012487200088799
v 0.01625523343682289 0.0032327056396752596 -0.013111522421240807
v 0.016366541385650635 0.005738930311053991 -0.012778452597558498
v 0.018224336206912994 0.003109527984634042 -0.012487200088799
v 0.016366541385650635 0.005738930311053991 -0.012778452597558498
v 0.018362240865826607 0.005522026214748621 -0.012152602896094322
v 0.018362240865826607 0.005522026214748621 -0.012152602896094322
v 0.016366541385650635 0.005738930311053991 -0.012778452597558498
v 0.016484670341014862 0.007601621560752392 -0.01240501832216978
v 0.018362240865826607 0.005522026214748621 -0.012152602896094322
v 0.016484670341014862 0.007601621560752392 -0.01240501832216978
v 0.018509550020098686 0.007317009381949902 -0.011776946485042572
v 0.018509550020098686 0.007317009381949902 -0.011776946485042572
v 0.016484670341014862 0.007601621560752392 -0.01240501832216978
v 0.016706380993127823 0.010377547703683376 -0.011637135408818722
v 0.018509550020098686 0.007317009381949902 -0.011776946485042572
v 0.016706380993127823 0.010377547703683376 -0.011637135408818722
v 0.01878911629319191 0.009996830485761166 -0.011002681218087673
v 0.01878911629319191 0.009996830485761166 -0.011002681218087673
v 0.016706380993127823 0.010377547703683376 -0.011637135408818722
v 0.016963578760623932 0.013141597621142864 -0.01059824787080288
v 0.01878911629319191 0.009996830485761166 -0.011002681218087673
v 0.016963578760623932 0.013141597621142864 -0.01059824787080288
v 0.01911991648375988 0.012673499993979931 -0.009950936771929264
v 0.01911991648375988 0.012673499993979931 -0.009950936771929264
v 0.016963578760623932 0.013141597621142864 -0.01059824787080288
v 0.017154712229967117 0.015113894827663898 -0.009669101797044277
v 0.01911991648375988 0.012673499993979931 -0.009950936771929264
v 0.017154712229967117 0.015113894827663898 -0.009669101797044277
v 0.019372176378965378 0.014590488746762276 -0.009005802683532238
v 0.019372176378965378 0.014590488746762276 -0.009005802683532238
v 0.017154712229967117 0.015113894827663898 -0.009669101797044277
v 0.01841498725116253 0.016796201467514038 -0.008332720957696438
v 0.019372176378965378 0.014590488746762276 -0.009005802683532238
v 0.01841498725116253 0.016796201467514038 -0.008332720957696438
v 0.019597258418798447 0.01644815504550934 -0.007917463779449463
v 0.016733674332499504 -0.01715138554573059 -0.008666482754051685
v 0.016267992556095123 -0.017216738313436508 -0.00871519185602665
v 0.01725243218243122 -0.016163378953933716 -0.00910362508147955
v 0.01725243218243122 -0.016163378953933716 -0.00910362508147955
v 0.016267992556095123 -0.017216738313436508 -0.00871519185602665
v 0.014861115254461765 -0.0164460688829422 -0.009279109537601471
v 0.01725243218243122 -0.016163378953933716 -0.00910362508147955
v 0.014861115254461765 -0.0164460688829422 -0.009279109537601471
v 0.017099570482969284 -0.014542856253683567 -0.009955469518899918
v 0.017099570482969284 -0.014542856253683567 -0.009955469518899918
v 0.014861115254461765 -0.0164460688829422 -0.009279109537601471
v 0.014790459536015987 -0.015144890174269676 -0.009968023747205734
v 0.017099570482969284 -0.014542856253683567 -0.009955469518899918
v 0.014790459536015987 -0.015144890174269676 -0.009968023747205734
v 0.01477180328220129 -0.014825045131146908 -0.010125621221959591
v 0.01979878544807434 0.020504027605056763 -0.0022555221803486347
v 0.020359225571155548 0.020152563229203224 -0.0022643536794930696
v 0.020327726379036903 0.019931063055992126 -0.003076080698519945
v 0.02378343790769577 0.016252610832452774 -0.002031701849773526
v 0.02395736612379551 0.015476323664188385 -0.002684513106942177
v 0.023430122062563896 0.01690194383263588 -0.0020960902329534292
v 0.023430122062563896 0.01690194383263588 -0.0020960902329534292
v 0.02395736612379551 0.015476323664188385 -0.002684513106942177
v 0.02301786094903946 0.017055822536349297 -0.003181236330419779
v 0.024542922154068947 0.014181224629282951 -0.0017828075215220451
v 0.024568181484937668 0.013771981000900269 -0.002104862593114376
v 0.024446824565529823 0.0145430201664567 -0.0018306056736037135
v 0.024446824565529823 0.0145430201664567 -0.0018306056736037135
v 0.024568181484937668 0.013771981000900269 -0.002104862593114376
v 0.02395736612379551 0.015476323664188385 -0.002684513106942177
v 0.024446824565529823 0.0145430201664567 -0.0018306056736037135
v 0.02395736612379551 0.015476323664188385 -0.002684513106942177
v 0.02401677519083023 0.01574908383190632 -0.001976962899789214
v 0.02401677519083023 0.01574908383190632 -0.001976962899789214
v 0.02395736612379551 0.015476323664188385 -0.002684513106942177
v 0.02378343790769577 0.016252610832452774 -0.002031701849773526
v 0.014893431216478348 0.019809486344456673 -0.006746852304786444
v 0.014892417937517166 0.020345257595181465 -0.006068486720323563
v 0.016768349334597588 0.020171938464045525 -0.005906341597437859
v 0.016768349334597588 0.020171938464045525 -0.005906341597437859
v 0.014892417937517166 0.020345257595181465 -0.006068486720323563
v 0.014891371130943298 0.020788704976439476 -0.00534990755841136
v 0.016768349334597588 0.020171938464045525 -0.005906341597437859
v 0.014891371130943298 0.020788704976439476 -0.00534990755841136
v 0.016779432073235512 0.02070094458758831 -0.005021650344133377
v 0.020359225571155548 0.020152563229203224 -0.0022643536794930696
v 0.02104254625737667 0.01965012587606907 -0.002263034461066127
v 0.020327726379036903 0.019931063055992126 -0.003076080698519945
v 0.020327726379036903 0.019931063055992126 -0.003076080698519945
v 0.02104254625737667 0.01965012587606907 -0.002263034461066127
v 0.020295321941375732 0.01961931400001049 -0.003865684848278761
v 0.020327726379036903 0.019931063055992126 -0.003076080698519945
v 0.020295321941375732 0.01961931400001049 -0.003865684848278761
v 0.018611734732985497 0.020517978817224503 -0.004035058431327343
v 0.018611734732985497 0.020517978817224503 -0.004035058431327343
v 0.020295321941375732 0.01961931400001049 -0.003865684848278761
v 0.01858905516564846 0.020097972825169563 -0.004896639846265316
v 0.018566666170954704 0.019588183611631393 -0.005710185505449772
v 0.01858905516564846 0.020097972825169563 -0.004896639846265316
v 0.02026325836777687 0.019226517528295517 -0.004625288303941488
v 0.02026325836777687 0.019226517528295517 -0.004625288303941488
v 0.01858905516564846 0.020097972825169563 -0.004896639846265316
v 0.020295321941375732 0.01961931400001049 -0.003865684848278761
v 0.02026325836777687 0.019226517528295517 -0.004625288303941488
v 0.020295321941375732 0.01961931400001049 -0.003865684848278761
v 0.021781278774142265 0.018453633412718773 -0.0035787485539913177
v 0.021781278774142265 0.018453633412718773 -0.0035787485539913177
v 0.020295321941375732 0.01961931400001049 -0.003865684848278761
v 0.02104254625737667 0.01965012587606907 -0.002263034461066127
v 0.021781278774142265 0.018453633412718773 -0.0035787485539913177
v 0.02104254625737667 0.01965012587606907 -0.002263034461066127
v 0.02184537798166275 0.018933666869997978 -0.002240854548290372
v 0.01679075136780739 0.021121099591255188 -0.004079663660377264
v 0.016801990568637848 0.021438008174300194 -0.003097548382356763
v 0.01863386482000351 0.020845647901296616 -0.003137100487947464
v 0.016812438145279884 0.02166101150214672 -0.0020913954358547926
v 0.017083512619137764 0.021599020808935165 -0.0021133304107934237
v 0.016801990568637848 0.021438008174300194 -0.003097548382356763
v 0.016801990568637848 0.021438008174300194 -0.003097548382356763
v 0.017083512619137764 0.021599020808935165 -0.0021133304107934237
v 0.01742659881711006 0.021509187296032906 -0.002139232587069273
v 0.016801990568637848 0.021438008174300194 -0.003097548382356763
v 0.01742659881711006 0.021509187296032906 -0.002139232587069273
v 0.01863386482000351 0.020845647901296616 -0.003137100487947464
v 0.01863386482000351 0.020845647901296616 -0.003137100487947464
v 0.01742659881711006 0.021509187296032906 -0.002139232587069273
v 0.018654847517609596 0.021077709272503853 -0.0022139931097626686
v 0.01863386482000351 0.020845647901296616 -0.003137100487947464
v 0.018654847517609596 0.021077709272503853 -0.0022139931097626686
v 0.01916782185435295 0.020842652767896652 -0.002236246131360531
v 0.020389609038829803 0.016155090183019638 -0.007543767336755991
v 0.02017662674188614 0.017626414075493813 -0.0066395290195941925
v 0.02164563722908497 0.016746237874031067 -0.005918353796005249
v 0.020389609038829803 0.016155090183019638 -0.007543767336755991
v 0.020134808495640755 0.016255134716629982 -0.007673192303627729
v 0.02017662674188614 0.017626414075493813 -0.0066395290195941925
v 0.02017662674188614 0.017626414075493813 -0.0066395290195941925
v 0.020134808495640755 0.016255134716629982 -0.007673192303627729
v 0.019597258418798447 0.01644815504550934 -0.007917463779449463
v 0.02017662674188614 0.017626414075493813 -0.0066395290195941925
v 0.019597258418798447 0.01644815504550934 -0.007917463779449463
v 0.018524857237935066 0.01832079142332077 -0.007153881713747978
v 0.018524857237935066 0.01832079142332077 -0.007153881713747978
v 0.019597258418798447 0.01644815504550934 -0.007917463779449463
v 0.01841498725116253 0.016796201467514038 -0.008332720957696438
v 0.018524857237935066 0.01832079142332077 -0.007153881713747978
v 0.01841498725116253 0.016796201467514038 -0.008332720957696438
v 0.017319461330771446 0.017036693170666695 -0.00858669076114893
v 0.014895821921527386 0.018058620393276215 -0.008273100480437279
v 0.014894586987793446 0.01904897205531597 -0.007497739978134632
v 0.016747882589697838 0.018805881962180138 -0.007448451593518257
v 0.016747882589697838 0.018805881962180138 -0.007448451593518257
v 0.014894586987793446 0.01904897205531597 -0.007497739978134632
v 0.014894561842083931 0.01906694658100605 -0.007481926586478949
v 0.014894561842083931 0.01906694658100605 -0.007481926586478949
v 0.014893542043864727 0.019743667915463448 -0.006819817237555981
v 0.016747882589697838 0.018805881962180138 -0.007448451593518257
v 0.016747882589697838 0.018805881962180138 -0.007448451593518257
v 0.014893542043864727 0.019743667915463448 -0.006819817237555981
v 0.01675771363079548 0.01953609101474285 -0.006718035787343979
v 0.016747882589697838 0.018805881962180138 -0.007448451593518257
v 0.01675771363079548 0.01953609101474285 -0.006718035787343979
v 0.018545154482126236 0.018993278965353966 -0.006465229205787182
v 0.018545154482126236 0.018993278965353966 -0.006465229205787182
v 0.01675771363079548 0.01953609101474285 -0.006718035787343979
v 0.018566666170954704 0.019588183611631393 -0.005710185505449772
v 0.018545154482126236 0.018993278965353966 -0.006465229205787182
v 0.018566666170954704 0.019588183611631393 -0.005710185505449772
v 0.020232276991009712 0.018759671598672867 -0.005346469581127167
v 0.020232276991009712 0.018759671598672867 -0.005346469581127167
v 0.018566666170954704 0.019588183611631393 -0.005710185505449772
v 0.02026325836777687 0.019226517528295517 -0.004625288303941488
v 0.020232276991009712 0.018759671598672867 -0.005346469581127167
v 0.02026325836777687 0.019226517528295517 -0.004625288303941488
v 0.021709419786930084 0.017708195373415947 -0.004823481664061546
v 0.021709419786930084 0.017708195373415947 -0.004823481664061546
v 0.02026325836777687 0.019226517528295517 -0.004625288303941488
v 0.021781278774142265 0.018453633412718773 -0.0035787485539913177
v 0.021709419786930084 0.017708195373415947 -0.004823481664061546
v 0.021781278774142265 0.018453633412718773 -0.0035787485539913177
v 0.022946486249566078 0.016462314873933792 -0.004151480738073587
v 0.022946486249566078 0.016462314873933792 -0.004151480738073587
v 0.021781278774142265 0.018453633412718773 -0.0035787485539913177
v 0.02301786094903946 0.017055822536349297 -0.003181236330419779
v 0.022946486249566078 0.016462314873933792 -0.004151480738073587
v 0.02301786094903946 0.017055822536349297 -0.003181236330419779
v 0.023899050429463387 0.015060766600072384 -0.0033475642558187246
v 0.023899050429463387 0.015060766600072384 -0.0033475642558187246
v 0.02301786094903946 0.017055822536349297 -0.003181236330419779
v 0.02395736612379551 0.015476323664188385 -0.002684513106942177
v 0.023899050429463387 0.015060766600072384 -0.0033475642558187246
v 0.02395736612379551 0.015476323664188385 -0.002684513106942177
v 0.024533487856388092 0.013557751663029194 -0.002440058859065175
v 0.024533487856388092 0.013557751663029194 -0.002440058859065175
v 0.02395736612379551 0.015476323664188385 -0.002684513106942177
v 0.024568181484937668 0.013771981000900269 -0.002104862593114376
v 0.014896620064973831 0.017324678599834442 -0.00875936634838581
v 0.014895821921527386 0.018058620393276215 -0.008273100480437279
v 0.01626686006784439 0.017201373353600502 -0.008724816143512726
v 0.01626686006784439 0.017201373353600502 -0.008724816143512726
v 0.014895821921527386 0.018058620393276215 -0.008273100480437279
v 0.016747882589697838 0.018805881962180138 -0.007448451593518257
v 0.01626686006784439 0.017201373353600502 -0.008724816143512726
v 0.016747882589697838 0.018805881962180138 -0.007448451593518257
v 0.016733091324567795 0.01713613234460354 -0.00867591891437769
v 0.016733091324567795 0.01713613234460354 -0.00867591891437769
v 0.016747882589697838 0.018805881962180138 -0.007448451593518257
v 0.017319461330771446 0.017036693170666695 -0.00858669076114893
v 0.023846974596381187 0.014542408287525177 -0.0039361524395644665
v 0.023805776610970497 0.013931930996477604 -0.004401968792080879
v 0.022884173318743706 0.01570654660463333 -0.005007809493690729
v 0.022884173318743706 0.01570654660463333 -0.005007809493690729
v 0.023805776610970497 0.013931930996477604 -0.004401968792080879
v 0.023437853902578354 0.014305410906672478 -0.004954146221280098
v 0.022884173318743706 0.01570654660463333 -0.005007809493690729
v 0.023437853902578354 0.014305410906672478 -0.004954146221280098
v 0.023189470171928406 0.01452634297311306 -0.005277150310575962
v 0.02482682466506958 0.012012839317321777 -0.0014617800479754806
v 0.02447829581797123 0.012987898662686348 -0.0029757858719676733
v 0.024502597749233246 0.01329552661627531 -0.0027392241172492504
v 0.024502597749233246 0.01329552661627531 -0.0027392241172492504
v 0.02447829581797123 0.012987898662686348 -0.0029757858719676733
v 0.024366168305277824 0.013185261748731136 -0.003277318086475134
v 0.024502597749233246 0.01329552661627531 -0.0027392241172492504
v 0.024366168305277824 0.013185261748731136 -0.003277318086475134
v 0.023846974596381187 0.014542408287525177 -0.0039361524395644665
v 0.023846974596381187 0.014542408287525177 -0.0039361524395644665
v 0.024366168305277824 0.013185261748731136 -0.003277318086475134
v 0.02428966946899891 0.013307098299264908 -0.0034625993575900793
v 0.023846974596381187 0.014542408287525177 -0.0039361524395644665
v 0.02428966946899891 0.013307098299264908 -0.0034625993575900793
v 0.023805776610970497 0.013931930996477604 -0.004401968792080879
v 0.023189470171928406 0.01452634297311306 -0.005277150310575962
v 0.02283657155930996 0.014807961881160736 -0.005684584844857454
v 0.022884173318743706 0.01570654660463333 -0.005007809493690729
v 0.022884173318743706 0.01570654660463333 -0.005007809493690729
v 0.02283657155930996 0.014807961881160736 -0.005684584844857454
v 0.022086769342422485 0.015313554555177689 -0.006402302533388138
v 0.022884173318743706 0.01570654660463333 -0.005007809493690729
v 0.022086769342422485 0.015313554555177689 -0.006402302533388138
v 0.02164563722908497 0.016746237874031067 -0.005918353796005249
v 0.02164563722908497 0.016746237874031067 -0.005918353796005249
v 0.022086769342422485 0.015313554555177689 -0.006402302533388138
v 0.021593717858195305 0.015594315715134144 -0.006791786290705204
v 0.02164563722908497 0.016746237874031067 -0.005918353796005249
v 0.021593717858195305 0.015594315715134144 -0.006791786290705204
v 0.020389609038829803 0.016155090183019638 -0.007543767336755991
v 0.014886557124555111 0.02188277430832386 -0.0018997953739017248
v 0.016812438145279884 0.02166101150214672 -0.0020913954358547926
v 0.014887995086610317 0.02167942374944687 -0.0029495072085410357
v 0.014887995086610317 0.02167942374944687 -0.0029495072085410357
v 0.016812438145279884 0.02166101150214672 -0.0020913954358547926
v 0.016801990568637848 0.021438008174300194 -0.003097548382356763
v 0.014887995086610317 0.02167942374944687 -0.0029495072085410357
v 0.016801990568637848 0.021438008174300194 -0.003097548382356763
v 0.014888867735862732 0.021512022241950035 -0.0035800253972411156
v 0.014888867735862732 0.021512022241950035 -0.0035800253972411156
v 0.016801990568637848 0.021438008174300194 -0.003097548382356763
v 0.01679075136780739 0.021121099591255188 -0.004079663660377264
v 0.014888867735862732 0.021512022241950035 -0.0035800253972411156
v 0.01679075136780739 0.021121099591255188 -0.004079663660377264
v 0.014889838173985481 0.02127918414771557 -0.004273595288395882
v 0.014889838173985481 0.02127918414771557 -0.004273595288395882
v 0.01679075136780739 0.021121099591255188 -0.004079663660377264
v 0.016779432073235512 0.02070094458758831 -0.005021650344133377
v 0.014889838173985481 0.02127918414771557 -0.004273595288395882
v 0.016779432073235512 0.02070094458758831 -0.005021650344133377
v 0.01489082258194685 0.020983709022402763 -0.0049676839262247086
v 0.01489082258194685 0.020983709022402763 -0.0049676839262247086
v 0.016779432073235512 0.02070094458758831 -0.005021650344133377
v 0.014891371130943298 0.020788704976439476 -0.00534990755841136
v 0.02184537798166275 0.018933666869997978 -0.002240854548290372
v 0.021851759403944016 0.018927332013845444 -0.0022405735217034817
v 0.021781278774142265 0.018453633412718773 -0.0035787485539913177
v 0.021781278774142265 0.018453633412718773 -0.0035787485539913177
v 0.021851759403944016 0.018927332013845444 -0.0022405735217034817
v 0.022584060207009315 0.018117107450962067 -0.00219471356831491
v 0.021781278774142265 0.018453633412718773 -0.0035787485539913177
v 0.022584060207009315 0.018117107450962067 -0.00219471356831491
v 0.02301786094903946 0.017055822536349297 -0.003181236330419779
v 0.02301786094903946 0.017055822536349297 -0.003181236330419779
v 0.022584060207009315 0.018117107450962067 -0.00219471356831491
v 0.023091016337275505 0.01743527315557003 -0.0021431888453662395
v 0.02301786094903946 0.017055822536349297 -0.003181236330419779
v 0.023091016337275505 0.01743527315557003 -0.0021431888453662395
v 0.023430122062563896 0.01690194383263588 -0.0020960902329534292
v 0.014893542043864727 0.019743667915463448 -0.006819817237555981
v 0.014893431216478348 0.019809486344456673 -0.006746852304786444
v 0.01675771363079548 0.01953609101474285 -0.006718035787343979
v 0.01675771363079548 0.01953609101474285 -0.006718035787343979
v 0.014893431216478348 0.019809486344456673 -0.006746852304786444
v 0.016768349334597588 0.020171938464045525 -0.005906341597437859
v 0.01675771363079548 0.01953609101474285 -0.006718035787343979
v 0.016768349334597588 0.020171938464045525 -0.005906341597437859
v 0.018566666170954704 0.019588183611631393 -0.005710185505449772
v 0.018566666170954704 0.019588183611631393 -0.005710185505449772
v 0.016768349334597588 0.020171938464045525 -0.005906341597437859
v 0.016779432073235512 0.02070094458758831 -0.005021650344133377
v 0.018566666170954704 0.019588183611631393 -0.005710185505449772
v 0.016779432073235512 0.02070094458758831 -0.005021650344133377
v 0.01858905516564846 0.020097972825169563 -0.004896639846265316
v 0.01858905516564846 0.020097972825169563 -0.004896639846265316
v 0.016779432073235512 0.02070094458758831 -0.005021650344133377
v 0.01679075136780739 0.021121099591255188 -0.004079663660377264
v 0.01858905516564846 0.020097972825169563 -0.004896639846265316
v 0.01679075136780739 0.021121099591255188 -0.004079663660377264
v 0.018611734732985497 0.020517978817224503 -0.004035058431327343
v 0.018611734732985497 0.020517978817224503 -0.004035058431327343
v 0.01679075136780739 0.021121099591255188 -0.004079663660377264
v 0.01863386482000351 0.020845647901296616 -0.003137100487947464
v 0.018611734732985497 0.020517978817224503 -0.004035058431327343
v 0.01863386482000351 0.020845647901296616 -0.003137100487947464
v 0.020327726379036903 0.019931063055992126 -0.003076080698519945
v 0.020327726379036903 0.019931063055992126 -0.003076080698519945
v 0.01863386482000351 0.020845647901296616 -0.003137100487947464
v 0.01916782185435295 0.020842652767896652 -0.002236246131360531
v 0.020327726379036903 0.019931063055992126 -0.003076080698519945
v 0.01916782185435295 0.020842652767896652 -0.002236246131360531
v 0.01979878544807434 0.020504027605056763 -0.0022555221803486347
v 0.017319461330771446 0.017036693170666695 -0.00858669076114893
v 0.016747882589697838 0.018805881962180138 -0.007448451593518257
v 0.018524857237935066 0.01832079142332077 -0.007153881713747978
v 0.018524857237935066 0.01832079142332077 -0.007153881713747978
v 0.016747882589697838 0.018805881962180138 -0.007448451593518257
v 0.018545154482126236 0.018993278965353966 -0.006465229205787182
v 0.018524857237935066 0.01832079142332077 -0.007153881713747978
v 0.018545154482126236 0.018993278965353966 -0.006465229205787182
v 0.02017662674188614 0.017626414075493813 -0.0066395290195941925
v 0.02017662674188614 0.017626414075493813 -0.0066395290195941925
v 0.018545154482126236 0.018993278965353966 -0.006465229205787182
v 0.020232276991009712 0.018759671598672867 -0.005346469581127167
v 0.02017662674188614 0.017626414075493813 -0.0066395290195941925
v 0.020232276991009712 0.018759671598672867 -0.005346469581127167
v 0.02164563722908497 0.016746237874031067 -0.005918353796005249
v 0.02164563722908497 0.016746237874031067 -0.005918353796005249
v 0.020232276991009712 0.018759671598672867 -0.005346469581127167
v 0.021709419786930084 0.017708195373415947 -0.004823481664061546
v 0.02164563722908497 0.016746237874031067 -0.005918353796005249
v 0.021709419786930084 0.017708195373415947 -0.004823481664061546
v 0.022884173318743706 0.01570654660463333 -0.005007809493690729
v 0.022884173318743706 0.01570654660463333 -0.005007809493690729
v 0.021709419786930084 0.017708195373415947 -0.004823481664061546
v 0.022946486249566078 0.016462314873933792 -0.004151480738073587
v 0.022884173318743706 0.01570654660463333 -0.005007809493690729
v 0.022946486249566078 0.016462314873933792 -0.004151480738073587
v 0.023846974596381187 0.014542408287525177 -0.0039361524395644665
v 0.023846974596381187 0.014542408287525177 -0.0039361524395644665
v 0.022946486249566078 0.016462314873933792 -0.004151480738073587
v 0.023899050429463387 0.015060766600072384 -0.0033475642558187246
v 0.023846974596381187 0.014542408287525177 -0.0039361524395644665
v 0.023899050429463387 0.015060766600072384 -0.0033475642558187246
v 0.024502597749233246 0.01329552661627531 -0.0027392241172492504
v 0.024502597749233246 0.01329552661627531 -0.0027392241172492504
v 0.023899050429463387 0.015060766600072384 -0.0033475642558187246
v 0.024533487856388092 0.013557751663029194 -0.002440058859065175
v 0.024502597749233246 0.01329552661627531 -0.0027392241172492504
v 0.024533487856388092 0.013557751663029194 -0.002440058859065175
v 0.02482682466506958 0.012012839317321777 -0.0014617800479754806
v 0.024568181484937668 0.013771981000900269 -0.002104862593114376
v 0.02482682466506958 0.012012839317321777 -0.0014617800479754806
v 0.024533487856388092 0.013557751663029194 -0.002440058859065175
v 0.024542922154068947 0.014181224629282951 -0.0017828075215220451
v 0.024604609236121178 0.013914177194237709 -0.0017464333213865757
v 0.024568181484937668 0.013771981000900269 -0.002104862593114376
v 0.024568181484937668 0.013771981000900269 -0.002104862593114376
v 0.024604609236121178 0.013914177194237709 -0.0017464333213865757
v 0.02482682466506958 0.012012839317321777 -0.0014617800479754806
v 0.024542922154068947 0.014181224629282951 -0.0017828075215220451
v 0.024446824565529823 0.0145430201664567 -0.0018306056736037135
v 0.02452024817466736 0.014607810415327549 -0.0011912063928321004
v 0.017488358542323112 0.021637441590428352 -0.001213818439282477
v 0.017083512619137764 0.021599020808935165 -0.0021133304107934237
v 0.016812438145279884 0.02166101150214672 -0.0020913954358547926
v 0.016812438145279884 0.02166101150214672 -0.0020913954358547926
v 0.014886557124555111 0.02188277430832386 -0.0018997953739017248
v 0.017488358542323112 0.021637441590428352 -0.001213818439282477
v 0.017488358542323112 0.021637441590428352 -0.001213818439282477
v 0.014886557124555111 0.02188277430832386 -0.0018997953739017248
v 0.014907264150679111 0.021946709603071213 -0.0014451387105509639
v 0.017488358542323112 0.021637441590428352 -0.001213818439282477
v 0.014907264150679111 0.021946709603071213 -0.0014451387105509639
v 0.014928228221833706 0.02199745923280716 -0.0009989875834435225
v 0.01979878544807434 0.020504027605056763 -0.0022555221803486347
v 0.01916782185435295 0.020842652767896652 -0.002236246131360531
v 0.01987619139254093 0.02063208632171154 -0.001346280099824071
v 0.01987619139254093 0.02063208632171154 -0.001346280099824071
v 0.01916782185435295 0.020842652767896652 -0.002236246131360531
v 0.018654847517609596 0.021077709272503853 -0.0022139931097626686
v 0.01987619139254093 0.02063208632171154 -0.001346280099824071
v 0.018654847517609596 0.021077709272503853 -0.0022139931097626686
v 0.017488358542323112 0.021637441590428352 -0.001213818439282477
v 0.017488358542323112 0.021637441590428352 -0.001213818439282477
v 0.018654847517609596 0.021077709272503853 -0.0022139931097626686
v 0.01742659881711006 0.021509187296032906 -0.002139232587069273
v 0.017488358542323112 0.021637441590428352 -0.001213818439282477
v 0.01742659881711006 0.021509187296032906 -0.002139232587069273
v 0.017083512619137764 0.021599020808935165 -0.0021133304107934237
v 0.021851759403944016 0.018927332013845444 -0.0022405735217034817
v 0.02184537798166275 0.018933666869997978 -0.002240854548290372
v 0.021931026130914688 0.01904905028641224 -0.0013874578289687634
v 0.021931026130914688 0.01904905028641224 -0.0013874578289687634
v 0.02184537798166275 0.018933666869997978 -0.002240854548290372
v 0.02104254625737667 0.01965012587606907 -0.002263034461066127
v 0.021931026130914688 0.01904905028641224 -0.0013874578289687634
v 0.02104254625737667 0.01965012587606907 -0.002263034461066127
v 0.01987619139254093 0.02063208632171154 -0.001346280099824071
v 0.01987619139254093 0.02063208632171154 -0.001346280099824071
v 0.02104254625737667 0.01965012587606907 -0.002263034461066127
v 0.020359225571155548 0.020152563229203224 -0.0022643536794930696
v 0.01987619139254093 0.02063208632171154 -0.001346280099824071
v 0.020359225571155548 0.020152563229203224 -0.0022643536794930696
v 0.01979878544807434 0.020504027605056763 -0.0022555221803486347
v 0.02378343790769577 0.016252610832452774 -0.002031701849773526
v 0.023430122062563896 0.01690194383263588 -0.0020960902329534292
v 0.02351456880569458 0.01699487678706646 -0.001334580359980464
v 0.02351456880569458 0.01699487678706646 -0.001334580359980464
v 0.023430122062563896 0.01690194383263588 -0.0020960902329534292
v 0.023091016337275505 0.01743527315557003 -0.0021431888453662395
v 0.02351456880569458 0.01699487678706646 -0.001334580359980464
v 0.023091016337275505 0.01743527315557003 -0.0021431888453662395
v 0.021931026130914688 0.01904905028641224 -0.0013874578289687634
v 0.021931026130914688 0.01904905028641224 -0.0013874578289687634
v 0.023091016337275505 0.01743527315557003 -0.0021431888453662395
v 0.022584060207009315 0.018117107450962067 -0.00219471356831491
v 0.021931026130914688 0.01904905028641224 -0.0013874578289687634
v 0.022584060207009315 0.018117107450962067 -0.00219471356831491
v 0.021851759403944016 0.018927332013845444 -0.0022405735217034817
v 0.02452024817466736 0.014607810415327549 -0.0011912063928321004
v 0.024446824565529823 0.0145430201664567 -0.0018306056736037135
v 0.02351456880569458 0.01699487678706646 -0.001334580359980464
v 0.02351456880569458 0.01699487678706646 -0.001334580359980464
v 0.024446824565529823 0.0145430201664567 -0.0018306056736037135
v 0.02401677519083023 0.01574908383190632 -0.001976962899789214
v 0.02351456880569458 0.01699487678706646 -0.001334580359980464
v 0.02401677519083023 0.01574908383190632 -0.001976962899789214
v 0.02378343790769577 0.016252610832452774 -0.002031701849773526
v 0.02488037943840027 0.012048500590026379 -0.0009669850114732981
v 0.02482682466506958 0.012012839317321777 -0.0014617800479754806
v 0.02452024817466736 0.014607810415327549 -0.0011912063928321004
v 0.02452024817466736 0.014607810415327549 -0.0011912063928321004
v 0.02482682466506958 0.012012839317321777 -0.0014617800479754806
v 0.024604609236121178 0.013914177194237709 -0.0017464333213865757
v 0.02452024817466736 0.014607810415327549 -0.0011912063928321004
v 0.024604609236121178 0.013914177194237709 -0.0017464333213865757
v 0.024542922154068947 0.014181224629282951 -0.0017828075215220451
v 0.024973873049020767 0.012100628577172756 0.0003330514009576291
v 0.02488037943840027 0.012048500590026379 -0.0009669850114732981
v 0.024629663676023483 0.01468400564044714 0.000248259719228372
v 0.024629663676023483 0.01468400564044714 0.000248259719228372
v 0.02488037943840027 0.012048500590026379 -0.0009669850114732981
v 0.02452024817466736 0.014607810415327549 -0.0011912063928321004
v 0.024629663676023483 0.01468400564044714 0.000248259719228372
v 0.02452024817466736 0.014607810415327549 -0.0011912063928321004
v 0.02362961694598198 0.017091726884245872 0.0002003110566874966
v 0.02362961694598198 0.017091726884245872 0.0002003110566874966
v 0.02452024817466736 0.014607810415327549 -0.0011912063928321004
v 0.02351456880569458 0.01699487678706646 -0.001334580359980464
v 0.02362961694598198 0.017091726884245872 0.0002003110566874966
v 0.02351456880569458 0.01699487678706646 -0.001334580359980464
v 0.02204173244535923 0.01916007697582245 0.00019246566807851195
v 0.02204173244535923 0.01916007697582245 0.00019246566807851195
v 0.02351456880569458 0.01699487678706646 -0.001334580359980464
v 0.021931026130914688 0.01904905028641224 -0.0013874578289687634
v 0.02204173244535923 0.01916007697582245 0.00019246566807851195
v 0.021931026130914688 0.01904905028641224 -0.0013874578289687634
v 0.019973980262875557 0.02074841968715191 0.00022525701206177473
v 0.019973980262875557 0.02074841968715191 0.00022525701206177473
v 0.021931026130914688 0.01904905028641224 -0.0013874578289687634
v 0.01987619139254093 0.02063208632171154 -0.001346280099824071
v 0.019973980262875557 0.02074841968715191 0.00022525701206177473
v 0.01987619139254093 0.02063208632171154 -0.001346280099824071
v 0.017566954717040062 0.021748753264546394 0.00029645542963407934
v 0.017566954717040062 0.021748753264546394 0.00029645542963407934
v 0.01987619139254093 0.02063208632171154 -0.001346280099824071
v 0.017488358542323112 0.021637441590428352 -0.001213818439282477
v 0.017566954717040062 0.021748753264546394 0.00029645542963407934
v 0.017488358542323112 0.021637441590428352 -0.001213818439282477
v 0.01498432457447052 0.022093065083026886 0.0004012197896372527
v 0.01498432457447052 0.022093065083026886 0.0004012197896372527
v 0.017488358542323112 0.021637441590428352 -0.001213818439282477
v 0.014928228221833706 0.02199745923280716 -0.0009989875834435225
v 0.02500000037252903 0.01211540587246418 0.0014756923774257302
v 0.024973873049020767 0.012100628577172756 0.0003330514009576291
v 0.024659257382154465 0.014703541062772274 0.0014588875928893685
v 0.024659257382154465 0.014703541062772274 0.0014588875928893685
v 0.024973873049020767 0.012100628577172756 0.0003330514009576291
v 0.024629663676023483 0.01468400564044714 0.000248259719228372
v 0.024659257382154465 0.014703541062772274 0.0014588875928893685
v 0.024629663676023483 0.01468400564044714 0.000248259719228372
v 0.02366025373339653 0.01711530052125454 0.0014432278694584966
v 0.02366025373339653 0.01711530052125454 0.0014432278694584966
v 0.024629663676023483 0.01468400564044714 0.000248259719228372
v 0.02362961694598198 0.017091726884245872 0.0002003110566874966
v 0.02366025373339653 0.01711530052125454 0.0014432278694584966
v 0.02362961694598198 0.017091726884245872 0.0002003110566874966
v 0.02207106724381447 0.019186323508620262 0.0014297806192189455
v 0.02207106724381447 0.019186323508620262 0.0014297806192189455
v 0.02362961694598198 0.017091726884245872 0.0002003110566874966
v 0.02204173244535923 0.01916007697582245 0.00019246566807851195
v 0.02207106724381447 0.019186323508620262 0.0014297806192189455
v 0.02204173244535923 0.01916007697582245 0.00019246566807851195
v 0.019999999552965164 0.020775476470589638 0.001419462263584137
v 0.019999999552965164 0.020775476470589638 0.001419462263584137
v 0.02204173244535923 0.01916007697582245 0.00019246566807851195
v 0.019973980262875557 0.02074841968715191 0.00022525701206177473
v 0.019999999552965164 0.020775476470589638 0.001419462263584137
v 0.019973980262875557 0.02074841968715191 0.00022525701206177473
v 0.017588190734386444 0.02177445963025093 0.0014129758346825838
v 0.017588190734386444 0.02177445963025093 0.0014129758346825838
v 0.019973980262875557 0.02074841968715191 0.00022525701206177473
v 0.017566954717040062 0.021748753264546394 0.00029645542963407934
v 0.017588190734386444 0.02177445963025093 0.0014129758346825838
v 0.017566954717040062 0.021748753264546394 0.00029645542963407934
v 0.014999999664723873 0.0221151951700449 0.001410763361491263
v 0.014999999664723873 0.0221151951700449 0.001410763361491263
v 0.017566954717040062 0.021748753264546394 0.00029645542963407934
v 0.01498432457447052 0.022093065083026886 0.0004012197896372527
v 0.017135245725512505 0.02188493311405182 0.0014756923774257302
v 0.017588190734386444 0.021774813532829285 0.0014756923774257302
v 0.017588190734386444 0.02177445963025093 0.0014129758346825838
v 0.01593487150967121 0.02188294567167759 0.007475692313164473
v 0.014999999664723873 0.021926753222942352 0.007475692313164473
v 0.014999999664723873 0.02191239781677723 0.008851306512951851
v 0.02492477186024189 0.01349677424877882 0.013475692830979824
v 0.02500000037252903 0.012255985289812088 0.013475692830979824
v 0.02500000037252903 0.012088228017091751 0.012218724936246872
v 0.024415763095021248 0.015674473717808723 0.013475692830979824
v 0.02470247820019722 0.014711677096784115 0.013475692830979824
v 0.024659257382154465 0.014849686995148659 0.013295862823724747
v 0.024659257382154465 0.014849686995148659 0.013295862823724747
v 0.02470247820019722 0.014711677096784115 0.013475692830979824
v 0.02492477186024189 0.01349677424877882 0.013475692830979824
v 0.024659257382154465 0.014849686995148659 0.013295862823724747
v 0.02492477186024189 0.01349677424877882 0.013475692830979824
v 0.024659257382154465 0.014661438763141632 0.011940664611756802
v 0.02366025373339653 0.01722666621208191 0.012887461110949516
v 0.0239320769906044 0.01682421937584877 0.013475692830979824
v 0.024415763095021248 0.015674473717808723 0.013475692830979824
v 0.02273521013557911 0.018707294017076492 0.013475692830979824
v 0.023319069296121597 0.017899585887789726 0.013475692830979824
v 0.02366025373339653 0.01722666621208191 0.012887461110949516
v 0.02366025373339653 0.01722666621208191 0.012887461110949516
v 0.023319069296121597 0.017899585887789726 0.013475692830979824
v 0.023660097271203995 0.017338518053293228 0.013475692830979824
v 0.02366025373339653 0.01722666621208191 0.012887461110949516
v 0.023660097271203995 0.017338518053293228 0.013475692830979824
v 0.0239320769906044 0.01682421937584877 0.013475692830979824
v 0.02207106724381447 0.019267825409770012 0.012536759488284588
v 0.02207101695239544 0.01946057751774788 0.013475692830979824
v 0.02273521013557911 0.018707294017076492 0.013475692830979824
v 0.019999999552965164 0.021013088524341583 0.013134745880961418
v 0.020000100135803223 0.021101796999573708 0.013475692830979824
v 0.02013319917023182 0.021020645275712013 0.013475692830979824
v 0.02013319917023182 0.021020645275712013 0.013475692830979824
v 0.020982058718800545 0.020432043820619583 0.013475692830979824
v 0.019999999552965164 0.021013088524341583 0.013134745880961418
v 0.019999999552965164 0.021013088524341583 0.013134745880961418
v 0.020982058718800545 0.020432043820619583 0.013475692830979824
v 0.021906156092882156 0.019626351073384285 0.013475692830979824
v 0.019999999552965164 0.021013088524341583 0.013134745880961418
v 0.021906156092882156 0.019626351073384285 0.013475692830979824
v 0.019999999552965164 0.0208340622484684 0.01226765662431717
v 0.017588190734386444 0.021983636543154716 0.012897999957203865
v 0.01795010454952717 0.02203359082341194 0.013475692830979824
v 0.019066348671913147 0.021596340462565422 0.013475692830979824
v 0.015758005902171135 0.0224697794765234 0.013475692830979824
v 0.016936510801315308 0.02230134792625904 0.013475692830979824
v 0.017588190734386444 0.021983636543154716 0.012897999957203865
v 0.017588190734386444 0.021983636543154716 0.012897999957203865
v 0.016936510801315308 0.02230134792625904 0.013475692830979824
v 0.0175884198397398 0.022142650559544563 0.013475692830979824
v 0.017588190734386444 0.021983636543154716 0.012897999957203865
v 0.0175884198397398 0.022142650559544563 0.013475692830979824
v 0.01795010454952717 0.02203359082341194 0.013475692830979824
v 0.014999999664723873 0.02231467142701149 0.01281724963337183
v 0.014999999664723873 0.02250000089406967 0.013475692830979824
v 0.015758005902171135 0.0224697794765234 0.013475692830979824
v 0.019177112728357315 0.02101227454841137 0.007475692313164473
v 0.01831439696252346 0.021361345425248146 0.007475692313164473
v 0.017588190734386444 0.02157166413962841 0.008853660896420479
v 0.017588190734386444 0.02157166413962841 0.008853660896420479
v 0.01831439696252346 0.021361345425248146 0.007475692313164473
v 0.017588192597031593 0.02158590592443943 0.007475692313164473
v 0.017588190734386444 0.02157166413962841 0.008853660896420479
v 0.017588192597031593 0.02158590592443943 0.007475692313164473
v 0.017136050388216972 0.021695883944630623 0.007475692313164473
v 0.021250000223517418 0.019736947491765022 0.00729487556964159
v 0.021250000223517418 0.019732346758246422 0.007475692313164473
v 0.02207106724381447 0.01898353546857834 0.00887154322117567
v 0.021250000223517418 0.019732346758246422 0.007475692313164473
v 0.020248744636774063 0.020438101142644882 0.007475692313164473
v 0.019999999552965164 0.020572682842612267 0.008860562928020954
v 0.019999999552965164 0.020572682842612267 0.008860562928020954
v 0.020248744636774063 0.020438101142644882 0.007475692313164473
v 0.020000003278255463 0.02058660238981247 0.007475692313164473
v 0.019999999552965164 0.020572682842612267 0.008860562928020954
v 0.020000003278255463 0.02058660238981247 0.007475692313164473
v 0.019177112728357315 0.02101227454841137 0.007475692313164473
v 0.02207106724381447 0.01898353546857834 0.00887154322117567
v 0.02207106724381447 0.01900203339755535 0.0072751231491565704
v 0.021250000223517418 0.019736947491765022 0.00729487556964159
v 0.021250000223517418 0.019736947491765022 0.00729487556964159
v 0.02207106724381447 0.01900203339755535 0.0072751231491565704
v 0.02207106724381447 0.019069453701376915 0.005449619609862566
v 0.021250000223517418 0.019736947491765022 0.00729487556964159
v 0.02207106724381447 0.019069453701376915 0.005449619609862566
v 0.021250000223517418 0.01980394870042801 0.005481323692947626
v 0.021250000223517418 0.01980394870042801 0.005481323692947626
v 0.02207106724381447 0.019069453701376915 0.005449619609862566
v 0.02207106724381447 0.019148502498865128 0.0035453708842396736
v 0.021250000223517418 0.01980394870042801 0.005481323692947626
v 0.02207106724381447 0.019148502498865128 0.0035453708842396736
v 0.021250000223517418 0.01988321729004383 0.003571499604731798
v 0.019999999552965164 0.020775476470589638 0.001419462263584137
v 0.020248593762516975 0.020627431571483612 0.0014756923774257302
v 0.021250000223517418 0.01992177963256836 0.0014756923774257302
v 0.021250000223517418 0.01988321729004383 0.003571499604731798
v 0.02207106724381447 0.019148502498865128 0.0035453708842396736
v 0.021250000223517418 0.01992177963256836 0.0014756923774257302
v 0.021250000223517418 0.01992177963256836 0.0014756923774257302
v 0.02207106724381447 0.019148502498865128 0.0035453708842396736
v 0.02207106724381447 0.019186323508620262 0.0014297806192189455
v 0.021250000223517418 0.01992177963256836 0.0014756923774257302
v 0.02207106724381447 0.019186323508620262 0.0014297806192189455
v 0.019999999552965164 0.020775476470589638 0.001419462263584137
v 0.017588190734386444 0.021774813532829285 0.0014756923774257302
v 0.018313797190785408 0.021550526842474937 0.0014756923774257302
v 0.017588190734386444 0.02177445963025093 0.0014129758346825838
v 0.017588190734386444 0.02177445963025093 0.0014129758346825838
v 0.018313797190785408 0.021550526842474937 0.0014756923774257302
v 0.01917680725455284 0.021201487630605698 0.0014756923774257302
v 0.017588190734386444 0.02177445963025093 0.0014129758346825838
v 0.01917680725455284 0.021201487630605698 0.0014756923774257302
v 0.019999999552965164 0.020775476470589638 0.001419462263584137
v 0.019999999552965164 0.020775476470589638 0.001419462263584137
v 0.01917680725455284 0.021201487630605698 0.0014756923774257302
v 0.019999999552965164 0.020775796845555305 0.0014756923774257302
v 0.019999999552965164 0.020775476470589638 0.001419462263584137
v 0.019999999552965164 0.020775796845555305 0.0014756923774257302
v 0.020248593762516975 0.020627431571483612 0.0014756923774257302
v 0.017135245725512505 0.02188493311405182 0.0014756923774257302
v 0.017588190734386444 0.02177445963025093 0.0014129758346825838
v 0.015933865681290627 0.022071857005357742 0.0014756923774257302
v 0.015933865681290627 0.022071857005357742 0.0014756923774257302
v 0.017588190734386444 0.02177445963025093 0.0014129758346825838
v 0.014999999664723873 0.0221151951700449 0.001410763361491263
v 0.015933865681290627 0.022071857005357742 0.0014756923774257302
v 0.014999999664723873 0.0221151951700449 0.001410763361491263
v 0.014999999664723873 0.022115558385849 0.0014756923774257302
v 0.021250000223517418 0.019732346758246422 0.007475692313164473
v 0.019999999552965164 0.020572682842612267 0.008860562928020954
v 0.02207106724381447 0.01898353546857834 0.00887154322117567
v 0.02207106724381447 0.01898353546857834 0.00887154322117567
v 0.019999999552965164 0.020572682842612267 0.008860562928020954
v 0.019999999552965164 0.0206096563488245 0.010165374726057053
v 0.02207106724381447 0.01898353546857834 0.00887154322117567
v 0.019999999552965164 0.0206096563488245 0.010165374726057053
v 0.02207106724381447 0.01902267150580883 0.010249021463096142
v 0.02207106724381447 0.01902267150580883 0.010249021463096142
v 0.019999999552965164 0.0206096563488245 0.010165374726057053
v 0.019999999552965164 0.02069835737347603 0.01128831971436739
v 0.02207106724381447 0.01902267150580883 0.010249021463096142
v 0.019999999552965164 0.02069835737347603 0.01128831971436739
v 0.02207106724381447 0.01911837048828602 0.011459051631391048
v 0.02207106724381447 0.01911837048828602 0.011459051631391048
v 0.019999999552965164 0.02069835737347603 0.01128831971436739
v 0.019999999552965164 0.0208340622484684 0.01226765662431717
v 0.02207106724381447 0.01911837048828602 0.011459051631391048
v 0.019999999552965164 0.0208340622484684 0.01226765662431717
v 0.02207106724381447 0.019267825409770012 0.012536759488284588
v 0.02207106724381447 0.019267825409770012 0.012536759488284588
v 0.019999999552965164 0.0208340622484684 0.01226765662431717
v 0.021906156092882156 0.019626351073384285 0.013475692830979824
v 0.02207106724381447 0.019267825409770012 0.012536759488284588
v 0.021906156092882156 0.019626351073384285 0.013475692830979824
v 0.02207101695239544 0.01946057751774788 0.013475692830979824
v 0.019177112728357315 0.02101227454841137 0.007475692313164473
v 0.017588190734386444 0.02157166413962841 0.008853660896420479
v 0.019999999552965164 0.020572682842612267 0.008860562928020954
v 0.019999999552965164 0.020572682842612267 0.008860562928020954
v 0.017588190734386444 0.02157166413962841 0.008853660896420479
v 0.017588190734386444 0.021607274189591408 0.010112793184816837
v 0.019999999552965164 0.020572682842612267 0.008860562928020954
v 0.017588190734386444 0.021607274189591408 0.010112793184816837
v 0.019999999552965164 0.0206096563488245 0.010165374726057053
v 0.019999999552965164 0.0206096563488245 0.010165374726057053
v 0.017588190734386444 0.021607274189591408 0.010112793184816837
v 0.017588190734386444 0.0216915812343359 0.011180992238223553
v 0.019999999552965164 0.0206096563488245 0.010165374726057053
v 0.017588190734386444 0.0216915812343359 0.011180992238223553
v 0.019999999552965164 0.02069835737347603 0.01128831971436739
v 0.019999999552965164 0.02069835737347603 0.01128831971436739
v 0.017588190734386444 0.0216915812343359 0.011180992238223553
v 0.017588190734386444 0.02181863971054554 0.012098491191864014
v 0.019999999552965164 0.02069835737347603 0.01128831971436739
v 0.017588190734386444 0.02181863971054554 0.012098491191864014
v 0.019999999552965164 0.0208340622484684 0.01226765662431717
v 0.019999999552965164 0.0208340622484684 0.01226765662431717
v 0.017588190734386444 0.02181863971054554 0.012098491191864014
v 0.017588190734386444 0.021983636543154716 0.012897999957203865
v 0.019999999552965164 0.0208340622484684 0.01226765662431717
v 0.017588190734386444 0.021983636543154716 0.012897999957203865
v 0.019999999552965164 0.021013088524341583 0.013134745880961418
v 0.019999999552965164 0.021013088524341583 0.013134745880961418
v 0.017588190734386444 0.021983636543154716 0.012897999957203865
v 0.019066348671913147 0.021596340462565422 0.013475692830979824
v 0.019999999552965164 0.021013088524341583 0.013134745880961418
v 0.019066348671913147 0.021596340462565422 0.013475692830979824
v 0.020000100135803223 0.021101796999573708 0.013475692830979824
v 0.015758005902171135 0.0224697794765234 0.013475692830979824
v 0.017588190734386444 0.021983636543154716 0.012897999957203865
v 0.014999999664723873 0.02231467142701149 0.01281724963337183
v 0.014999999664723873 0.02231467142701149 0.01281724963337183
v 0.017588190734386444 0.021983636543154716 0.012897999957203865
v 0.017588190734386444 0.02181863971054554 0.012098491191864014
v 0.014999999664723873 0.02231467142701149 0.01281724963337183
v 0.017588190734386444 0.02181863971054554 0.012098491191864014
v 0.014999999664723873 0.022154459729790688 0.012040792033076286
v 0.014999999664723873 0.022154459729790688 0.012040792033076286
v 0.017588190734386444 0.02181863971054554 0.012098491191864014
v 0.017588190734386444 0.0216915812343359 0.011180992238223553
v 0.014999999664723873 0.022154459729790688 0.012040792033076286
v 0.017588190734386444 0.0216915812343359 0.011180992238223553
v 0.014999999664723873 0.02203034982085228 0.011144385673105717
v 0.014999999664723873 0.02203034982085228 0.011144385673105717
v 0.017588190734386444 0.0216915812343359 0.011180992238223553
v 0.017588190734386444 0.021607274189591408 0.010112793184816837
v 0.014999999664723873 0.02203034982085228 0.011144385673105717
v 0.017588190734386444 0.021607274189591408 0.010112793184816837
v 0.014999999664723873 0.021947544068098068 0.010094857774674892
v 0.014999999664723873 0.021947544068098068 0.010094857774674892
v 0.017588190734386444 0.021607274189591408 0.010112793184816837
v 0.017588190734386444 0.02157166413962841 0.008853660896420479
v 0.014999999664723873 0.021947544068098068 0.010094857774674892
v 0.017588190734386444 0.02157166413962841 0.008853660896420479
v 0.014999999664723873 0.02191239781677723 0.008851306512951851
v 0.014999999664723873 0.02191239781677723 0.008851306512951851
v 0.017588190734386444 0.02157166413962841 0.008853660896420479
v 0.017136050388216972 0.021695883944630623 0.007475692313164473
v 0.014999999664723873 0.02191239781677723 0.008851306512951851
v 0.017136050388216972 0.021695883944630623 0.007475692313164473
v 0.01593487150967121 0.02188294567167759 0.007475692313164473
v 0.02492477186024189 0.01349677424877882 0.013475692830979824
v 0.02500000037252903 0.012088228017091751 0.012218724936246872
v 0.024659257382154465 0.014661438763141632 0.011940664611756802
v 0.024659257382154465 0.014661438763141632 0.011940664611756802
v 0.02500000037252903 0.012088228017091751 0.012218724936246872
v 0.02500000037252903 0.011961406096816063 0.010621204972267151
v 0.024659257382154465 0.014661438763141632 0.011940664611756802
v 0.02500000037252903 0.011961406096816063 0.010621204972267151
v 0.024659257382154465 0.01454600878059864 0.010484976693987846
v 0.024659257382154465 0.01454600878059864 0.010484976693987846
v 0.02500000037252903 0.011961406096816063 0.010621204972267151
v 0.02500000037252903 0.011912635527551174 0.008920397609472275
v 0.024659257382154465 0.01454600878059864 0.010484976693987846
v 0.02500000037252903 0.011912635527551174 0.008920397609472275
v 0.024659257382154465 0.014500764198601246 0.008902515284717083
v 0.024659257382154465 0.014500764198601246 0.008902515284717083
v 0.02500000037252903 0.011912635527551174 0.008920397609472275
v 0.02500000037252903 0.011933518573641777 0.007085138466209173
v 0.024659257382154465 0.014500764198601246 0.008902515284717083
v 0.02500000037252903 0.011933518573641777 0.007085138466209173
v 0.024659257382154465 0.014520774595439434 0.007154677528887987
v 0.024659257382154465 0.014520774595439434 0.007154677528887987
v 0.02500000037252903 0.011933518573641777 0.007085138466209173
v 0.02500000037252903 0.012004964053630829 0.005144686903804541
v 0.024659257382154465 0.014520774595439434 0.007154677528887987
v 0.02500000037252903 0.012004964053630829 0.005144686903804541
v 0.024659257382154465 0.014590746723115444 0.005256300326436758
v 0.024659257382154465 0.014590746723115444 0.005256300326436758
v 0.02500000037252903 0.012004964053630829 0.005144686903804541
v 0.02500000037252903 0.012081902474164963 0.0032940609380602837
v 0.024659257382154465 0.014590746723115444 0.005256300326436758
v 0.02500000037252903 0.012081902474164963 0.0032940609380602837
v 0.024659257382154465 0.014668457210063934 0.00338604673743248
v 0.024659257382154465 0.014668457210063934 0.00338604673743248
v 0.02500000037252903 0.012081902474164963 0.0032940609380602837
v 0.02500000037252903 0.01211540587246418 0.0014756923774257302
v 0.024659257382154465 0.014668457210063934 0.00338604673743248
v 0.02500000037252903 0.01211540587246418 0.0014756923774257302
v 0.024659257382154465 0.014703541062772274 0.0014588875928893685
v 0.024415763095021248 0.015674473717808723 0.013475692830979824
v 0.024659257382154465 0.014849686995148659 0.013295862823724747
v 0.02366025373339653 0.01722666621208191 0.012887461110949516
v 0.02366025373339653 0.01722666621208191 0.012887461110949516
v 0.024659257382154465 0.014849686995148659 0.013295862823724747
v 0.024659257382154465 0.014661438763141632 0.011940664611756802
v 0.02366025373339653 0.01722666621208191 0.012887461110949516
v 0.024659257382154465 0.014661438763141632 0.011940664611756802
v 0.02366025373339653 0.017059288918972015 0.011681554839015007
v 0.02366025373339653 0.017059288918972015 0.011681554839015007
v 0.024659257382154465 0.014661438763141632 0.011940664611756802
v 0.024659257382154465 0.01454600878059864 0.010484976693987846
v 0.02366025373339653 0.017059288918972015 0.011681554839015007
v 0.024659257382154465 0.01454600878059864 0.010484976693987846
v 0.02366025373339653 0.01695447601377964 0.010358031839132309
v 0.02366025373339653 0.01695447601377964 0.010358031839132309
v 0.024659257382154465 0.01454600878059864 0.010484976693987846
v 0.024659257382154465 0.014500764198601246 0.008902515284717083
v 0.02366025373339653 0.01695447601377964 0.010358031839132309
v 0.024659257382154465 0.014500764198601246 0.008902515284717083
v 0.02366025373339653 0.016912516206502914 0.008885852061212063
v 0.02366025373339653 0.016912516206502914 0.008885852061212063
v 0.024659257382154465 0.014500764198601246 0.008902515284717083
v 0.024659257382154465 0.014520774595439434 0.007154677528887987
v 0.02366025373339653 0.016912516206502914 0.008885852061212063
v 0.024659257382154465 0.014520774595439434 0.007154677528887987
v 0.02366025373339653 0.016931714490056038 0.0072194780223071575
v 0.02366025373339653 0.016931714490056038 0.0072194780223071575
v 0.024659257382154465 0.014520774595439434 0.007154677528887987
v 0.024659257382154465 0.014590746723115444 0.005256300326436758
v 0.02366025373339653 0.016931714490056038 0.0072194780223071575
v 0.024659257382154465 0.014590746723115444 0.005256300326436758
v 0.02366025373339653 0.017000311985611916 0.0053603071719408035
v 0.02366025373339653 0.017000311985611916 0.0053603071719408035
v 0.024659257382154465 0.014590746723115444 0.005256300326436758
v 0.024659257382154465 0.014668457210063934 0.00338604673743248
v 0.02366025373339653 0.017000311985611916 0.0053603071719408035
v 0.024659257382154465 0.014668457210063934 0.00338604673743248
v 0.02366025373339653 0.017078744247555733 0.0034717638045549393
v 0.02366025373339653 0.017078744247555733 0.0034717638045549393
v 0.024659257382154465 0.014668457210063934 0.00338604673743248
v 0.024659257382154465 0.014703541062772274 0.0014588875928893685
v 0.02366025373339653 0.017078744247555733 0.0034717638045549393
v 0.024659257382154465 0.014703541062772274 0.0014588875928893685
v 0.02366025373339653 0.01711530052125454 0.0014432278694584966
v 0.02273521013557911 0.018707294017076492 0.013475692830979824
v 0.02366025373339653 0.01722666621208191 0.012887461110949516
v 0.02207106724381447 0.019267825409770012 0.012536759488284588
v 0.02207106724381447 0.019267825409770012 0.012536759488284588
v 0.02366025373339653 0.01722666621208191 0.012887461110949516
v 0.02366025373339653 0.017059288918972015 0.011681554839015007
v 0.02207106724381447 0.019267825409770012 0.012536759488284588
v 0.02366025373339653 0.017059288918972015 0.011681554839015007
v 0.02207106724381447 0.01911837048828602 0.011459051631391048
v 0.02207106724381447 0.01911837048828602 0.011459051631391048
v 0.02366025373339653 0.017059288918972015 0.011681554839015007
v 0.02366025373339653 0.01695447601377964 0.010358031839132309
v 0.02207106724381447 0.01911837048828602 0.011459051631391048
v 0.02366025373339653 0.01695447601377964 0.010358031839132309
v 0.02207106724381447 0.01902267150580883 0.010249021463096142
v 0.02207106724381447 0.01902267150580883 0.010249021463096142
v 0.02366025373339653 0.01695447601377964 0.010358031839132309
v 0.02366025373339653 0.016912516206502914 0.008885852061212063
v 0.02207106724381447 0.01902267150580883 0.010249021463096142
v 0.02366025373339653 0.016912516206502914 0.008885852061212063
v 0.02207106724381447 0.01898353546857834 0.00887154322117567
v 0.02207106724381447 0.01898353546857834 0.00887154322117567
v 0.02366025373339653 0.016912516206502914 0.008885852061212063
v 0.02366025373339653 0.016931714490056038 0.0072194780223071575
v 0.02207106724381447 0.01898353546857834 0.00887154322117567
v 0.02366025373339653 0.016931714490056038 0.0072194780223071575
v 0.02207106724381447 0.01900203339755535 0.0072751231491565704
v 0.02207106724381447 0.01900203339755535 0.0072751231491565704
v 0.02366025373339653 0.016931714490056038 0.0072194780223071575
v 0.02366025373339653 0.017000311985611916 0.0053603071719408035
v 0.02207106724381447 0.01900203339755535 0.0072751231491565704
v 0.02366025373339653 0.017000311985611916 0.0053603071719408035
v 0.02207106724381447 0.019069453701376915 0.005449619609862566
v 0.02207106724381447 0.019069453701376915 0.005449619609862566
v 0.02366025373339653 0.017000311985611916 0.0053603071719408035
v 0.02366025373339653 0.017078744247555733 0.0034717638045549393
v 0.02207106724381447 0.019069453701376915 0.005449619609862566
v 0.02366025373339653 0.017078744247555733 0.0034717638045549393
v 0.02207106724381447 0.019148502498865128 0.0035453708842396736
v 0.02207106724381447 0.019148502498865128 0.0035453708842396736
v 0.02366025373339653 0.017078744247555733 0.0034717638045549393
v 0.02366025373339653 0.01711530052125454 0.0014432278694584966
v 0.02207106724381447 0.019148502498865128 0.0035453708842396736
v 0.02366025373339653 0.01711530052125454 0.0014432278694584966
v 0.02207106724381447 0.019186323508620262 0.0014297806192189455
v -0.014999999664723873 0.021960733458399773 0.006424183025956154
v -0.014999999664723873 0.022063927724957466 0.003963600844144821
v -0.017588190734386444 0.021723438054323196 0.0039504775777459145
v -0.014999999664723873 0.022115547209978104 0.0018411552300676703
v -0.014999999664723873 0.0221151951700449 0.001410763361491263
v -0.017588190734386444 0.02177445963025093 0.0014129758346825838
v -0.016196295619010925 0.02242458611726761 0.013475692830979824
v -0.014999999664723873 0.02250000089406967 0.013475692830979824
v -0.014999999664723873 0.02233145944774151 0.012885069474577904
v -0.019343558698892593 0.0214625783264637 0.013475692830979824
v -0.018220195546746254 0.021942032501101494 0.013475692830979824
v -0.017588190734386444 0.022000981494784355 0.012968073599040508
v -0.017588190734386444 0.022000981494784355 0.012968073599040508
v -0.018220195546746254 0.021942032501101494 0.013475692830979824
v -0.017588336020708084 0.022142674773931503 0.013475692830979824
v -0.017588190734386444 0.022000981494784355 0.012968073599040508
v -0.017588336020708084 0.022142674773931503 0.013475692830979824
v -0.017368340864777565 0.022201597690582275 0.013475692830979824
v -0.02207106724381447 0.019269851967692375 0.01254852395504713
v -0.02207104116678238 0.01946055330336094 0.013475692830979824
v -0.022001247853040695 0.019531652331352234 0.013475692830979824
v -0.02207106724381447 0.019269851967692375 0.01254852395504713
v -0.022001247853040695 0.019531652331352234 0.013475692830979824
v -0.019999999552965164 0.020835883915424347 0.012278230860829353
v -0.019999999552965164 0.020835883915424347 0.012278230860829353
v -0.022001247853040695 0.019531652331352234 0.013475692830979824
v -0.02107524685561657 0.020359283313155174 0.013475692830979824
v -0.019999999552965164 0.020835883915424347 0.012278230860829353
v -0.02107524685561657 0.020359283313155174 0.013475692830979824
v -0.019999999552965164 0.021032070741057396 0.013211430981755257
v -0.019999999552965164 0.021032070741057396 0.013211430981755257
v -0.02107524685561657 0.020359283313155174 0.013475692830979824
v -0.020398316904902458 0.020850390195846558 0.013475692830979824
v -0.019999999552965164 0.021032070741057396 0.013211430981755257
v -0.020398316904902458 0.020850390195846558 0.013475692830979824
v -0.019343558698892593 0.0214625783264637 0.013475692830979824
v -0.02366025373339653 0.017228959128260612 0.012900777161121368
v -0.023660093545913696 0.017338523641228676 0.013475692830979824
v -0.023336347192525864 0.017872996628284454 0.013475692830979824
v -0.02366025373339653 0.017228959128260612 0.012900777161121368
v -0.023336347192525864 0.017872996628284454 0.013475692830979824
v -0.02207106724381447 0.019269851967692375 0.01254852395504713
v -0.02207106724381447 0.019269851967692375 0.01254852395504713
v -0.023336347192525864 0.017872996628284454 0.013475692830979824
v -0.022817231714725494 0.018603259697556496 0.013475692830979824
v -0.02207106724381447 0.019269851967692375 0.01254852395504713
v -0.022817231714725494 0.018603259697556496 0.013475692830979824
v -0.02207104116678238 0.01946055330336094 0.013475692830979824
v -0.02492722123861313 0.013476460240781307 0.013475692830979824
v -0.02470681071281433 0.014693967998027802 0.013475692830979824
v -0.024659257382154465 0.014852290973067284 0.013310983777046204
v -0.024659257382154465 0.014852290973067284 0.013310983777046204
v -0.02470681071281433 0.014693967998027802 0.013475692830979824
v -0.024425696581602097 0.015646079555153847 0.013475692830979824
v -0.024659257382154465 0.014852290973067284 0.013310983777046204
v -0.024425696581602097 0.015646079555153847 0.013475692830979824
v -0.02366025373339653 0.017228959128260612 0.012900777161121368
v -0.02366025373339653 0.017228959128260612 0.012900777161121368
v -0.024425696581602097 0.015646079555153847 0.013475692830979824
v -0.023949947208166122 0.016787825152277946 0.013475692830979824
v -0.02366025373339653 0.017228959128260612 0.012900777161121368
v -0.023949947208166122 0.016787825152277946 0.013475692830979824
v -0.023660093545913696 0.017338523641228676 0.013475692830979824
v -0.024659257382154465 0.014647410251200199 0.011807367205619812
v -0.02500000037252903 0.01207269448786974 0.012071127071976662
v -0.02500000037252903 0.012255985289812088 0.013475692830979824
v -0.014999999664723873 0.022112557664513588 0.002188533777371049
v -0.014999999664723873 0.022115547209978104 0.0018411552300676703
v -0.017588190734386444 0.021771840751171112 0.0021842895075678825
v -0.017588190734386444 0.021771840751171112 0.0021842895075678825
v -0.014999999664723873 0.022115547209978104 0.0018411552300676703
v -0.017588190734386444 0.02177445963025093 0.0014129758346825838
v -0.017588190734386444 0.021771840751171112 0.0021842895075678825
v -0.017588190734386444 0.02177445963025093 0.0014129758346825838
v -0.019999999552965164 0.020772915333509445 0.002171846106648445
v -0.019999999552965164 0.020772915333509445 0.002171846106648445
v -0.017588190734386444 0.02177445963025093 0.0014129758346825838
v -0.019999999552965164 0.020775476470589638 0.001419462263584137
v -0.019999999552965164 0.020772915333509445 0.002171846106648445
v -0.019999999552965164 0.020775476470589638 0.001419462263584137
v -0.02207106724381447 0.019183851778507233 0.002152051543816924
v -0.02207106724381447 0.019183851778507233 0.002152051543816924
v -0.019999999552965164 0.020775476470589638 0.001419462263584137
v -0.02207106724381447 0.019186323508620262 0.0014297806192189455
v -0.02207106724381447 0.019183851778507233 0.002152051543816924
v -0.02207106724381447 0.019186323508620262 0.0014297806192189455
v -0.02366025373339653 0.017112944275140762 0.00212625483982265
v -0.02366025373339653 0.017112944275140762 0.00212625483982265
v -0.02207106724381447 0.019186323508620262 0.0014297806192189455
v -0.02366025373339653 0.01711530052125454 0.0014432278694584966
v -0.02366025373339653 0.017112944275140762 0.00212625483982265
v -0.02366025373339653 0.01711530052125454 0.0014432278694584966
v -0.024659257382154465 0.01470132265239954 0.0020962138660252094
v -0.024659257382154465 0.01470132265239954 0.0020962138660252094
v -0.02366025373339653 0.01711530052125454 0.0014432278694584966
v -0.024659257382154465 0.014703541062772274 0.0014588875928893685
v -0.024659257382154465 0.01470132265239954 0.0020962138660252094
v -0.024659257382154465 0.014703541062772274 0.0014588875928893685
v -0.02500000037252903 0.012113332748413086 0.0020639761351048946
v -0.02500000037252903 0.012113332748413086 0.0020639761351048946
v -0.024659257382154465 0.014703541062772274 0.0014588875928893685
v -0.02500000037252903 0.01211540587246418 0.0014756923774257302
v -0.014999999664723873 0.022063927724957466 0.003963600844144821
v -0.014999999664723873 0.022112557664513588 0.002188533777371049
v -0.017588190734386444 0.021723438054323196 0.0039504775777459145
v -0.017588190734386444 0.021723438054323196 0.0039504775777459145
v -0.014999999664723873 0.022112557664513588 0.002188533777371049
v -0.017588190734386444 0.021771840751171112 0.0021842895075678825
v -0.017588190734386444 0.021723438054323196 0.0039504775777459145
v -0.017588190734386444 0.021771840751171112 0.0021842895075678825
v -0.019999999552965164 0.020725175738334656 0.0039120023138821125
v -0.019999999552965164 0.020725175738334656 0.0039120023138821125
v -0.017588190734386444 0.021771840751171112 0.0021842895075678825
v -0.019999999552965164 0.020772915333509445 0.002171846106648445
v -0.019999999552965164 0.020725175738334656 0.0039120023138821125
v -0.019999999552965164 0.020772915333509445 0.002171846106648445
v -0.02207106724381447 0.019137168303132057 0.003850796725600958
v -0.02207106724381447 0.019137168303132057 0.003850796725600958
v -0.019999999552965164 0.020772915333509445 0.002171846106648445
v -0.02207106724381447 0.019183851778507233 0.002152051543816924
v -0.02207106724381447 0.019137168303132057 0.003850796725600958
v -0.02207106724381447 0.019183851778507233 0.002152051543816924
v -0.02366025373339653 0.01706763729453087 0.0037710322067141533
v -0.02366025373339653 0.01706763729453087 0.0037710322067141533
v -0.02207106724381447 0.019183851778507233 0.002152051543816924
v -0.02366025373339653 0.017112944275140762 0.00212625483982265
v -0.02366025373339653 0.01706763729453087 0.0037710322067141533
v -0.02366025373339653 0.017112944275140762 0.00212625483982265
v -0.024659257382154465 0.01465761661529541 0.0036781441885977983
v -0.024659257382154465 0.01465761661529541 0.0036781441885977983
v -0.02366025373339653 0.017112944275140762 0.00212625483982265
v -0.024659257382154465 0.01470132265239954 0.0020962138660252094
v -0.024659257382154465 0.01465761661529541 0.0036781441885977983
v -0.024659257382154465 0.01470132265239954 0.0020962138660252094
v -0.02500000037252903 0.012071345932781696 0.0035784633364528418
v -0.02500000037252903 0.012071345932781696 0.0035784633364528418
v -0.024659257382154465 0.01470132265239954 0.0020962138660252094
v -0.02500000037252903 0.012113332748413086 0.0020639761351048946
v -0.014999999664723873 0.02192184329032898 0.007689239922910929
v -0.014999999664723873 0.021960733458399773 0.006424183025956154
v -0.017588190734386444 0.021581176668405533 0.007682067807763815
v -0.017588190734386444 0.021581176668405533 0.007682067807763815
v -0.014999999664723873 0.021960733458399773 0.006424183025956154
v -0.017588190734386444 0.021723438054323196 0.0039504775777459145
v -0.017588190734386444 0.021581176668405533 0.007682067807763815
v -0.017588190734386444 0.021723438054323196 0.0039504775777459145
v -0.019999999552965164 0.020582394674420357 0.007661040406674147
v -0.019999999552965164 0.020582394674420357 0.007661040406674147
v -0.017588190734386444 0.021723438054323196 0.0039504775777459145
v -0.019999999552965164 0.020725175738334656 0.0039120023138821125
v -0.019999999552965164 0.020582394674420357 0.007661040406674147
v -0.019999999552965164 0.020725175738334656 0.0039120023138821125
v -0.02207106724381447 0.0189935602247715 0.007627591025084257
v -0.02207106724381447 0.0189935602247715 0.007627591025084257
v -0.019999999552965164 0.020725175738334656 0.0039120023138821125
v -0.02207106724381447 0.019137168303132057 0.003850796725600958
v -0.02207106724381447 0.0189935602247715 0.007627591025084257
v -0.02207106724381447 0.019137168303132057 0.003850796725600958
v -0.02366025373339653 0.016922950744628906 0.00758399860933423
v -0.02366025373339653 0.016922950744628906 0.00758399860933423
v -0.02207106724381447 0.019137168303132057 0.003850796725600958
v -0.02366025373339653 0.01706763729453087 0.0037710322067141533
v -0.02366025373339653 0.016922950744628906 0.00758399860933423
v -0.02366025373339653 0.01706763729453087 0.0037710322067141533
v -0.024659257382154465 0.014511676505208015 0.007533234544098377
v -0.024659257382154465 0.014511676505208015 0.007533234544098377
v -0.02366025373339653 0.01706763729453087 0.0037710322067141533
v -0.024659257382154465 0.01465761661529541 0.0036781441885977983
v -0.024659257382154465 0.014511676505208015 0.007533234544098377
v -0.024659257382154465 0.01465761661529541 0.0036781441885977983
v -0.02500000037252903 0.011924059130251408 0.007478757295757532
v -0.02500000037252903 0.011924059130251408 0.007478757295757532
v -0.024659257382154465 0.01465761661529541 0.0036781441885977983
v -0.02500000037252903 0.012071345932781696 0.0035784633364528418
v -0.014999999664723873 0.0219138003885746 0.00819362886250019
v -0.014999999664723873 0.02192184329032898 0.007689239922910929
v -0.017588190734386444 0.021573076024651527 0.008190062828361988
v -0.017588190734386444 0.021573076024651527 0.008190062828361988
v -0.014999999664723873 0.02192184329032898 0.007689239922910929
v -0.017588190734386444 0.021581176668405533 0.007682067807763815
v -0.017588190734386444 0.021573076024651527 0.008190062828361988
v -0.017588190734386444 0.021581176668405533 0.007682067807763815
v -0.019999999552965164 0.02057412639260292 0.00817960686981678
v -0.019999999552965164 0.02057412639260292 0.00817960686981678
v -0.017588190734386444 0.021581176668405533 0.007682067807763815
v -0.019999999552965164 0.020582394674420357 0.007661040406674147
v -0.019999999552965164 0.02057412639260292 0.00817960686981678
v -0.019999999552965164 0.020582394674420357 0.007661040406674147
v -0.02207106724381447 0.018985027447342873 0.008162974379956722
v -0.02207106724381447 0.018985027447342873 0.008162974379956722
v -0.019999999552965164 0.020582394674420357 0.007661040406674147
v -0.02207106724381447 0.0189935602247715 0.007627591025084257
v -0.02207106724381447 0.018985027447342873 0.008162974379956722
v -0.02207106724381447 0.0189935602247715 0.007627591025084257
v -0.02366025373339653 0.01691407337784767 0.008141296915709972
v -0.02366025373339653 0.01691407337784767 0.008141296915709972
v -0.02207106724381447 0.0189935602247715 0.007627591025084257
v -0.02366025373339653 0.016922950744628906 0.00758399860933423
v -0.02366025373339653 0.01691407337784767 0.008141296915709972
v -0.02366025373339653 0.016922950744628906 0.00758399860933423
v -0.024659257382154465 0.014502395875751972 0.008116054348647594
v -0.024659257382154465 0.014502395875751972 0.008116054348647594
v -0.02366025373339653 0.016922950744628906 0.00758399860933423
v -0.024659257382154465 0.014511676505208015 0.007533234544098377
v -0.024659257382154465 0.014502395875751972 0.008116054348647594
v -0.024659257382154465 0.014511676505208015 0.007533234544098377
v -0.02500000037252903 0.011914347298443317 0.008088965900242329
v -0.02500000037252903 0.011914347298443317 0.008088965900242329
v -0.024659257382154465 0.014511676505208015 0.007533234544098377
v -0.02500000037252903 0.011924059130251408 0.007478757295757532
v -0.02500000037252903 0.011914347298443317 0.008088965900242329
v -0.02500000037252903 0.011942416429519653 0.010213082656264305
v -0.024659257382154465 0.014502395875751972 0.008116054348647594
v -0.024659257382154465 0.014502395875751972 0.008116054348647594
v -0.02500000037252903 0.011942416429519653 0.010213082656264305
v -0.024659257382154465 0.014528488740324974 0.010108398273587227
v -0.024659257382154465 0.014502395875751972 0.008116054348647594
v -0.024659257382154465 0.014528488740324974 0.010108398273587227
v -0.02366025373339653 0.01691407337784767 0.008141296915709972
v -0.02366025373339653 0.01691407337784767 0.008141296915709972
v -0.024659257382154465 0.014528488740324974 0.010108398273587227
v -0.02366025373339653 0.01693832501769066 0.010010847821831703
v -0.02366025373339653 0.01691407337784767 0.008141296915709972
v -0.02366025373339653 0.01693832501769066 0.010010847821831703
v -0.02207106724381447 0.018985027447342873 0.008162974379956722
v -0.02207106724381447 0.018985027447342873 0.008162974379956722
v -0.02366025373339653 0.01693832501769066 0.010010847821831703
v -0.02207106724381447 0.019007697701454163 0.00992707908153534
v -0.02207106724381447 0.018985027447342873 0.008162974379956722
v -0.02207106724381447 0.019007697701454163 0.00992707908153534
v -0.019999999552965164 0.02057412639260292 0.00817960686981678
v -0.019999999552965164 0.02057412639260292 0.00817960686981678
v -0.02207106724381447 0.019007697701454163 0.00992707908153534
v -0.019999999552965164 0.02059558406472206 0.009862801991403103
v -0.019999999552965164 0.02057412639260292 0.00817960686981678
v -0.019999999552965164 0.02059558406472206 0.009862801991403103
v -0.017588190734386444 0.021573076024651527 0.008190062828361988
v -0.017588190734386444 0.021573076024651527 0.008190062828361988
v -0.019999999552965164 0.02059558406472206 0.009862801991403103
v -0.017588190734386444 0.021593770012259483 0.009822394698858261
v -0.017588190734386444 0.021573076024651527 0.008190062828361988
v -0.017588190734386444 0.021593770012259483 0.009822394698858261
v -0.014999999664723873 0.0219138003885746 0.00819362886250019
v -0.014999999664723873 0.022020632401108742 0.011052037589251995
v -0.014999999664723873 0.021951325237751007 0.010164531879127026
v -0.017588190734386444 0.021593770012259483 0.009822394698858261
v -0.017588190734386444 0.021593770012259483 0.009822394698858261
v -0.014999999664723873 0.021951325237751007 0.010164531879127026
v -0.014999999664723873 0.021934233605861664 0.009808612987399101
v -0.017588190734386444 0.021593770012259483 0.009822394698858261
v -0.014999999664723873 0.021934233605861664 0.009808612987399101
v -0.014999999664723873 0.0219138003885746 0.00819362886250019
v -0.02500000037252903 0.012255985289812088 0.013475692830979824
v -0.02492722123861313 0.013476460240781307 0.013475692830979824
v -0.024659257382154465 0.014647410251200199 0.011807367205619812
v -0.024659257382154465 0.014647410251200199 0.011807367205619812
v -0.02492722123861313 0.013476460240781307 0.013475692830979824
v -0.024659257382154465 0.014852290973067284 0.013310983777046204
v -0.024659257382154465 0.014647410251200199 0.011807367205619812
v -0.024659257382154465 0.014852290973067284 0.013310983777046204
v -0.02366025373339653 0.017046663910150528 0.011561582796275616
v -0.02366025373339653 0.017046663910150528 0.011561582796275616
v -0.024659257382154465 0.014852290973067284 0.013310983777046204
v -0.02366025373339653 0.017228959128260612 0.012900777161121368
v -0.02366025373339653 0.017046663910150528 0.011561582796275616
v -0.02366025373339653 0.017228959128260612 0.012900777161121368
v -0.02207106724381447 0.019106948748230934 0.011350521817803383
v -0.02207106724381447 0.019106948748230934 0.011350521817803383
v -0.02366025373339653 0.017228959128260612 0.012900777161121368
v -0.02207106724381447 0.019269851967692375 0.01254852395504713
v -0.02207106724381447 0.019106948748230934 0.011350521817803383
v -0.02207106724381447 0.019269851967692375 0.01254852395504713
v -0.019999999552965164 0.020687861368060112 0.011188570410013199
v -0.019999999552965164 0.020687861368060112 0.011188570410013199
v -0.02207106724381447 0.019269851967692375 0.01254852395504713
v -0.019999999552965164 0.020835883915424347 0.012278230860829353
v -0.019343558698892593 0.0214625783264637 0.013475692830979824
v -0.017588190734386444 0.022000981494784355 0.012968073599040508
v -0.019999999552965164 0.021032070741057396 0.013211430981755257
v -0.019999999552965164 0.021032070741057396 0.013211430981755257
v -0.017588190734386444 0.022000981494784355 0.012968073599040508
v -0.017588190734386444 0.02182033099234104 0.012108317576348782
v -0.019999999552965164 0.021032070741057396 0.013211430981755257
v -0.017588190734386444 0.02182033099234104 0.012108317576348782
v -0.019999999552965164 0.020835883915424347 0.012278230860829353
v -0.019999999552965164 0.020835883915424347 0.012278230860829353
v -0.017588190734386444 0.02182033099234104 0.012108317576348782
v -0.017588190734386444 0.021681664511561394 0.011086762882769108
v -0.019999999552965164 0.020835883915424347 0.012278230860829353
v -0.017588190734386444 0.021681664511561394 0.011086762882769108
v -0.019999999552965164 0.020687861368060112 0.011188570410013199
v -0.02500000037252903 0.011942416429519653 0.010213082656264305
v -0.02500000037252903 0.01207269448786974 0.012071127071976662
v -0.024659257382154465 0.014528488740324974 0.010108398273587227
v -0.024659257382154465 0.014528488740324974 0.010108398273587227
v -0.02500000037252903 0.01207269448786974 0.012071127071976662
v -0.024659257382154465 0.014647410251200199 0.011807367205619812
v -0.024659257382154465 0.014528488740324974 0.010108398273587227
v -0.024659257382154465 0.014647410251200199 0.011807367205619812
v -0.02366025373339653 0.01693832501769066 0.010010847821831703
v -0.02366025373339653 0.01693832501769066 0.010010847821831703
v -0.024659257382154465 0.014647410251200199 0.011807367205619812
v -0.02366025373339653 0.017046663910150528 0.011561582796275616
v -0.02366025373339653 0.01693832501769066 0.010010847821831703
v -0.02366025373339653 0.017046663910150528 0.011561582796275616
v -0.02207106724381447 0.019007697701454163 0.00992707908153534
v -0.02207106724381447 0.019007697701454163 0.00992707908153534
v -0.02366025373339653 0.017046663910150528 0.011561582796275616
v -0.02207106724381447 0.019106948748230934 0.011350521817803383
v -0.02207106724381447 0.019007697701454163 0.00992707908153534
v -0.02207106724381447 0.019106948748230934 0.011350521817803383
v -0.019999999552965164 0.02059558406472206 0.009862801991403103
v -0.019999999552965164 0.02059558406472206 0.009862801991403103
v -0.02207106724381447 0.019106948748230934 0.011350521817803383
v -0.019999999552965164 0.020687861368060112 0.011188570410013199
v -0.019999999552965164 0.02059558406472206 0.009862801991403103
v -0.019999999552965164 0.020687861368060112 0.011188570410013199
v -0.017588190734386444 0.021593770012259483 0.009822394698858261
v -0.017588190734386444 0.021593770012259483 0.009822394698858261
v -0.019999999552965164 0.020687861368060112 0.011188570410013199
v -0.017588190734386444 0.021681664511561394 0.011086762882769108
v -0.017588190734386444 0.021593770012259483 0.009822394698858261
v -0.017588190734386444 0.021681664511561394 0.011086762882769108
v -0.014999999664723873 0.022020632401108742 0.011052037589251995
v -0.014999999664723873 0.022020632401108742 0.011052037589251995
v -0.017588190734386444 0.021681664511561394 0.011086762882769108
v -0.017588190734386444 0.02182033099234104 0.012108317576348782
v -0.014999999664723873 0.022020632401108742 0.011052037589251995
v -0.017588190734386444 0.02182033099234104 0.012108317576348782
v -0.014999999664723873 0.022156108170747757 0.01205036323517561
v -0.014999999664723873 0.022156108170747757 0.01205036323517561
v -0.017588190734386444 0.02182033099234104 0.012108317576348782
v -0.017588190734386444 0.022000981494784355 0.012968073599040508
v -0.014999999664723873 0.022156108170747757 0.01205036323517561
v -0.017588190734386444 0.022000981494784355 0.012968073599040508
v -0.014999999664723873 0.02233145944774151 0.012885069474577904
v -0.014999999664723873 0.02233145944774151 0.012885069474577904
v -0.017588190734386444 0.022000981494784355 0.012968073599040508
v -0.017368340864777565 0.022201597690582275 0.013475692830979824
v -0.014999999664723873 0.02233145944774151 0.012885069474577904
v -0.017368340864777565 0.022201597690582275 0.013475692830979824
v -0.016196295619010925 0.02242458611726761 0.013475692830979824
v -0.017083490267395973 0.02159890905022621 -0.0021139713935554028
v -0.01742655783891678 0.02150907926261425 -0.0021398658864200115
v -0.017467427998781204 0.021599164232611656 -0.001533624599687755
v -0.02482682466506958 0.012012839317321777 -0.0014617800479754806
v -0.024856625124812126 0.012033318169414997 -0.0011979106348007917
v -0.024604596197605133 0.01391415111720562 -0.0017465587006881833
v -0.024604596197605133 0.01391415111720562 -0.0017465587006881833
v -0.024856625124812126 0.012033318169414997 -0.0011979106348007917
v -0.02449115179479122 0.014583749696612358 -0.0014600128633901477
v -0.024604596197605133 0.01391415111720562 -0.0017465587006881833
v -0.02449115179479122 0.014583749696612358 -0.0014600128633901477
v -0.024542905390262604 0.014181203208863735 -0.0017829516436904669
v -0.023430082947015762 0.016901895403862 -0.0020964150317013264
v -0.023783404380083084 0.016252567991614342 -0.0020319835748523474
v -0.023483337834477425 0.01696312427520752 -0.0016328089404851198
v -0.023483337834477425 0.01696312427520752 -0.0016328089404851198
v -0.023783404380083084 0.016252567991614342 -0.0020319835748523474
v -0.02401675097644329 0.01574903354048729 -0.0019772097002714872
v -0.023483337834477425 0.01696312427520752 -0.0016328089404851198
v -0.02401675097644329 0.01574903354048729 -0.0019772097002714872
v -0.02449115179479122 0.014583749696612358 -0.0014600128633901477
v -0.02449115179479122 0.014583749696612358 -0.0014600128633901477
v -0.02401675097644329 0.01574903354048729 -0.0019772097002714872
v -0.024446802213788033 0.014542999677360058 -0.0018307743594050407
v -0.02449115179479122 0.014583749696612358 -0.0014600128633901477
v -0.024446802213788033 0.014542999677360058 -0.0018307743594050407
v -0.024542905390262604 0.014181203208863735 -0.0017829516436904669
v -0.02184532955288887 0.01893359050154686 -0.0022413141559809446
v -0.02185172401368618 0.01892724260687828 -0.002241031965240836
v -0.021900780498981476 0.019011858850717545 -0.0017047093715518713
v -0.021900780498981476 0.019011858850717545 -0.0017047093715518713
v -0.02185172401368618 0.01892724260687828 -0.002241031965240836
v -0.022584011778235435 0.018117045983672142 -0.002195119159296155
v -0.021900780498981476 0.019011858850717545 -0.0017047093715518713
v -0.022584011778235435 0.018117045983672142 -0.002195119159296155
v -0.023483337834477425 0.01696312427520752 -0.0016328089404851198
v -0.023483337834477425 0.01696312427520752 -0.0016328089404851198
v -0.022584011778235435 0.018117045983672142 -0.002195119159296155
v -0.023090986534953117 0.01743520237505436 -0.00214354763738811
v -0.023483337834477425 0.01696312427520752 -0.0016328089404851198
v -0.023090986534953117 0.01743520237505436 -0.00214354763738811
v -0.023430082947015762 0.016901895403862 -0.0020964150317013264
v -0.01916779950261116 0.02084253914654255 -0.002236834494397044
v -0.01979873515665531 0.020503930747509003 -0.0022560865618288517
v -0.019849620759487152 0.020592544227838516 -0.001670891884714365
v -0.019849620759487152 0.020592544227838516 -0.001670891884714365
v -0.01979873515665531 0.020503930747509003 -0.0022560865618288517
v -0.020359188318252563 0.020152460783720016 -0.0022648945450782776
v -0.019849620759487152 0.020592544227838516 -0.001670891884714365
v -0.020359188318252563 0.020152460783720016 -0.0022648945450782776
v -0.021900780498981476 0.019011858850717545 -0.0017047093715518713
v -0.021900780498981476 0.019011858850717545 -0.0017047093715518713
v -0.020359188318252563 0.020152460783720016 -0.0022648945450782776
v -0.02104252576828003 0.019650014117360115 -0.0022635413333773613
v -0.021900780498981476 0.019011858850717545 -0.0017047093715518713
v -0.02104252576828003 0.019650014117360115 -0.0022635413333773613
v -0.02184532955288887 0.01893359050154686 -0.0022413141559809446
v -0.017467427998781204 0.021599164232611656 -0.001533624599687755
v -0.01742655783891678 0.02150907926261425 -0.0021398658864200115
v -0.019849620759487152 0.020592544227838516 -0.001670891884714365
v -0.019849620759487152 0.020592544227838516 -0.001670891884714365
v -0.01742655783891678 0.02150907926261425 -0.0021398658864200115
v -0.01865481026470661 0.021077601239085197 -0.002214596839621663
v -0.019849620759487152 0.020592544227838516 -0.001670891884714365
v -0.01865481026470661 0.021077601239085197 -0.002214596839621663
v -0.01916779950261116 0.02084253914654255 -0.002236834494397044
v -0.017467427998781204 0.021599164232611656 -0.001533624599687755
v -0.01491397526115179 0.02196420729160309 -0.0013021138729527593
v -0.014907263219356537 0.021946707740426064 -0.0014451510505750775
v -0.017083490267395973 0.02159890905022621 -0.0021139713935554028
v -0.017467427998781204 0.021599164232611656 -0.001533624599687755
v -0.016812404617667198 0.021660901606082916 -0.0020920399110764265
v -0.016812404617667198 0.021660901606082916 -0.0020920399110764265
v -0.017467427998781204 0.021599164232611656 -0.001533624599687755
v -0.014907263219356537 0.021946707740426064 -0.0014451510505750775
v -0.016812404617667198 0.021660901606082916 -0.0020920399110764265
v -0.014907263219356537 0.021946707740426064 -0.0014451510505750775
v -0.014886528253555298 0.021882671862840652 -0.0019004566129297018
v -0.01497624907642603 0.022081883624196053 0.0001456262107240036
v -0.01491397526115179 0.02196420729160309 -0.0013021138729527593
v -0.017555953934788704 0.0217356625944376 1.713814344839193e-05
v -0.017555953934788704 0.0217356625944376 1.713814344839193e-05
v -0.01491397526115179 0.02196420729160309 -0.0013021138729527593
v -0.017467427998781204 0.021599164232611656 -0.001533624599687755
v -0.017555953934788704 0.0217356625944376 1.713814344839193e-05
v -0.017467427998781204 0.021599164232611656 -0.001533624599687755
v -0.019960464909672737 0.0207346323877573 -6.9599220296368e-05
v -0.019960464909672737 0.0207346323877573 -6.9599220296368e-05
v -0.017467427998781204 0.021599164232611656 -0.001533624599687755
v -0.019849620759487152 0.020592544227838516 -0.001670891884714365
v -0.019960464909672737 0.0207346323877573 -6.9599220296368e-05
v -0.019849620759487152 0.020592544227838516 -0.001670891884714365
v -0.022026484832167625 0.01914677582681179 -0.00010869531251955777
v -0.022026484832167625 0.01914677582681179 -0.00010869531251955777
v -0.019849620759487152 0.020592544227838516 -0.001670891884714365
v -0.021900780498981476 0.019011858850717545 -0.0017047093715518713
v -0.022026484832167625 0.01914677582681179 -0.00010869531251955777
v -0.021900780498981476 0.019011858850717545 -0.0017047093715518713
v -0.0236137043684721 0.017079927027225494 -9.749502351041883e-05
v -0.0236137043684721 0.017079927027225494 -9.749502351041883e-05
v -0.021900780498981476 0.019011858850717545 -0.0017047093715518713
v -0.023483337834477425 0.01696312427520752 -0.0016328089404851198
v -0.0236137043684721 0.017079927027225494 -9.749502351041883e-05
v -0.023483337834477425 0.01696312427520752 -0.0016328089404851198
v -0.024614332243800163 0.014674453064799309 -3.675898551591672e-05
v -0.024614332243800163 0.014674453064799309 -3.675898551591672e-05
v -0.023483337834477425 0.01696312427520752 -0.0016328089404851198
v -0.02449115179479122 0.014583749696612358 -0.0014600128633901477
v -0.024614332243800163 0.014674453064799309 -3.675898551591672e-05
v -0.02449115179479122 0.014583749696612358 -0.0014600128633901477
v -0.024960415437817574 0.012093713507056236 6.938805017853156e-05
v -0.024960415437817574 0.012093713507056236 6.938805017853156e-05
v -0.02449115179479122 0.014583749696612358 -0.0014600128633901477
v -0.024856625124812126 0.012033318169414997 -0.0011979106348007917
v -0.014999999664723873 0.0221151951700449 0.001410763361491263
v -0.01497624907642603 0.022081883624196053 0.0001456262107240036
v -0.017588190734386444 0.02177445963025093 0.0014129758346825838
v -0.017588190734386444 0.02177445963025093 0.0014129758346825838
v -0.01497624907642603 0.022081883624196053 0.0001456262107240036
v -0.017555953934788704 0.0217356625944376 1.713814344839193e-05
v -0.017588190734386444 0.02177445963025093 0.0014129758346825838
v -0.017555953934788704 0.0217356625944376 1.713814344839193e-05
v -0.019999999552965164 0.020775476470589638 0.001419462263584137
v -0.019999999552965164 0.020775476470589638 0.001419462263584137
v -0.017555953934788704 0.0217356625944376 1.713814344839193e-05
v -0.019960464909672737 0.0207346323877573 -6.9599220296368e-05
v -0.019999999552965164 0.020775476470589638 0.001419462263584137
v -0.019960464909672737 0.0207346323877573 -6.9599220296368e-05
v -0.02207106724381447 0.019186323508620262 0.0014297806192189455
v -0.02207106724381447 0.019186323508620262 0.0014297806192189455
v -0.019960464909672737 0.0207346323877573 -6.9599220296368e-05
v -0.022026484832167625 0.01914677582681179 -0.00010869531251955777
v -0.02207106724381447 0.019186323508620262 0.0014297806192189455
v -0.022026484832167625 0.01914677582681179 -0.00010869531251955777
v -0.02366025373339653 0.01711530052125454 0.0014432278694584966
v -0.02366025373339653 0.01711530052125454 0.0014432278694584966
v -0.022026484832167625 0.01914677582681179 -0.00010869531251955777
v -0.0236137043684721 0.017079927027225494 -9.749502351041883e-05
v -0.02366025373339653 0.01711530052125454 0.0014432278694584966
v -0.0236137043684721 0.017079927027225494 -9.749502351041883e-05
v -0.024659257382154465 0.014703541062772274 0.0014588875928893685
v -0.024659257382154465 0.014703541062772274 0.0014588875928893685
v -0.0236137043684721 0.017079927027225494 -9.749502351041883e-05
v -0.024614332243800163 0.014674453064799309 -3.675898551591672e-05
v -0.024659257382154465 0.014703541062772274 0.0014588875928893685
v -0.024614332243800163 0.014674453064799309 -3.675898551591672e-05
v -0.02500000037252903 0.01211540587246418 0.0014756923774257302
v -0.02500000037252903 0.01211540587246418 0.0014756923774257302
v -0.024614332243800163 0.014674453064799309 -3.675898551591672e-05
v -0.024960415437817574 0.012093713507056236 6.938805017853156e-05
v -0.02288486436009407 0.015712086111307144 -0.005003263242542744
v -0.02319050393998623 0.014533307403326035 -0.005271929781883955
v -0.0234383512288332 0.014312143437564373 -0.004949935711920261
v -0.02288486436009407 0.015712086111307144 -0.005003263242542744
v -0.0234383512288332 0.014312143437564373 -0.004949935711920261
v -0.023847447708249092 0.014546227641403675 -0.0039330171421170235
v -0.02171006053686142 0.017712034285068512 -0.004819182213395834
v -0.02164645679295063 0.01675330474972725 -0.0059125665575265884
v -0.022947026416659355 0.016465364024043083 -0.004148140083998442
v -0.022947026416659355 0.016465364024043083 -0.004148140083998442
v -0.02164645679295063 0.01675330474972725 -0.0059125665575265884
v -0.02288486436009407 0.015712086111307144 -0.005003263242542744
v -0.022947026416659355 0.016465364024043083 -0.004148140083998442
v -0.02288486436009407 0.015712086111307144 -0.005003263242542744
v -0.023899417370557785 0.01506289653480053 -0.0033452739007771015
v -0.023899417370557785 0.01506289653480053 -0.0033452739007771015
v -0.02288486436009407 0.015712086111307144 -0.005003263242542744
v -0.023847447708249092 0.014546227641403675 -0.0039330171421170235
v -0.023899417370557785 0.01506289653480053 -0.0033452739007771015
v -0.023847447708249092 0.014546227641403675 -0.0039330171421170235
v -0.02453365921974182 0.013558856211602688 -0.0024388914462178946
v -0.02453365921974182 0.013558856211602688 -0.0024388914462178946
v -0.023847447708249092 0.014546227641403675 -0.0039330171421170235
v -0.024502823129296303 0.01329747773706913 -0.002737621543928981
v -0.02436642348766327 0.01318870484828949 -0.0032751651015132666
v -0.024502823129296303 0.01329747773706913 -0.002737621543928981
v -0.02428949810564518 0.013311595655977726 -0.0034612747840583324
v -0.02428949810564518 0.013311595655977726 -0.0034612747840583324
v -0.024502823129296303 0.01329747773706913 -0.002737621543928981
v -0.023847447708249092 0.014546227641403675 -0.0039330171421170235
v -0.02428949810564518 0.013311595655977726 -0.0034612747840583324
v -0.023847447708249092 0.014546227641403675 -0.0039330171421170235
v -0.023806126788258553 0.013937640935182571 -0.004398554563522339
v -0.023806126788258553 0.013937640935182571 -0.004398554563522339
v -0.023847447708249092 0.014546227641403675 -0.0039330171421170235
v -0.0234383512288332 0.014312143437564373 -0.004949935711920261
v -0.019598547369241714 0.016461065039038658 -0.007909172214567661
v -0.02013540267944336 0.01626771315932274 -0.007665553130209446
v -0.020177477970719337 0.017634732648730278 -0.006632653996348381
v -0.020177477970719337 0.017634732648730278 -0.006632653996348381
v -0.02013540267944336 0.01626771315932274 -0.007665553130209446
v -0.020390504971146584 0.016167251393198967 -0.007536154240369797
v -0.016267983242869377 0.017216602340340614 -0.008715275675058365
v -0.016733668744564056 0.017151251435279846 -0.008666565641760826
v -0.0167484600096941 0.018815791234374046 -0.007439869921654463
v -0.0167484600096941 0.018815791234374046 -0.007439869921654463
v -0.016733668744564056 0.017151251435279846 -0.008666565641760826
v -0.017320455983281136 0.01705145835876465 -0.008577470667660236
v -0.014894887804985046 0.019134458154439926 -0.007421834394335747
v -0.0167484600096941 0.018815791234374046 -0.007439869921654463
v -0.014893908984959126 0.019743667915463448 -0.006819817237555981
v -0.014893908984959126 0.019743667915463448 -0.006819817237555981
v -0.0167484600096941 0.018815791234374046 -0.007439869921654463
v -0.016758207231760025 0.01954340562224388 -0.006710117682814598
v -0.014893908984959126 0.019743667915463448 -0.006819817237555981
v -0.016758207231760025 0.01954340562224388 -0.006710117682814598
v -0.014893777668476105 0.019816996529698372 -0.006738405209034681
v -0.014893777668476105 0.019816996529698372 -0.006738405209034681
v -0.016758207231760025 0.01954340562224388 -0.006710117682814598
v -0.016768742352724075 0.02017686516046524 -0.005899443756788969
v -0.014893777668476105 0.019816996529698372 -0.006738405209034681
v -0.016768742352724075 0.02017686516046524 -0.005899443756788969
v -0.01489255391061306 0.020418981090188026 -0.005960836540907621
v -0.01489255391061306 0.020418981090188026 -0.005960836540907621
v -0.016768742352724075 0.02017686516046524 -0.005899443756788969
v -0.014891614206135273 0.020788703113794327 -0.005349906627088785
v -0.020327840000391006 0.019931510090827942 -0.003074947278946638
v -0.020359188318252563 0.020152460783720016 -0.0022648945450782776
v -0.01979873515665531 0.020503930747509003 -0.0022560865618288517
v -0.02178155817091465 0.018454913049936295 -0.003576575079932809
v -0.02185172401368618 0.01892724260687828 -0.002241031965240836
v -0.02184532955288887 0.01893359050154686 -0.0022413141559809446
v -0.02178155817091465 0.018454913049936295 -0.003576575079932809
v -0.02184532955288887 0.01893359050154686 -0.0022413141559809446
v -0.020295603200793266 0.019620761275291443 -0.003863018471747637
v -0.020359188318252563 0.020152460783720016 -0.0022648945450782776
v -0.020327840000391006 0.019931510090827942 -0.003074947278946638
v -0.02104252576828003 0.019650014117360115 -0.0022635413333773613
v -0.01979873515665531 0.020503930747509003 -0.0022560865618288517
v -0.018633950501680374 0.020846113562583923 -0.003135749837383628
v -0.020327840000391006 0.019931510090827942 -0.003074947278946638
v -0.020327840000391006 0.019931510090827942 -0.003074947278946638
v -0.018633950501680374 0.020846113562583923 -0.003135749837383628
v -0.020295603200793266 0.019620761275291443 -0.003863018471747637
v -0.020327840000391006 0.019931510090827942 -0.003074947278946638
v -0.020295603200793266 0.019620761275291443 -0.003863018471747637
v -0.02104252576828003 0.019650014117360115 -0.0022635413333773613
v -0.02104252576828003 0.019650014117360115 -0.0022635413333773613
v -0.020295603200793266 0.019620761275291443 -0.003863018471747637
v -0.02184532955288887 0.01893359050154686 -0.0022413141559809446
v -0.01742655783891678 0.02150907926261425 -0.0021398658864200115
v -0.017083490267395973 0.02159890905022621 -0.0021139713935554028
v -0.016802052035927773 0.021438445895910263 -0.0030959979631006718
v -0.01979873515665531 0.020503930747509003 -0.0022560865618288517
v -0.01916779950261116 0.02084253914654255 -0.002236834494397044
v -0.018633950501680374 0.020846113562583923 -0.003135749837383628
v -0.018633950501680374 0.020846113562583923 -0.003135749837383628
v -0.01916779950261116 0.02084253914654255 -0.002236834494397044
v -0.01865481026470661 0.021077601239085197 -0.002214596839621663
v -0.018633950501680374 0.020846113562583923 -0.003135749837383628
v -0.01865481026470661 0.021077601239085197 -0.002214596839621663
v -0.01742655783891678 0.02150907926261425 -0.0021398658864200115
v -0.017083490267395973 0.02159890905022621 -0.0021139713935554028
v -0.016812404617667198 0.021660901606082916 -0.0020920399110764265
v -0.016802052035927773 0.021438445895910263 -0.0030959979631006718
v -0.016802052035927773 0.021438445895910263 -0.0030959979631006718
v -0.016812404617667198 0.021660901606082916 -0.0020920399110764265
v -0.014886528253555298 0.021882671862840652 -0.0019004566129297018
v -0.016802052035927773 0.021438445895910263 -0.0030959979631006718
v -0.014886528253555298 0.021882671862840652 -0.0019004566129297018
v -0.014888044446706772 0.021679820492863655 -0.00294783478602767
v -0.014889904297888279 0.02130190096795559 -0.004212785977870226
v -0.014891025610268116 0.020986566320061684 -0.004961695987731218
v -0.016779715195298195 0.020703885704278946 -0.0050161913968622684
v -0.014888969250023365 0.021512022241950035 -0.0035800253972411156
v -0.014889904297888279 0.02130190096795559 -0.004212785977870226
v -0.016790924593806267 0.021122539415955544 -0.004076030571013689
v -0.016790924593806267 0.021122539415955544 -0.004076030571013689
v -0.014889904297888279 0.02130190096795559 -0.004212785977870226
v -0.016779715195298195 0.020703885704278946 -0.0050161913968622684
v -0.016790924593806267 0.021122539415955544 -0.004076030571013689
v -0.016779715195298195 0.020703885704278946 -0.0050161913968622684
v -0.018589453771710396 0.02010093256831169 -0.004891885444521904
v -0.018589453771710396 0.02010093256831169 -0.004891885444521904
v -0.016779715195298195 0.020703885704278946 -0.0050161913968622684
v -0.018567215651273727 0.019592978060245514 -0.005704112816601992
v -0.018589453771710396 0.02010093256831169 -0.004891885444521904
v -0.018567215651273727 0.019592978060245514 -0.005704112816601992
v -0.020232923328876495 0.018764110282063484 -0.005341272335499525
v -0.020232923328876495 0.018764110282063484 -0.005341272335499525
v -0.018567215651273727 0.019592978060245514 -0.005704112816601992
v -0.018545832484960556 0.019000208005309105 -0.0064581409096717834
v -0.020232923328876495 0.018764110282063484 -0.005341272335499525
v -0.018545832484960556 0.019000208005309105 -0.0064581409096717834
v -0.020177477970719337 0.017634732648730278 -0.006632653996348381
v -0.020177477970719337 0.017634732648730278 -0.006632653996348381
v -0.018545832484960556 0.019000208005309105 -0.0064581409096717834
v -0.018525613471865654 0.018330048769712448 -0.007146064192056656
v -0.020177477970719337 0.017634732648730278 -0.006632653996348381
v -0.018525613471865654 0.018330048769712448 -0.007146064192056656
v -0.019598547369241714 0.016461065039038658 -0.007909172214567661
v -0.019598547369241714 0.016461065039038658 -0.007909172214567661
v -0.018525613471865654 0.018330048769712448 -0.007146064192056656
v -0.018416021019220352 0.01681024394929409 -0.008323927409946918
v -0.014888044446706772 0.021679820492863655 -0.00294783478602767
v -0.014888969250023365 0.021512022241950035 -0.0035800253972411156
v -0.016802052035927773 0.021438445895910263 -0.0030959979631006718
v -0.016802052035927773 0.021438445895910263 -0.0030959979631006718
v -0.014888969250023365 0.021512022241950035 -0.0035800253972411156
v -0.016790924593806267 0.021122539415955544 -0.004076030571013689
v -0.016802052035927773 0.021438445895910263 -0.0030959979631006718
v -0.016790924593806267 0.021122539415955544 -0.004076030571013689
v -0.018611973151564598 0.020519481971859932 -0.004031898453831673
v -0.018611973151564598 0.020519481971859932 -0.004031898453831673
v -0.016790924593806267 0.021122539415955544 -0.004076030571013689
v -0.018589453771710396 0.02010093256831169 -0.004891885444521904
v -0.018611973151564598 0.020519481971859932 -0.004031898453831673
v -0.018589453771710396 0.02010093256831169 -0.004891885444521904
v -0.020263729616999626 0.01922931708395481 -0.00462125800549984
v -0.020263729616999626 0.01922931708395481 -0.00462125800549984
v -0.018589453771710396 0.02010093256831169 -0.004891885444521904
v -0.020232923328876495 0.018764110282063484 -0.005341272335499525
v -0.020263729616999626 0.01922931708395481 -0.00462125800549984
v -0.020232923328876495 0.018764110282063484 -0.005341272335499525
v -0.02171006053686142 0.017712034285068512 -0.004819182213395834
v -0.02171006053686142 0.017712034285068512 -0.004819182213395834
v -0.020232923328876495 0.018764110282063484 -0.005341272335499525
v -0.020177477970719337 0.017634732648730278 -0.006632653996348381
v -0.02171006053686142 0.017712034285068512 -0.004819182213395834
v -0.020177477970719337 0.017634732648730278 -0.006632653996348381
v -0.02164645679295063 0.01675330474972725 -0.0059125665575265884
v -0.02164645679295063 0.01675330474972725 -0.0059125665575265884
v -0.020177477970719337 0.017634732648730278 -0.006632653996348381
v -0.020390504971146584 0.016167251393198967 -0.007536154240369797
v -0.02395753189921379 0.015477056615054607 -0.0026833799201995134
v -0.02401675097644329 0.01574903354048729 -0.0019772097002714872
v -0.023783404380083084 0.016252567991614342 -0.0020319835748523474
v -0.02395753189921379 0.015477056615054607 -0.0026833799201995134
v -0.023783404380083084 0.016252567991614342 -0.0020319835748523474
v -0.02301810123026371 0.017056848853826523 -0.0031795690301805735
v -0.02482682466506958 0.012012839317321777 -0.0014617800479754806
v -0.024604596197605133 0.01391415111720562 -0.0017465587006881833
v -0.024568259716033936 0.013772369362413883 -0.002104284707456827
v -0.024568259716033936 0.013772369362413883 -0.002104284707456827
v -0.024604596197605133 0.01391415111720562 -0.0017465587006881833
v -0.024542905390262604 0.014181203208863735 -0.0017829516436904669
v -0.024568259716033936 0.013772369362413883 -0.002104284707456827
v -0.024542905390262604 0.014181203208863735 -0.0017829516436904669
v -0.02395753189921379 0.015477056615054607 -0.0026833799201995134
v -0.02395753189921379 0.015477056615054607 -0.0026833799201995134
v -0.024542905390262604 0.014181203208863735 -0.0017829516436904669
v -0.024446802213788033 0.014542999677360058 -0.0018307743594050407
v -0.02395753189921379 0.015477056615054607 -0.0026833799201995134
v -0.024446802213788033 0.014542999677360058 -0.0018307743594050407
v -0.02401675097644329 0.01574903354048729 -0.0019772097002714872
v -0.023783404380083084 0.016252567991614342 -0.0020319835748523474
v -0.023430082947015762 0.016901895403862 -0.0020964150317013264
v -0.02301810123026371 0.017056848853826523 -0.0031795690301805735
v -0.02301810123026371 0.017056848853826523 -0.0031795690301805735
v -0.023430082947015762 0.016901895403862 -0.0020964150317013264
v -0.023090986534953117 0.01743520237505436 -0.00214354763738811
v -0.02301810123026371 0.017056848853826523 -0.0031795690301805735
v -0.023090986534953117 0.01743520237505436 -0.00214354763738811
v -0.02178155817091465 0.018454913049936295 -0.003576575079932809
v -0.02178155817091465 0.018454913049936295 -0.003576575079932809
v -0.023090986534953117 0.01743520237505436 -0.00214354763738811
v -0.022584011778235435 0.018117045983672142 -0.002195119159296155
v -0.02178155817091465 0.018454913049936295 -0.003576575079932809
v -0.022584011778235435 0.018117045983672142 -0.002195119159296155
v -0.02185172401368618 0.01892724260687828 -0.002241031965240836
v -0.014897145330905914 0.01734030246734619 -0.008749577216804028
v -0.016267983242869377 0.017216602340340614 -0.008715275675058365
v -0.014896318316459656 0.018058618530631065 -0.008273095823824406
v -0.014896318316459656 0.018058618530631065 -0.008273095823824406
v -0.016267983242869377 0.017216602340340614 -0.008715275675058365
v -0.0167484600096941 0.018815791234374046 -0.007439869921654463
v -0.014896318316459656 0.018058618530631065 -0.008273095823824406
v -0.0167484600096941 0.018815791234374046 -0.007439869921654463
v -0.014894997701048851 0.019059251993894577 -0.007488706149160862
v -0.014894997701048851 0.019059251993894577 -0.007488706149160862
v -0.0167484600096941 0.018815791234374046 -0.007439869921654463
v -0.014894887804985046 0.019134458154439926 -0.007421834394335747
v -0.020390504971146584 0.016167251393198967 -0.007536154240369797
v -0.02159498818218708 0.015604565851390362 -0.006784841883927584
v -0.02164645679295063 0.01675330474972725 -0.0059125665575265884
v -0.02164645679295063 0.01675330474972725 -0.0059125665575265884
v -0.02159498818218708 0.015604565851390362 -0.006784841883927584
v -0.02208748273551464 0.015323245897889137 -0.006396237760782242
v -0.02164645679295063 0.01675330474972725 -0.0059125665575265884
v -0.02208748273551464 0.015323245897889137 -0.006396237760782242
v -0.02288486436009407 0.015712086111307144 -0.005003263242542744
v -0.02288486436009407 0.015712086111307144 -0.005003263242542744
v -0.02208748273551464 0.015323245897889137 -0.006396237760782242
v -0.022837042808532715 0.014816271141171455 -0.005679595749825239
v -0.02288486436009407 0.015712086111307144 -0.005003263242542744
v -0.022837042808532715 0.014816271141171455 -0.005679595749825239
v -0.02319050393998623 0.014533307403326035 -0.005271929781883955
v -0.014891025610268116 0.020986566320061684 -0.004961695987731218
v -0.014891614206135273 0.020788703113794327 -0.005349906627088785
v -0.016779715195298195 0.020703885704278946 -0.0050161913968622684
v -0.016779715195298195 0.020703885704278946 -0.0050161913968622684
v -0.014891614206135273 0.020788703113794327 -0.005349906627088785
v -0.016768742352724075 0.02017686516046524 -0.005899443756788969
v -0.016779715195298195 0.020703885704278946 -0.0050161913968622684
v -0.016768742352724075 0.02017686516046524 -0.005899443756788969
v -0.018567215651273727 0.019592978060245514 -0.005704112816601992
v -0.018567215651273727 0.019592978060245514 -0.005704112816601992
v -0.016768742352724075 0.02017686516046524 -0.005899443756788969
v -0.016758207231760025 0.01954340562224388 -0.006710117682814598
v -0.018567215651273727 0.019592978060245514 -0.005704112816601992
v -0.016758207231760025 0.01954340562224388 -0.006710117682814598
v -0.018545832484960556 0.019000208005309105 -0.0064581409096717834
v -0.018545832484960556 0.019000208005309105 -0.0064581409096717834
v -0.016758207231760025 0.01954340562224388 -0.006710117682814598
v -0.0167484600096941 0.018815791234374046 -0.007439869921654463
v -0.018545832484960556 0.019000208005309105 -0.0064581409096717834
v -0.0167484600096941 0.018815791234374046 -0.007439869921654463
v -0.018525613471865654 0.018330048769712448 -0.007146064192056656
v -0.018525613471865654 0.018330048769712448 -0.007146064192056656
v -0.0167484600096941 0.018815791234374046 -0.007439869921654463
v -0.017320455983281136 0.01705145835876465 -0.008577470667660236
v -0.018525613471865654 0.018330048769712448 -0.007146064192056656
v -0.017320455983281136 0.01705145835876465 -0.008577470667660236
v -0.018416021019220352 0.01681024394929409 -0.008323927409946918
v -0.01742655783891678 0.02150907926261425 -0.0021398658864200115
v -0.016802052035927773 0.021438445895910263 -0.0030959979631006718
v -0.018633950501680374 0.020846113562583923 -0.003135749837383628
v -0.018633950501680374 0.020846113562583923 -0.003135749837383628
v -0.016802052035927773 0.021438445895910263 -0.0030959979631006718
v -0.018611973151564598 0.020519481971859932 -0.004031898453831673
v -0.018633950501680374 0.020846113562583923 -0.003135749837383628
v -0.018611973151564598 0.020519481971859932 -0.004031898453831673
v -0.020295603200793266 0.019620761275291443 -0.003863018471747637
v -0.020295603200793266 0.019620761275291443 -0.003863018471747637
v -0.018611973151564598 0.020519481971859932 -0.004031898453831673
v -0.020263729616999626 0.01922931708395481 -0.00462125800549984
v -0.020295603200793266 0.019620761275291443 -0.003863018471747637
v -0.020263729616999626 0.01922931708395481 -0.00462125800549984
v -0.02178155817091465 0.018454913049936295 -0.003576575079932809
v -0.02178155817091465 0.018454913049936295 -0.003576575079932809
v -0.020263729616999626 0.01922931708395481 -0.00462125800549984
v -0.02171006053686142 0.017712034285068512 -0.004819182213395834
v -0.02178155817091465 0.018454913049936295 -0.003576575079932809
v -0.02171006053686142 0.017712034285068512 -0.004819182213395834
v -0.02301810123026371 0.017056848853826523 -0.0031795690301805735
v -0.02301810123026371 0.017056848853826523 -0.0031795690301805735
v -0.02171006053686142 0.017712034285068512 -0.004819182213395834
v -0.022947026416659355 0.016465364024043083 -0.004148140083998442
v -0.02301810123026371 0.017056848853826523 -0.0031795690301805735
v -0.022947026416659355 0.016465364024043083 -0.004148140083998442
v -0.02395753189921379 0.015477056615054607 -0.0026833799201995134
v -0.02395753189921379 0.015477056615054607 -0.0026833799201995134
v -0.022947026416659355 0.016465364024043083 -0.004148140083998442
v -0.023899417370557785 0.01506289653480053 -0.0033452739007771015
v -0.02395753189921379 0.015477056615054607 -0.0026833799201995134
v -0.023899417370557785 0.01506289653480053 -0.0033452739007771015
v -0.024568259716033936 0.013772369362413883 -0.002104284707456827
v -0.024568259716033936 0.013772369362413883 -0.002104284707456827
v -0.023899417370557785 0.01506289653480053 -0.0033452739007771015
v -0.02453365921974182 0.013558856211602688 -0.0024388914462178946
v -0.024568259716033936 0.013772369362413883 -0.002104284707456827
v -0.02453365921974182 0.013558856211602688 -0.0024388914462178946
v -0.02482682466506958 0.012012839317321777 -0.0014617800479754806
v -0.024502823129296303 0.01329747773706913 -0.002737621543928981
v -0.02482682466506958 0.012012839317321777 -0.0014617800479754806
v -0.02453365921974182 0.013558856211602688 -0.0024388914462178946
v -0.02436642348766327 0.01318870484828949 -0.0032751651015132666
v -0.0244784876704216 0.01299080066382885 -0.0029740543104708195
v -0.024502823129296303 0.01329747773706913 -0.002737621543928981
v -0.024502823129296303 0.01329747773706913 -0.002737621543928981
v -0.0244784876704216 0.01299080066382885 -0.0029740543104708195
v -0.02482682466506958 0.012012839317321777 -0.0014617800479754806
v -0.014832179993391037 0.015884293243288994 -0.009586297906935215
v -0.014771795831620693 0.014824919402599335 -0.010125682689249516
v -0.01709955744445324 0.014542730525135994 -0.009955530986189842
v -0.024637650698423386 0.010581828653812408 -0.0027653160504996777
v -0.024768516421318054 0.01154794730246067 -0.001918510883115232
v -0.02419670671224594 0.012730158865451813 -0.00394446449354291
v -0.014611337333917618 0.012188333086669445 -0.011263970285654068
v -0.014572582207620144 0.011553537100553513 -0.011497871950268745
v -0.01678917184472084 0.01129818707704544 -0.011323072947561741
v -0.014385699294507504 0.0082527045160532 -0.012486708350479603
v -0.01437007449567318 0.007942122407257557 -0.012561128474771976
v -0.01649511605501175 0.007748227100819349 -0.012370915152132511
v -0.01421976275742054 0.004158209543675184 -0.01322835125029087
v -0.01421667542308569 0.004048967733979225 -0.01324123702943325
v -0.01628088392317295 0.003944292664527893 -0.013036265969276428
v -0.014159229584038258 -1.778928826468018e-08 -0.013475692830979824
v -0.014198042452335358 -0.003319385927170515 -0.013318361714482307
v -0.016255244612693787 -0.003233038354665041 -0.01311149075627327
v -0.014205369167029858 -0.0036228843964636326 -0.013288162648677826
v -0.0142785320058465 -0.00588825112208724 -0.01297720242291689
v -0.016366561874747276 -0.0057392907328903675 -0.012778391130268574
v -0.014355394057929516 -0.007642142474651337 -0.012630093842744827
v -0.014362717047333717 -0.007792830467224121 -0.012595807202160358
v -0.0164846982806921 -0.007602001540362835 -0.012404930777847767
v -0.014567903243005276 -0.011476356536149979 -0.011525305919349194
v -0.01468687690794468 -0.013416801579296589 -0.010768141597509384
v -0.016963621601462364 -0.013142031617462635 -0.010598061606287956
v -0.014790461398661137 -0.01514490693807602 -0.009968015365302563
v -0.014804938808083534 -0.015397224575281143 -0.009840517304837704
v -0.01715472899377346 -0.015114071778953075 -0.009669010527431965
v -0.024636726826429367 -0.010575303807854652 -0.0027706832624971867
v -0.0244781281799078 -0.009485806338489056 -0.0036057643592357635
v -0.023793736472725868 -0.010399874299764633 -0.005601779092103243
v -0.02013540267944336 0.01626771315932274 -0.007665553130209446
v -0.019598547369241714 0.016461065039038658 -0.007909172214567661
v -0.01950434222817421 0.015611542388796806 -0.008430237881839275
v -0.02283656969666481 -0.014807907864451408 -0.005684616509824991
v -0.02318946272134781 -0.014526298269629478 -0.005277183838188648
v -0.02292519435286522 -0.012952829711139202 -0.0063787237741053104
v -0.02482682466506958 -0.012012839317321777 -0.0014617800479754806
v -0.024674898013472557 -0.010847451165318489 -0.002542939968407154
v -0.024366166442632675 -0.013185239396989346 -0.0032773318234831095
v -0.024366166442632675 -0.013185239396989346 -0.0032773318234831095
v -0.024674898013472557 -0.010847451165318489 -0.002542939968407154
v -0.024060646072030067 -0.011930637992918491 -0.004562965128570795
v -0.02318946272134781 -0.014526298269629478 -0.005277183838188648
v -0.023437850177288055 -0.01430536713451147 -0.004954173229634762
v -0.02292519435286522 -0.012952829711139202 -0.0063787237741053104
v -0.02292519435286522 -0.012952829711139202 -0.0063787237741053104
v -0.023437850177288055 -0.01430536713451147 -0.004954173229634762
v -0.023805774748325348 -0.01393189374357462 -0.004401990678161383
v -0.02292519435286522 -0.012952829711139202 -0.0063787237741053104
v -0.023805774748325348 -0.01393189374357462 -0.004401990678161383
v -0.024060646072030067 -0.011930637992918491 -0.004562965128570795
v -0.024060646072030067 -0.011930637992918491 -0.004562965128570795
v -0.023805774748325348 -0.01393189374357462 -0.004401990678161383
v -0.02428966574370861 -0.013307075947523117 -0.0034626182168722153
v -0.024060646072030067 -0.011930637992918491 -0.004562965128570795
v -0.02428966574370861 -0.013307075947523117 -0.0034626182168722153
v -0.024366166442632675 -0.013185239396989346 -0.0032773318234831095
v -0.02283656969666481 -0.014807907864451408 -0.005684616509824991
v -0.02292519435286522 -0.012952829711139202 -0.0063787237741053104
v -0.022086763754487038 -0.01531349215656519 -0.006402341648936272
v -0.022086763754487038 -0.01531349215656519 -0.006402341648936272
v -0.02292519435286522 -0.012952829711139202 -0.0063787237741053104
v -0.021332483738660812 -0.013856465928256512 -0.007887967862188816
v -0.022086763754487038 -0.01531349215656519 -0.006402341648936272
v -0.021332483738660812 -0.013856465928256512 -0.007887967862188816
v -0.02159370854496956 -0.015594249591231346 -0.0067918309941887856
v -0.02159370854496956 -0.015594249591231346 -0.0067918309941887856
v -0.021332483738660812 -0.013856465928256512 -0.007887967862188816
v -0.020389603450894356 -0.01615501195192337 -0.007543816231191158
v -0.020389603450894356 -0.01615501195192337 -0.007543816231191158
v -0.021332483738660812 -0.013856465928256512 -0.007887967862188816
v -0.019372200593352318 -0.014590660110116005 -0.009005710482597351
v -0.020389603450894356 -0.01615501195192337 -0.007543816231191158
v -0.019372200593352318 -0.014590660110116005 -0.009005710482597351
v -0.020134804770350456 -0.016255052760243416 -0.007673241663724184
v -0.016733087599277496 -0.01713603548705578 -0.008675978519022465
v -0.01731945388019085 -0.017036598175764084 -0.008586750365793705
v -0.01715472899377346 -0.015114071778953075 -0.009669010527431965
v -0.01715472899377346 -0.015114071778953075 -0.009669010527431965
v -0.01731945388019085 -0.017036598175764084 -0.008586750365793705
v -0.018414979800581932 -0.016796112060546875 -0.00833277776837349
v -0.01715472899377346 -0.015114071778953075 -0.009669010527431965
v -0.018414979800581932 -0.016796112060546875 -0.00833277776837349
v -0.019372200593352318 -0.014590660110116005 -0.009005710482597351
v -0.019372200593352318 -0.014590660110116005 -0.009005710482597351
v -0.018414979800581932 -0.016796112060546875 -0.00833277776837349
v -0.0195972491055727 -0.016448073089122772 -0.007917516864836216
v -0.019372200593352318 -0.014590660110116005 -0.009005710482597351
v -0.0195972491055727 -0.016448073089122772 -0.007917516864836216
v -0.020134804770350456 -0.016255052760243416 -0.007673241663724184
v -0.016733087599277496 -0.01713603548705578 -0.008675978519022465
v -0.01715472899377346 -0.015114071778953075 -0.009669010527431965
v -0.016266852617263794 -0.017201274633407593 -0.00872487761080265
v -0.016266852617263794 -0.017201274633407593 -0.00872487761080265
v -0.01715472899377346 -0.015114071778953075 -0.009669010527431965
v -0.014804938808083534 -0.015397224575281143 -0.009840517304837704
v -0.016266852617263794 -0.017201274633407593 -0.00872487761080265
v -0.014804938808083534 -0.015397224575281143 -0.009840517304837704
v -0.014896617271006107 -0.017324578016996384 -0.00875942874699831
v -0.014897145330905914 0.01734030246734619 -0.008749577216804028
v -0.014861109666526318 0.016445951536297798 -0.009279174730181694
v -0.016267983242869377 0.017216602340340614 -0.008715275675058365
v -0.016267983242869377 0.017216602340340614 -0.008715275675058365
v -0.014861109666526318 0.016445951536297798 -0.009279174730181694
v -0.017252421006560326 0.016163261607289314 -0.009103692136704922
v -0.016267983242869377 0.017216602340340614 -0.008715275675058365
v -0.017252421006560326 0.016163261607289314 -0.009103692136704922
v -0.016733668744564056 0.017151251435279846 -0.008666565641760826
v -0.016733668744564056 0.017151251435279846 -0.008666565641760826
v -0.017252421006560326 0.016163261607289314 -0.009103692136704922
v -0.017320455983281136 0.01705145835876465 -0.008577470667660236
v -0.01950434222817421 0.015611542388796806 -0.008430237881839275
v -0.019598547369241714 0.016461065039038658 -0.007909172214567661
v -0.017252421006560326 0.016163261607289314 -0.009103692136704922
v -0.017252421006560326 0.016163261607289314 -0.009103692136704922
v -0.019598547369241714 0.016461065039038658 -0.007909172214567661
v -0.018416021019220352 0.01681024394929409 -0.008323927409946918
v -0.017252421006560326 0.016163261607289314 -0.009103692136704922
v -0.018416021019220352 0.01681024394929409 -0.008323927409946918
v -0.017320455983281136 0.01705145835876465 -0.008577470667660236
v -0.023080719634890556 0.013843459077179432 -0.005773183889687061
v -0.02319050393998623 0.014533307403326035 -0.005271929781883955
v -0.022837042808532715 0.014816271141171455 -0.005679595749825239
v -0.023080719634890556 0.013843459077179432 -0.005773183889687061
v -0.022837042808532715 0.014816271141171455 -0.005679595749825239
v -0.021485604345798492 0.014822951517999172 -0.0072980704717338085
v -0.022837042808532715 0.014816271141171455 -0.005679595749825239
v -0.02208748273551464 0.015323245897889137 -0.006396237760782242
v -0.021485604345798492 0.014822951517999172 -0.0072980704717338085
v -0.021485604345798492 0.014822951517999172 -0.0072980704717338085
v -0.02208748273551464 0.015323245897889137 -0.006396237760782242
v -0.02159498818218708 0.015604565851390362 -0.006784841883927584
v -0.021485604345798492 0.014822951517999172 -0.0072980704717338085
v -0.02159498818218708 0.015604565851390362 -0.006784841883927584
v -0.01950434222817421 0.015611542388796806 -0.008430237881839275
v -0.01950434222817421 0.015611542388796806 -0.008430237881839275
v -0.02159498818218708 0.015604565851390362 -0.006784841883927584
v -0.020390504971146584 0.016167251393198967 -0.007536154240369797
v -0.01950434222817421 0.015611542388796806 -0.008430237881839275
v -0.020390504971146584 0.016167251393198967 -0.007536154240369797
v -0.02013540267944336 0.01626771315932274 -0.007665553130209446
v -0.02436642348766327 0.01318870484828949 -0.0032751651015132666
v -0.02428949810564518 0.013311595655977726 -0.0034612747840583324
v -0.02419670671224594 0.012730158865451813 -0.00394446449354291
v -0.02419670671224594 0.012730158865451813 -0.00394446449354291
v -0.02428949810564518 0.013311595655977726 -0.0034612747840583324
v -0.023806126788258553 0.013937640935182571 -0.004398554563522339
v -0.02419670671224594 0.012730158865451813 -0.00394446449354291
v -0.023806126788258553 0.013937640935182571 -0.004398554563522339
v -0.023080719634890556 0.013843459077179432 -0.005773183889687061
v -0.023080719634890556 0.013843459077179432 -0.005773183889687061
v -0.023806126788258553 0.013937640935182571 -0.004398554563522339
v -0.0234383512288332 0.014312143437564373 -0.004949935711920261
v -0.023080719634890556 0.013843459077179432 -0.005773183889687061
v -0.0234383512288332 0.014312143437564373 -0.004949935711920261
v -0.02319050393998623 0.014533307403326035 -0.005271929781883955
v -0.024768516421318054 0.01154794730246067 -0.001918510883115232
v -0.02482682466506958 0.012012839317321777 -0.0014617800479754806
v -0.02419670671224594 0.012730158865451813 -0.00394446449354291
v -0.02419670671224594 0.012730158865451813 -0.00394446449354291
v -0.02482682466506958 0.012012839317321777 -0.0014617800479754806
v -0.0244784876704216 0.01299080066382885 -0.0029740543104708195
v -0.02419670671224594 0.012730158865451813 -0.00394446449354291
v -0.0244784876704216 0.01299080066382885 -0.0029740543104708195
v -0.02436642348766327 0.01318870484828949 -0.0032751651015132666
v -0.01468687690794468 -0.013416801579296589 -0.010768141597509384
v -0.014790461398661137 -0.01514490693807602 -0.009968015365302563
v -0.016963621601462364 -0.013142031617462635 -0.010598061606287956
v -0.016963621601462364 -0.013142031617462635 -0.010598061606287956
v -0.014790461398661137 -0.01514490693807602 -0.009968015365302563
v -0.01715472899377346 -0.015114071778953075 -0.009669010527431965
v -0.016963621601462364 -0.013142031617462635 -0.010598061606287956
v -0.01715472899377346 -0.015114071778953075 -0.009669010527431965
v -0.019119970500469208 -0.012673920020461082 -0.009950747713446617
v -0.019119970500469208 -0.012673920020461082 -0.009950747713446617
v -0.01715472899377346 -0.015114071778953075 -0.009669010527431965
v -0.019372200593352318 -0.014590660110116005 -0.009005710482597351
v -0.019119970500469208 -0.012673920020461082 -0.009950747713446617
v -0.019372200593352318 -0.014590660110116005 -0.009005710482597351
v -0.02104189805686474 -0.012037222273647785 -0.00886042881757021
v -0.02104189805686474 -0.012037222273647785 -0.00886042881757021
v -0.019372200593352318 -0.014590660110116005 -0.009005710482597351
v -0.021332483738660812 -0.013856465928256512 -0.007887967862188816
v -0.02104189805686474 -0.012037222273647785 -0.00886042881757021
v -0.021332483738660812 -0.013856465928256512 -0.007887967862188816
v -0.022627774626016617 -0.011265606619417667 -0.007384761702269316
v -0.022627774626016617 -0.011265606619417667 -0.007384761702269316
v -0.021332483738660812 -0.013856465928256512 -0.007887967862188816
v -0.02292519435286522 -0.012952829711139202 -0.0063787237741053104
v -0.022627774626016617 -0.011265606619417667 -0.007384761702269316
v -0.02292519435286522 -0.012952829711139202 -0.0063787237741053104
v -0.023793736472725868 -0.010399874299764633 -0.005601779092103243
v -0.023793736472725868 -0.010399874299764633 -0.005601779092103243
v -0.02292519435286522 -0.012952829711139202 -0.0063787237741053104
v -0.024060646072030067 -0.011930637992918491 -0.004562965128570795
v -0.023793736472725868 -0.010399874299764633 -0.005601779092103243
v -0.024060646072030067 -0.011930637992918491 -0.004562965128570795
v -0.024636726826429367 -0.010575303807854652 -0.0027706832624971867
v -0.024636726826429367 -0.010575303807854652 -0.0027706832624971867
v -0.024060646072030067 -0.011930637992918491 -0.004562965128570795
v -0.024674898013472557 -0.010847451165318489 -0.002542939968407154
v -0.014516695402562618 -0.010620083659887314 -0.011815378442406654
v -0.014567903243005276 -0.011476356536149979 -0.011525305919349194
v -0.016706416383385658 -0.010377956554293633 -0.011637003161013126
v -0.016706416383385658 -0.010377956554293633 -0.011637003161013126
v -0.014567903243005276 -0.011476356536149979 -0.011525305919349194
v -0.016963621601462364 -0.013142031617462635 -0.010598061606287956
v -0.016706416383385658 -0.010377956554293633 -0.011637003161013126
v -0.016963621601462364 -0.013142031617462635 -0.010598061606287956
v -0.01878916285932064 -0.009997224435210228 -0.011002547107636929
v -0.01878916285932064 -0.009997224435210228 -0.011002547107636929
v -0.016963621601462364 -0.013142031617462635 -0.010598061606287956
v -0.019119970500469208 -0.012673920020461082 -0.009950747713446617
v -0.01878916285932064 -0.009997224435210228 -0.011002547107636929
v -0.019119970500469208 -0.012673920020461082 -0.009950747713446617
v -0.0206631850451231 -0.009496488608419895 -0.009943007491528988
v -0.0206631850451231 -0.009496488608419895 -0.009943007491528988
v -0.019119970500469208 -0.012673920020461082 -0.009950747713446617
v -0.02104189805686474 -0.012037222273647785 -0.00886042881757021
v -0.0206631850451231 -0.009496488608419895 -0.009943007491528988
v -0.02104189805686474 -0.012037222273647785 -0.00886042881757021
v -0.022236930206418037 -0.00890021026134491 -0.008510145358741283
v -0.022236930206418037 -0.00890021026134491 -0.008510145358741283
v -0.02104189805686474 -0.012037222273647785 -0.00886042881757021
v -0.022627774626016617 -0.011265606619417667 -0.007384761702269316
v -0.022236930206418037 -0.00890021026134491 -0.008510145358741283
v -0.022627774626016617 -0.011265606619417667 -0.007384761702269316
v -0.023433519527316093 -0.008237519301474094 -0.006773959845304489
v -0.023433519527316093 -0.008237519301474094 -0.006773959845304489
v -0.022627774626016617 -0.011265606619417667 -0.007384761702269316
v -0.023793736472725868 -0.010399874299764633 -0.005601779092103243
v -0.023433519527316093 -0.008237519301474094 -0.006773959845304489
v -0.023793736472725868 -0.010399874299764633 -0.005601779092103243
v -0.024194492027163506 -0.007540792226791382 -0.004819270223379135
v -0.024194492027163506 -0.007540792226791382 -0.004819270223379135
v -0.023793736472725868 -0.010399874299764633 -0.005601779092103243
v -0.0244781281799078 -0.009485806338489056 -0.0036057643592357635
v -0.014362717047333717 -0.007792830467224121 -0.012595807202160358
v -0.014516695402562618 -0.010620083659887314 -0.011815378442406654
v -0.0164846982806921 -0.007602001540362835 -0.012404930777847767
v -0.0164846982806921 -0.007602001540362835 -0.012404930777847767
v -0.014516695402562618 -0.010620083659887314 -0.011815378442406654
v -0.016706416383385658 -0.010377956554293633 -0.011637003161013126
v -0.0164846982806921 -0.007602001540362835 -0.012404930777847767
v -0.016706416383385658 -0.010377956554293633 -0.011637003161013126
v -0.018509583547711372 -0.007317375857383013 -0.011776858009397984
v -0.018509583547711372 -0.007317375857383013 -0.011776858009397984
v -0.016706416383385658 -0.010377956554293633 -0.011637003161013126
v -0.01878916285932064 -0.009997224435210228 -0.011002547107636929
v -0.018509583547711372 -0.007317375857383013 -0.011776858009397984
v -0.01878916285932064 -0.009997224435210228 -0.011002547107636929
v -0.020344724878668785 -0.00695197656750679 -0.010740326717495918
v -0.020344724878668785 -0.00695197656750679 -0.010740326717495918
v -0.01878916285932064 -0.009997224435210228 -0.011002547107636929
v -0.0206631850451231 -0.009496488608419895 -0.009943007491528988
v -0.020344724878668785 -0.00695197656750679 -0.010740326717495918
v -0.0206631850451231 -0.009496488608419895 -0.009943007491528988
v -0.02190614864230156 -0.006522523704916239 -0.009342766366899014
v -0.02190614864230156 -0.006522523704916239 -0.009342766366899014
v -0.0206631850451231 -0.009496488608419895 -0.009943007491528988
v -0.022236930206418037 -0.00890021026134491 -0.008510145358741283
v -0.02190614864230156 -0.006522523704916239 -0.009342766366899014
v -0.022236930206418037 -0.00890021026134491 -0.008510145358741283
v -0.023122411221265793 -0.006048666778951883 -0.007648123428225517
v -0.023122411221265793 -0.006048666778951883 -0.007648123428225517
v -0.022236930206418037 -0.00890021026134491 -0.008510145358741283
v -0.023433519527316093 -0.008237519301474094 -0.006773959845304489
v -0.023122411221265793 -0.006048666778951883 -0.007648123428225517
v -0.023433519527316093 -0.008237519301474094 -0.006773959845304489
v -0.023937862366437912 -0.005552087910473347 -0.00573393888771534
v -0.023937862366437912 -0.005552087910473347 -0.00573393888771534
v -0.023433519527316093 -0.008237519301474094 -0.006773959845304489
v -0.024194492027163506 -0.007540792226791382 -0.004819270223379135
v -0.0142785320058465 -0.00588825112208724 -0.01297720242291689
v -0.014355394057929516 -0.007642142474651337 -0.012630093842744827
v -0.016366561874747276 -0.0057392907328903675 -0.012778391130268574
v -0.016366561874747276 -0.0057392907328903675 -0.012778391130268574
v -0.014355394057929516 -0.007642142474651337 -0.012630093842744827
v -0.0164846982806921 -0.007602001540362835 -0.012404930777847767
v -0.016366561874747276 -0.0057392907328903675 -0.012778391130268574
v -0.0164846982806921 -0.007602001540362835 -0.012404930777847767
v -0.018362266942858696 -0.005522373132407665 -0.012152540497481823
v -0.018362266942858696 -0.005522373132407665 -0.012152540497481823
v -0.0164846982806921 -0.007602001540362835 -0.012404930777847767
v -0.018509583547711372 -0.007317375857383013 -0.011776858009397984
v -0.018362266942858696 -0.005522373132407665 -0.012152540497481823
v -0.018509583547711372 -0.007317375857383013 -0.011776858009397984
v -0.020177405327558517 -0.005247089546173811 -0.011127324774861336
v -0.020177405327558517 -0.005247089546173811 -0.011127324774861336
v -0.018509583547711372 -0.007317375857383013 -0.011776858009397984
v -0.020344724878668785 -0.00695197656750679 -0.010740326717495918
v -0.020177405327558517 -0.005247089546173811 -0.011127324774861336
v -0.020344724878668785 -0.00695197656750679 -0.010740326717495918
v -0.021731721237301826 -0.004925611894577742 -0.009748074226081371
v -0.021731721237301826 -0.004925611894577742 -0.009748074226081371
v -0.020344724878668785 -0.00695197656750679 -0.010740326717495918
v -0.02190614864230156 -0.006522523704916239 -0.009342766366899014
v -0.021731721237301826 -0.004925611894577742 -0.009748074226081371
v -0.02190614864230156 -0.006522523704916239 -0.009342766366899014
v -0.02295648865401745 -0.004572154022753239 -0.008075772784650326
v -0.02295648865401745 -0.004572154022753239 -0.008075772784650326
v -0.02190614864230156 -0.006522523704916239 -0.009342766366899014
v -0.023122411221265793 -0.006048666778951883 -0.007648123428225517
v -0.02295648865401745 -0.004572154022753239 -0.008075772784650326
v -0.023122411221265793 -0.006048666778951883 -0.007648123428225517
v -0.023797553032636642 -0.004202344920486212 -0.006184362340718508
v -0.023797553032636642 -0.004202344920486212 -0.006184362340718508
v -0.023122411221265793 -0.006048666778951883 -0.007648123428225517
v -0.023937862366437912 -0.005552087910473347 -0.00573393888771534
v -0.014198042452335358 -0.003319385927170515 -0.013318361714482307
v -0.014205369167029858 -0.0036228843964636326 -0.013288162648677826
v -0.016255244612693787 -0.003233038354665041 -0.01311149075627327
v -0.016255244612693787 -0.003233038354665041 -0.01311149075627327
v -0.014205369167029858 -0.0036228843964636326 -0.013288162648677826
v -0.016366561874747276 -0.0057392907328903675 -0.012778391130268574
v -0.016255244612693787 -0.003233038354665041 -0.01311149075627327
v -0.016366561874747276 -0.0057392907328903675 -0.012778391130268574
v -0.01822434924542904 -0.003109847893938422 -0.012487168423831463
v -0.01822434924542904 -0.003109847893938422 -0.012487168423831463
v -0.016366561874747276 -0.0057392907328903675 -0.012778391130268574
v -0.018362266942858696 -0.005522373132407665 -0.012152540497481823
v -0.01822434924542904 -0.003109847893938422 -0.012487168423831463
v -0.018362266942858696 -0.005522373132407665 -0.012152540497481823
v -0.02002103626728058 -0.0029550904873758554 -0.011472131125628948
v -0.02002103626728058 -0.0029550904873758554 -0.011472131125628948
v -0.018362266942858696 -0.005522373132407665 -0.012152540497481823
v -0.020177405327558517 -0.005247089546173811 -0.011127324774861336
v -0.02002103626728058 -0.0029550904873758554 -0.011472131125628948
v -0.020177405327558517 -0.005247089546173811 -0.011127324774861336
v -0.021568361669778824 -0.002775392960757017 -0.01010984554886818
v -0.021568361669778824 -0.002775392960757017 -0.01010984554886818
v -0.020177405327558517 -0.005247089546173811 -0.011127324774861336
v -0.021731721237301826 -0.004925611894577742 -0.009748074226081371
v -0.021568361669778824 -0.002775392960757017 -0.01010984554886818
v -0.021731721237301826 -0.004925611894577742 -0.009748074226081371
v -0.02280006743967533 -0.0025784505996853113 -0.008458648808300495
v -0.02280006743967533 -0.0025784505996853113 -0.008458648808300495
v -0.021731721237301826 -0.004925611894577742 -0.009748074226081371
v -0.02295648865401745 -0.004572154022753239 -0.008075772784650326
v -0.02280006743967533 -0.0025784505996853113 -0.008458648808300495
v -0.02295648865401745 -0.004572154022753239 -0.008075772784650326
v -0.02366340346634388 -0.002372697228565812 -0.006589251570403576
v -0.02366340346634388 -0.002372697228565812 -0.006589251570403576
v -0.02295648865401745 -0.004572154022753239 -0.008075772784650326
v -0.023797553032636642 -0.004202344920486212 -0.006184362340718508
v -0.014159295707941055 0.00013580922677647322 -0.013475430198013783
v -0.014159229584038258 -1.778928826468018e-08 -0.013475692830979824
v -0.016202162951231003 0.00013223211863078177 -0.013264552690088749
v -0.016202162951231003 0.00013223211863078177 -0.013264552690088749
v -0.014159229584038258 -1.778928826468018e-08 -0.013475692830979824
v -0.016255244612693787 -0.003233038354665041 -0.01311149075627327
v -0.016202162951231003 0.00013223211863078177 -0.013264552690088749
v -0.016255244612693787 -0.003233038354665041 -0.01311149075627327
v -0.018158864229917526 0.00012717519712168723 -0.012640794739127159
v -0.018158864229917526 0.00012717519712168723 -0.012640794739127159
v -0.016255244612693787 -0.003233038354665041 -0.01311149075627327
v -0.01822434924542904 -0.003109847893938422 -0.012487168423831463
v -0.018158864229917526 0.00012717519712168723 -0.012640794739127159
v -0.01822434924542904 -0.003109847893938422 -0.012487168423831463
v -0.019946875050663948 0.00012085176422260702 -0.011630464345216751
v -0.019946875050663948 0.00012085176422260702 -0.011630464345216751
v -0.01822434924542904 -0.003109847893938422 -0.012487168423831463
v -0.02002103626728058 -0.0029550904873758554 -0.011472131125628948
v -0.019946875050663948 0.00012085176422260702 -0.011630464345216751
v -0.02002103626728058 -0.0029550904873758554 -0.011472131125628948
v -0.021490776911377907 0.00011352853471180424 -0.01027617510408163
v -0.021490776911377907 0.00011352853471180424 -0.01027617510408163
v -0.02002103626728058 -0.0029550904873758554 -0.011472131125628948
v -0.021568361669778824 -0.002775392960757017 -0.01010984554886818
v -0.021490776911377907 0.00011352853471180424 -0.01027617510408163
v -0.021568361669778824 -0.002775392960757017 -0.01010984554886818
v -0.022725451737642288 0.00010551437299000099 -0.008635047823190689
v -0.022725451737642288 0.00010551437299000099 -0.008635047823190689
v -0.021568361669778824 -0.002775392960757017 -0.01010984554886818
v -0.02280006743967533 -0.0025784505996853113 -0.008458648808300495
v -0.022725451737642288 0.00010551437299000099 -0.008635047823190689
v -0.02280006743967533 -0.0025784505996853113 -0.008458648808300495
v -0.023598825559020042 9.714731277199462e-05 -0.006776302587240934
v -0.023598825559020042 9.714731277199462e-05 -0.006776302587240934
v -0.02280006743967533 -0.0025784505996853113 -0.008458648808300495
v -0.02366340346634388 -0.002372697228565812 -0.006589251570403576
v -0.014174809679389 0.002096321666613221 -0.013413062319159508
v -0.014159295707941055 0.00013580922677647322 -0.013475430198013783
v -0.016223380342125893 0.0020413771271705627 -0.013203797861933708
v -0.016223380342125893 0.0020413771271705627 -0.013203797861933708
v -0.014159295707941055 0.00013580922677647322 -0.013475430198013783
v -0.016202162951231003 0.00013223211863078177 -0.013264552690088749
v -0.016223380342125893 0.0020413771271705627 -0.013203797861933708
v -0.016202162951231003 0.00013223211863078177 -0.013264552690088749
v -0.018185019493103027 0.0019634217023849487 -0.012579825706779957
v -0.018185019493103027 0.0019634217023849487 -0.012579825706779957
v -0.016202162951231003 0.00013223211863078177 -0.013264552690088749
v -0.018158864229917526 0.00012717519712168723 -0.012640794739127159
v -0.018185019493103027 0.0019634217023849487 -0.012579825706779957
v -0.018158864229917526 0.00012717519712168723 -0.012640794739127159
v -0.019976487383246422 0.0018657633336260915 -0.011567624285817146
v -0.019976487383246422 0.0018657633336260915 -0.011567624285817146
v -0.018158864229917526 0.00012717519712168723 -0.012640794739127159
v -0.019946875050663948 0.00012085176422260702 -0.011630464345216751
v -0.019976487383246422 0.0018657633336260915 -0.011567624285817146
v -0.019946875050663948 0.00012085176422260702 -0.011630464345216751
v -0.021521765738725662 0.0017525461735203862 -0.010210146196186543
v -0.021521765738725662 0.0017525461735203862 -0.010210146196186543
v -0.019946875050663948 0.00012085176422260702 -0.011630464345216751
v -0.021490776911377907 0.00011352853471180424 -0.01027617510408163
v -0.021521765738725662 0.0017525461735203862 -0.010210146196186543
v -0.021490776911377907 0.00011352853471180424 -0.01027617510408163
v -0.022755278274416924 0.0016285746823996305 -0.008564993739128113
v -0.022755278274416924 0.0016285746823996305 -0.008564993739128113
v -0.021490776911377907 0.00011352853471180424 -0.01027617510408163
v -0.022725451737642288 0.00010551437299000099 -0.008635047823190689
v -0.022755278274416924 0.0016285746823996305 -0.008564993739128113
v -0.022725451737642288 0.00010551437299000099 -0.008635047823190689
v -0.023624682798981667 0.0014991092029958963 -0.006701980251818895
v -0.023624682798981667 0.0014991092029958963 -0.006701980251818895
v -0.022725451737642288 0.00010551437299000099 -0.008635047823190689
v -0.023598825559020042 9.714731277199462e-05 -0.006776302587240934
v -0.01421667542308569 0.004048967733979225 -0.01324123702943325
v -0.014174809679389 0.002096321666613221 -0.013413062319159508
v -0.01628088392317295 0.003944292664527893 -0.013036265969276428
v -0.01628088392317295 0.003944292664527893 -0.013036265969276428
v -0.014174809679389 0.002096321666613221 -0.013413062319159508
v -0.016223380342125893 0.0020413771271705627 -0.013203797861933708
v -0.01628088392317295 0.003944292664527893 -0.013036265969276428
v -0.016223380342125893 0.0020413771271705627 -0.013203797861933708
v -0.018256042152643204 0.003794273128733039 -0.012411634437739849
v -0.018256042152643204 0.003794273128733039 -0.012411634437739849
v -0.016223380342125893 0.0020413771271705627 -0.013203797861933708
v -0.018185019493103027 0.0019634217023849487 -0.012579825706779957
v -0.018256042152643204 0.003794273128733039 -0.012411634437739849
v -0.018185019493103027 0.0019634217023849487 -0.012579825706779957
v -0.02005694806575775 0.0036053808871656656 -0.011394291184842587
v -0.02005694806575775 0.0036053808871656656 -0.011394291184842587
v -0.018185019493103027 0.0019634217023849487 -0.012579825706779957
v -0.019976487383246422 0.0018657633336260915 -0.011567624285817146
v -0.02005694806575775 0.0036053808871656656 -0.011394291184842587
v -0.019976487383246422 0.0018657633336260915 -0.011567624285817146
v -0.021605907008051872 0.0033857643138617277 -0.010028121061623096
v -0.021605907008051872 0.0033857643138617277 -0.010028121061623096
v -0.019976487383246422 0.0018657633336260915 -0.011567624285817146
v -0.021521765738725662 0.0017525461735203862 -0.010210146196186543
v -0.021605907008051872 0.0033857643138617277 -0.010028121061623096
v -0.021521765738725662 0.0017525461735203862 -0.010210146196186543
v -0.022836100310087204 0.0031448977533727884 -0.008372061885893345
v -0.022836100310087204 0.0031448977533727884 -0.008372061885893345
v -0.021521765738725662 0.0017525461735203862 -0.010210146196186543
v -0.022755278274416924 0.0016285746823996305 -0.008564993739128113
v -0.022836100310087204 0.0031448977533727884 -0.008372061885893345
v -0.022755278274416924 0.0016285746823996305 -0.008564993739128113
v -0.023694457486271858 0.0028931719716638327 -0.006497553084045649
v -0.023694457486271858 0.0028931719716638327 -0.006497553084045649
v -0.022755278274416924 0.0016285746823996305 -0.008564993739128113
v -0.023624682798981667 0.0014991092029958963 -0.006701980251818895
v -0.01428280584514141 0.005996659863740206 -0.012958481907844543
v -0.01421976275742054 0.004158209543675184 -0.01322835125029087
v -0.01637251302599907 0.00584519375115633 -0.012760086916387081
v -0.01637251302599907 0.00584519375115633 -0.012760086916387081
v -0.01421976275742054 0.004158209543675184 -0.01322835125029087
v -0.01628088392317295 0.003944292664527893 -0.013036265969276428
v -0.01637251302599907 0.00584519375115633 -0.012760086916387081
v -0.01628088392317295 0.003944292664527893 -0.013036265969276428
v -0.01836966536939144 0.005624373909085989 -0.01213414128869772
v -0.01836966536939144 0.005624373909085989 -0.01213414128869772
v -0.01628088392317295 0.003944292664527893 -0.013036265969276428
v -0.018256042152643204 0.003794273128733039 -0.012411634437739849
v -0.01836966536939144 0.005624373909085989 -0.01213414128869772
v -0.018256042152643204 0.003794273128733039 -0.012411634437739849
v -0.02018580213189125 0.005343980621546507 -0.011108368635177612
v -0.02018580213189125 0.005343980621546507 -0.011108368635177612
v -0.018256042152643204 0.003794273128733039 -0.012411634437739849
v -0.02005694806575775 0.0036053808871656656 -0.011394291184842587
v -0.02018580213189125 0.005343980621546507 -0.011108368635177612
v -0.02005694806575775 0.0036053808871656656 -0.011394291184842587
v -0.02174048312008381 0.005016433075070381 -0.0097282025963068
v -0.02174048312008381 0.005016433075070381 -0.0097282025963068
v -0.02005694806575775 0.0036053808871656656 -0.011394291184842587
v -0.021605907008051872 0.0033857643138617277 -0.010028121061623096
v -0.02174048312008381 0.005016433075070381 -0.0097282025963068
v -0.021605907008051872 0.0033857643138617277 -0.010028121061623096
v -0.022964851930737495 0.004656238481402397 -0.008054773323237896
v -0.022964851930737495 0.004656238481402397 -0.008054773323237896
v -0.021605907008051872 0.0033857643138617277 -0.010028121061623096
v -0.022836100310087204 0.0031448977533727884 -0.008372061885893345
v -0.022964851930737495 0.004656238481402397 -0.008054773323237896
v -0.022836100310087204 0.0031448977533727884 -0.008372061885893345
v -0.0238046757876873 0.004279350861907005 -0.006162200588732958
v -0.0238046757876873 0.004279350861907005 -0.006162200588732958
v -0.022836100310087204 0.0031448977533727884 -0.008372061885893345
v -0.023694457486271858 0.0028931719716638327 -0.006497553084045649
v -0.01437007449567318 0.007942122407257557 -0.012561128474771976
v -0.01428280584514141 0.005996659863740206 -0.012958481907844543
v -0.01649511605501175 0.007748227100819349 -0.012370915152132511
v -0.01649511605501175 0.007748227100819349 -0.012370915152132511
v -0.01428280584514141 0.005996659863740206 -0.012958481907844543
v -0.01637251302599907 0.00584519375115633 -0.012760086916387081
v -0.01649511605501175 0.007748227100819349 -0.012370915152132511
v -0.01637251302599907 0.00584519375115633 -0.012760086916387081
v -0.018522625789046288 0.0074583799578249454 -0.011742612347006798
v -0.018522625789046288 0.0074583799578249454 -0.011742612347006798
v -0.01637251302599907 0.00584519375115633 -0.012760086916387081
v -0.01836966536939144 0.005624373909085989 -0.01213414128869772
v -0.018522625789046288 0.0074583799578249454 -0.011742612347006798
v -0.01836966536939144 0.005624373909085989 -0.01213414128869772
v -0.020359551534056664 0.007085883524268866 -0.010705055668950081
v -0.020359551534056664 0.007085883524268866 -0.010705055668950081
v -0.01836966536939144 0.005624373909085989 -0.01213414128869772
v -0.02018580213189125 0.005343980621546507 -0.011108368635177612
v -0.020359551534056664 0.007085883524268866 -0.010705055668950081
v -0.02018580213189125 0.005343980621546507 -0.011108368635177612
v -0.021921586245298386 0.006647834554314613 -0.009305864572525024
v -0.021921586245298386 0.006647834554314613 -0.009305864572525024
v -0.02018580213189125 0.005343980621546507 -0.011108368635177612
v -0.02174048312008381 0.005016433075070381 -0.0097282025963068
v -0.021921586245298386 0.006647834554314613 -0.009305864572525024
v -0.02174048312008381 0.005016433075070381 -0.0097282025963068
v -0.023137038573622704 0.006164337042719126 -0.007609256077557802
v -0.023137038573622704 0.006164337042719126 -0.007609256077557802
v -0.02174048312008381 0.005016433075070381 -0.0097282025963068
v -0.022964851930737495 0.004656238481402397 -0.008054773323237896
v -0.023137038573622704 0.006164337042719126 -0.007609256077557802
v -0.022964851930737495 0.004656238481402397 -0.008054773323237896
v -0.0239501241594553 0.005657581612467766 -0.00569309713318944
v -0.0239501241594553 0.005657581612467766 -0.00569309713318944
v -0.022964851930737495 0.004656238481402397 -0.008054773323237896
v -0.0238046757876873 0.004279350861907005 -0.006162200588732958
v -0.014473874121904373 0.0098814582452178 -0.012045017443597317
v -0.014385699294507504 0.0082527045160532 -0.012486708350479603
v -0.016643909737467766 0.009651221334934235 -0.011863501742482185
v -0.016643909737467766 0.009651221334934235 -0.011863501742482185
v -0.014385699294507504 0.0082527045160532 -0.012486708350479603
v -0.01649511605501175 0.007748227100819349 -0.012370915152132511
v -0.016643909737467766 0.009651221334934235 -0.011863501742482185
v -0.01649511605501175 0.007748227100819349 -0.012370915152132511
v -0.01870989240705967 0.009294970892369747 -0.011231192387640476
v -0.01870989240705967 0.009294970892369747 -0.011231192387640476
v -0.01649511605501175 0.007748227100819349 -0.012370915152132511
v -0.018522625789046288 0.0074583799578249454 -0.011742612347006798
v -0.01870989240705967 0.009294970892369747 -0.011231192387640476
v -0.018522625789046288 0.0074583799578249454 -0.011742612347006798
v -0.020572757348418236 0.00882979016751051 -0.010178408585488796
v -0.020572757348418236 0.00882979016751051 -0.010178408585488796
v -0.018522625789046288 0.0074583799578249454 -0.011742612347006798
v -0.020359551534056664 0.007085883524268866 -0.010705055668950081
v -0.020572757348418236 0.00882979016751051 -0.010178408585488796
v -0.020359551534056664 0.007085883524268866 -0.010705055668950081
v -0.022143179550766945 0.008277983404695988 -0.008755631744861603
v -0.022143179550766945 0.008277983404695988 -0.008755631744861603
v -0.020359551534056664 0.007085883524268866 -0.010705055668950081
v -0.021921586245298386 0.006647834554314613 -0.009305864572525024
v -0.022143179550766945 0.008277983404695988 -0.008755631744861603
v -0.021921586245298386 0.006647834554314613 -0.009305864572525024
v -0.023345857858657837 0.007666010409593582 -0.007031083572655916
v -0.023345857858657837 0.007666010409593582 -0.007031083572655916
v -0.021921586245298386 0.006647834554314613 -0.009305864572525024
v -0.023137038573622704 0.006164337042719126 -0.007609256077557802
v -0.023345857858657837 0.007666010409593582 -0.007031083572655916
v -0.023137038573622704 0.006164337042719126 -0.007609256077557802
v -0.024123122915625572 0.007023215759545565 -0.0050874571315944195
v -0.024123122915625572 0.007023215759545565 -0.0050874571315944195
v -0.023137038573622704 0.006164337042719126 -0.007609256077557802
v -0.0239501241594553 0.005657581612467766 -0.00569309713318944
v -0.014572582207620144 0.011553537100553513 -0.011497871950268745
v -0.014473874121904373 0.0098814582452178 -0.012045017443597317
v -0.01678917184472084 0.01129818707704544 -0.011323072947561741
v -0.01678917184472084 0.01129818707704544 -0.011323072947561741
v -0.014473874121904373 0.0098814582452178 -0.012045017443597317
v -0.016643909737467766 0.009651221334934235 -0.011863501742482185
v -0.01678917184472084 0.01129818707704544 -0.011323072947561741
v -0.016643909737467766 0.009651221334934235 -0.011863501742482185
v -0.018894730135798454 0.01088728103786707 -0.010685264132916927
v -0.018894730135798454 0.01088728103786707 -0.010685264132916927
v -0.016643909737467766 0.009651221334934235 -0.011863501742482185
v -0.01870989240705967 0.009294970892369747 -0.011231192387640476
v -0.018894730135798454 0.01088728103786707 -0.010685264132916927
v -0.01870989240705967 0.009294970892369747 -0.011231192387640476
v -0.020783791318535805 0.010341400280594826 -0.009616393595933914
v -0.020783791318535805 0.010341400280594826 -0.009616393595933914
v -0.01870989240705967 0.009294970892369747 -0.011231192387640476
v -0.020572757348418236 0.00882979016751051 -0.010178408585488796
v -0.020783791318535805 0.010341400280594826 -0.009616393595933914
v -0.020572757348418236 0.00882979016751051 -0.010178408585488796
v -0.02236173301935196 0.009687889367341995 -0.008170001208782196
v -0.02236173301935196 0.009687889367341995 -0.008170001208782196
v -0.020572757348418236 0.00882979016751051 -0.010178408585488796
v -0.022143179550766945 0.008277983404695988 -0.008755631744861603
v -0.02236173301935196 0.009687889367341995 -0.008170001208782196
v -0.022143179550766945 0.008277983404695988 -0.008755631744861603
v -0.023549513891339302 0.008959482423961163 -0.006418537814170122
v -0.023549513891339302 0.008959482423961163 -0.006418537814170122
v -0.022143179550766945 0.008277983404695988 -0.008755631744861603
v -0.023345857858657837 0.007666010409593582 -0.007031083572655916
v -0.023549513891339302 0.008959482423961163 -0.006418537814170122
v -0.023345857858657837 0.007666010409593582 -0.007031083572655916
v -0.024287637323141098 0.008192664943635464 -0.0044497339986264706
v -0.024287637323141098 0.008192664943635464 -0.0044497339986264706
v -0.023345857858657837 0.007666010409593582 -0.007031083572655916
v -0.024123122915625572 0.007023215759545565 -0.0050874571315944195
v -0.014673640951514244 0.01320122741162777 -0.010859382338821888
v -0.014611337333917618 0.012188333086669445 -0.011263970285654068
v -0.016942989081144333 0.012928178533911705 -0.010688986629247665
v -0.016942989081144333 0.012928178533911705 -0.010688986629247665
v -0.014611337333917618 0.012188333086669445 -0.011263970285654068
v -0.01678917184472084 0.01129818707704544 -0.011323072947561741
v -0.016942989081144333 0.012928178533911705 -0.010688986629247665
v -0.01678917184472084 0.01129818707704544 -0.011323072947561741
v -0.019093114882707596 0.012466453947126865 -0.010043003596365452
v -0.019093114882707596 0.012466453947126865 -0.010043003596365452
v -0.01678917184472084 0.01129818707704544 -0.011323072947561741
v -0.018894730135798454 0.01088728103786707 -0.010685264132916927
v -0.019093114882707596 0.012466453947126865 -0.010043003596365452
v -0.018894730135798454 0.01088728103786707 -0.010685264132916927
v -0.02101106382906437 0.011840310879051685 -0.00895536970347166
v -0.02101106382906437 0.011840310879051685 -0.00895536970347166
v -0.018894730135798454 0.01088728103786707 -0.010685264132916927
v -0.020783791318535805 0.010341400280594826 -0.009616393595933914
v -0.02101106382906437 0.011840310879051685 -0.00895536970347166
v -0.020783791318535805 0.010341400280594826 -0.009616393595933914
v -0.022596074268221855 0.011082642711699009 -0.007483224850147963
v -0.022596074268221855 0.011082642711699009 -0.007483224850147963
v -0.020783791318535805 0.010341400280594826 -0.009616393595933914
v -0.02236173301935196 0.009687889367341995 -0.008170001208782196
v -0.022596074268221855 0.011082642711699009 -0.007483224850147963
v -0.02236173301935196 0.009687889367341995 -0.008170001208782196
v -0.023764876648783684 0.010233256034553051 -0.005703907459974289
v -0.023764876648783684 0.010233256034553051 -0.005703907459974289
v -0.02236173301935196 0.009687889367341995 -0.008170001208782196
v -0.023549513891339302 0.008959482423961163 -0.006418537814170122
v -0.023764876648783684 0.010233256034553051 -0.005703907459974289
v -0.023549513891339302 0.008959482423961163 -0.006418537814170122
v -0.024456068873405457 0.009336771443486214 -0.00371089531108737
v -0.024456068873405457 0.009336771443486214 -0.00371089531108737
v -0.023549513891339302 0.008959482423961163 -0.006418537814170122
v -0.024287637323141098 0.008192664943635464 -0.0044497339986264706
v -0.014771795831620693 0.014824919402599335 -0.010125682689249516
v -0.014673640951514244 0.01320122741162777 -0.010859382338821888
v -0.01709955744445324 0.014542730525135994 -0.009955530986189842
v -0.01709955744445324 0.014542730525135994 -0.009955530986189842
v -0.014673640951514244 0.01320122741162777 -0.010859382338821888
v -0.016942989081144333 0.012928178533911705 -0.010688986629247665
v -0.01709955744445324 0.014542730525135994 -0.009955530986189842
v -0.016942989081144333 0.012928178533911705 -0.010688986629247665
v -0.01929866150021553 0.014034631662070751 -0.009297633543610573
v -0.01929866150021553 0.014034631662070751 -0.009297633543610573
v -0.016942989081144333 0.012928178533911705 -0.010688986629247665
v -0.019093114882707596 0.012466453947126865 -0.010043003596365452
v -0.01929866150021553 0.014034631662070751 -0.009297633543610573
v -0.019093114882707596 0.012466453947126865 -0.010043003596365452
v -0.021247563883662224 0.013328704982995987 -0.008188352920114994
v -0.021247563883662224 0.013328704982995987 -0.008188352920114994
v -0.019093114882707596 0.012466453947126865 -0.010043003596365452
v -0.02101106382906437 0.011840310879051685 -0.00895536970347166
v -0.021247563883662224 0.013328704982995987 -0.008188352920114994
v -0.02101106382906437 0.011840310879051685 -0.00895536970347166
v -0.022838547825813293 0.012463968247175217 -0.006688999943435192
v -0.022838547825813293 0.012463968247175217 -0.006688999943435192
v -0.02101106382906437 0.011840310879051685 -0.00895536970347166
v -0.022596074268221855 0.011082642711699009 -0.007483224850147963
v -0.022838547825813293 0.012463968247175217 -0.006688999943435192
v -0.022596074268221855 0.011082642711699009 -0.007483224850147963
v -0.023983675986528397 0.011488215997815132 -0.004882445093244314
v -0.023983675986528397 0.011488215997815132 -0.004882445093244314
v -0.022596074268221855 0.011082642711699009 -0.007483224850147963
v -0.023764876648783684 0.010233256034553051 -0.005703907459974289
v -0.023983675986528397 0.011488215997815132 -0.004882445093244314
v -0.023764876648783684 0.010233256034553051 -0.005703907459974289
v -0.024619659408926964 0.010455377399921417 -0.0028685370925813913
v -0.024619659408926964 0.010455377399921417 -0.0028685370925813913
v -0.023764876648783684 0.010233256034553051 -0.005703907459974289
v -0.024456068873405457 0.009336771443486214 -0.00371089531108737
v -0.014861109666526318 0.016445951536297798 -0.009279174730181694
v -0.014832179993391037 0.015884293243288994 -0.009586297906935215
v -0.017252421006560326 0.016163261607289314 -0.009103692136704922
v -0.017252421006560326 0.016163261607289314 -0.009103692136704922
v -0.014832179993391037 0.015884293243288994 -0.009586297906935215
v -0.01709955744445324 0.014542730525135994 -0.009955530986189842
v -0.017252421006560326 0.016163261607289314 -0.009103692136704922
v -0.01709955744445324 0.014542730525135994 -0.009955530986189842
v -0.01950434222817421 0.015611542388796806 -0.008430237881839275
v -0.01950434222817421 0.015611542388796806 -0.008430237881839275
v -0.01709955744445324 0.014542730525135994 -0.009955530986189842
v -0.01929866150021553 0.014034631662070751 -0.009297633543610573
v -0.01950434222817421 0.015611542388796806 -0.008430237881839275
v -0.01929866150021553 0.014034631662070751 -0.009297633543610573
v -0.021485604345798492 0.014822951517999172 -0.0072980704717338085
v -0.021485604345798492 0.014822951517999172 -0.0072980704717338085
v -0.01929866150021553 0.014034631662070751 -0.009297633543610573
v -0.021247563883662224 0.013328704982995987 -0.008188352920114994
v -0.021485604345798492 0.014822951517999172 -0.0072980704717338085
v -0.021247563883662224 0.013328704982995987 -0.008188352920114994
v -0.023080719634890556 0.013843459077179432 -0.005773183889687061
v -0.023080719634890556 0.013843459077179432 -0.005773183889687061
v -0.021247563883662224 0.013328704982995987 -0.008188352920114994
v -0.022838547825813293 0.012463968247175217 -0.006688999943435192
v -0.023080719634890556 0.013843459077179432 -0.005773183889687061
v -0.022838547825813293 0.012463968247175217 -0.006688999943435192
v -0.02419670671224594 0.012730158865451813 -0.00394446449354291
v -0.02419670671224594 0.012730158865451813 -0.00394446449354291
v -0.022838547825813293 0.012463968247175217 -0.006688999943435192
v -0.023983675986528397 0.011488215997815132 -0.004882445093244314
v -0.02419670671224594 0.012730158865451813 -0.00394446449354291
v -0.023983675986528397 0.011488215997815132 -0.004882445093244314
v -0.024637650698423386 0.010581828653812408 -0.0027653160504996777
v -0.024637650698423386 0.010581828653812408 -0.0027653160504996777
v -0.023983675986528397 0.011488215997815132 -0.004882445093244314
v -0.024619659408926964 0.010455377399921417 -0.0028685370925813913
v -0.024502594023942947 -0.013295505195856094 -0.0027392450720071793
v -0.02482682466506958 -0.012012839317321777 -0.0014617800479754806
v -0.024366166442632675 -0.013185239396989346 -0.0032773318234831095
v -0.01979876309633255 -0.02050398290157318 -0.0022557787597179413
v -0.020359208807349205 -0.020152516663074493 -0.002264599548652768
v -0.020327715203166008 -0.019931001588702202 -0.003076302818953991
v -0.023783421143889427 -0.016252592206001282 -0.002031829906627536
v -0.02395736053586006 -0.01547628827393055 -0.0026846027467399836
v -0.023430103436112404 -0.01690192148089409 -0.0020962378475815058
v -0.023430103436112404 -0.01690192148089409 -0.0020962378475815058
v -0.02395736053586006 -0.01547628827393055 -0.0026846027467399836
v -0.023017853498458862 -0.017055772244930267 -0.0031813664827495813
v -0.02454291470348835 -0.01418121438473463 -0.0017828730633482337
v -0.02456817589700222 -0.013771962374448776 -0.0021049082279205322
v -0.024446815252304077 -0.014543010853230953 -0.0018306823913007975
v -0.024446815252304077 -0.014543010853230953 -0.0018306823913007975
v -0.02456817589700222 -0.013771962374448776 -0.0021049082279205322
v -0.02395736053586006 -0.01547628827393055 -0.0026846027467399836
v -0.024446815252304077 -0.014543010853230953 -0.0018306823913007975
v -0.02395736053586006 -0.01547628827393055 -0.0026846027467399836
v -0.024016764014959335 -0.01574905961751938 -0.0019770751241594553
v -0.024016764014959335 -0.01574905961751938 -0.0019770751241594553
v -0.02395736053586006 -0.01547628827393055 -0.0026846027467399836
v -0.023783421143889427 -0.016252592206001282 -0.002031829906627536
v -0.014893424697220325 -0.019809359684586525 -0.006746992934495211
v -0.01489241048693657 -0.020345138385891914 -0.0060686576180160046
v -0.01676834188401699 -0.02017182484269142 -0.005906510166823864
v -0.01676834188401699 -0.02017182484269142 -0.005906510166823864
v -0.01489241048693657 -0.020345138385891914 -0.0060686576180160046
v -0.014891812577843666 -0.020610332489013672 -0.005660726223140955
v -0.01676834188401699 -0.02017182484269142 -0.005906510166823864
v -0.014891812577843666 -0.020610332489013672 -0.005660726223140955
v -0.016779422760009766 -0.020700844004750252 -0.005021853372454643
v -0.020359208807349205 -0.020152516663074493 -0.002264599548652768
v -0.021042536944150925 -0.01965007558465004 -0.002263264963403344
v -0.020327715203166008 -0.019931001588702202 -0.003076302818953991
v -0.020327715203166008 -0.019931001588702202 -0.003076302818953991
v -0.021042536944150925 -0.01965007558465004 -0.002263264963403344
v -0.020295312628149986 -0.01961924135684967 -0.0038658808916807175
v -0.020327715203166008 -0.019931001588702202 -0.003076302818953991
v -0.020295312628149986 -0.01961924135684967 -0.0038658808916807175
v -0.01861172541975975 -0.020517896860837936 -0.004035277757793665
v -0.01861172541975975 -0.020517896860837936 -0.004035277757793665
v -0.020295312628149986 -0.01961924135684967 -0.0038658808916807175
v -0.018589045852422714 -0.020097877830266953 -0.004896827973425388
v -0.018566656857728958 -0.019588081166148186 -0.005710342433303595
v -0.018589045852422714 -0.020097877830266953 -0.004896827973425388
v -0.020263250917196274 -0.0192264337092638 -0.004625456407666206
v -0.020263250917196274 -0.0192264337092638 -0.004625456407666206
v -0.018589045852422714 -0.020097877830266953 -0.004896827973425388
v -0.020295312628149986 -0.01961924135684967 -0.0038658808916807175
v -0.020263250917196274 -0.0192264337092638 -0.004625456407666206
v -0.020295312628149986 -0.01961924135684967 -0.0038658808916807175
v -0.02178126946091652 -0.0184535700827837 -0.0035789147950708866
v -0.02178126946091652 -0.0184535700827837 -0.0035789147950708866
v -0.020295312628149986 -0.01961924135684967 -0.0038658808916807175
v -0.021042536944150925 -0.01965007558465004 -0.002263264963403344
v -0.02178126946091652 -0.0184535700827837 -0.0035789147950708866
v -0.021042536944150925 -0.01965007558465004 -0.002263264963403344
v -0.02184535562992096 -0.018933631479740143 -0.0022410633973777294
v -0.016790740191936493 -0.021121015772223473 -0.004079898819327354
v -0.016801977530121803 -0.02143794111907482 -0.003097814042121172
v -0.018633851781487465 -0.020845582708716393 -0.003137348685413599
v -0.01681242324411869 -0.02166096121072769 -0.002091688569635153
v -0.01708350144326687 -0.021598968654870987 -0.0021136219147592783
v -0.016801977530121803 -0.02143794111907482 -0.003097814042121172
v -0.016801977530121803 -0.02143794111907482 -0.003097814042121172
v -0.01708350144326687 -0.021598968654870987 -0.0021136219147592783
v -0.01742658019065857 -0.021509138867259026 -0.002139520598575473
v -0.016801977530121803 -0.02143794111907482 -0.003097814042121172
v -0.01742658019065857 -0.021509138867259026 -0.002139520598575473
v -0.018633851781487465 -0.020845582708716393 -0.003137348685413599
v -0.018633851781487465 -0.020845582708716393 -0.003137348685413599
v -0.01742658019065857 -0.021509138867259026 -0.002139520598575473
v -0.018654830753803253 -0.021077658981084824 -0.0022142676170915365
v -0.018633851781487465 -0.020845582708716393 -0.003137348685413599
v -0.018654830753803253 -0.021077658981084824 -0.0022142676170915365
v -0.019167810678482056 -0.020842600613832474 -0.002236513653770089
v -0.020389603450894356 -0.01615501195192337 -0.007543816231191158
v -0.020176619291305542 -0.017626317217946053 -0.006639617495238781
v -0.02164562977850437 -0.01674615778028965 -0.005918428767472506
v -0.020389603450894356 -0.01615501195192337 -0.007543816231191158
v -0.020134804770350456 -0.016255052760243416 -0.007673241663724184
v -0.020176619291305542 -0.017626317217946053 -0.006639617495238781
v -0.020176619291305542 -0.017626317217946053 -0.006639617495238781
v -0.020134804770350456 -0.016255052760243416 -0.007673241663724184
v -0.0195972491055727 -0.016448073089122772 -0.007917516864836216
v -0.020176619291305542 -0.017626317217946053 -0.006639617495238781
v -0.0195972491055727 -0.016448073089122772 -0.007917516864836216
v -0.01852484978735447 -0.018320683389902115 -0.0071539804339408875
v -0.01852484978735447 -0.018320683389902115 -0.0071539804339408875
v -0.0195972491055727 -0.016448073089122772 -0.007917516864836216
v -0.018414979800581932 -0.016796112060546875 -0.00833277776837349
v -0.01852484978735447 -0.018320683389902115 -0.0071539804339408875
v -0.018414979800581932 -0.016796112060546875 -0.00833277776837349
v -0.01731945388019085 -0.017036598175764084 -0.008586750365793705
v -0.01674787513911724 -0.018805764615535736 -0.007448556832969189
v -0.014894581399857998 -0.019048849120736122 -0.007497848942875862
v -0.014894556254148483 -0.019066784530878067 -0.007482069078832865
v -0.014894556254148483 -0.019066784530878067 -0.007482069078832865
v -0.014894042164087296 -0.019423410296440125 -0.007151011843234301
v -0.01674787513911724 -0.018805764615535736 -0.007448556832969189
v -0.01674787513911724 -0.018805764615535736 -0.007448556832969189
v -0.014894042164087296 -0.019423410296440125 -0.007151011843234301
v -0.016757706180214882 -0.0195359718054533 -0.0067181712947785854
v -0.01674787513911724 -0.018805764615535736 -0.007448556832969189
v -0.016757706180214882 -0.0195359718054533 -0.0067181712947785854
v -0.01854514516890049 -0.01899317093193531 -0.0064653558656573296
v -0.01854514516890049 -0.01899317093193531 -0.0064653558656573296
v -0.016757706180214882 -0.0195359718054533 -0.0067181712947785854
v -0.018566656857728958 -0.019588081166148186 -0.005710342433303595
v -0.01854514516890049 -0.01899317093193531 -0.0064653558656573296
v -0.018566656857728958 -0.019588081166148186 -0.005710342433303595
v -0.020232269540429115 -0.018759580329060555 -0.005346610210835934
v -0.020232269540429115 -0.018759580329060555 -0.005346610210835934
v -0.018566656857728958 -0.019588081166148186 -0.005710342433303595
v -0.020263250917196274 -0.0192264337092638 -0.004625456407666206
v -0.020232269540429115 -0.018759580329060555 -0.005346610210835934
v -0.020263250917196274 -0.0192264337092638 -0.004625456407666206
v -0.021709412336349487 -0.01770811900496483 -0.004823600873351097
v -0.021709412336349487 -0.01770811900496483 -0.004823600873351097
v -0.020263250917196274 -0.0192264337092638 -0.004625456407666206
v -0.02178126946091652 -0.0184535700827837 -0.0035789147950708866
v -0.021709412336349487 -0.01770811900496483 -0.004823600873351097
v -0.02178126946091652 -0.0184535700827837 -0.0035789147950708866
v -0.02294647879898548 -0.016462255269289017 -0.004151574801653624
v -0.02294647879898548 -0.016462255269289017 -0.004151574801653624
v -0.02178126946091652 -0.0184535700827837 -0.0035789147950708866
v -0.023017853498458862 -0.017055772244930267 -0.0031813664827495813
v -0.02294647879898548 -0.016462255269289017 -0.004151574801653624
v -0.023017853498458862 -0.017055772244930267 -0.0031813664827495813
v -0.02389904484152794 -0.0150607256218791 -0.0033476289827376604
v -0.02389904484152794 -0.0150607256218791 -0.0033476289827376604
v -0.023017853498458862 -0.017055772244930267 -0.0031813664827495813
v -0.02395736053586006 -0.01547628827393055 -0.0026846027467399836
v -0.02389904484152794 -0.0150607256218791 -0.0033476289827376604
v -0.02395736053586006 -0.01547628827393055 -0.0026846027467399836
v -0.024533484131097794 -0.013557731173932552 -0.002440091921016574
v -0.024533484131097794 -0.013557731173932552 -0.002440091921016574
v -0.02395736053586006 -0.01547628827393055 -0.0026846027467399836
v -0.02456817589700222 -0.013771962374448776 -0.0021049082279205322
v -0.01731945388019085 -0.017036598175764084 -0.008586750365793705
v -0.016733087599277496 -0.01713603548705578 -0.008675978519022465
v -0.01674787513911724 -0.018805764615535736 -0.007448556832969189
v -0.01674787513911724 -0.018805764615535736 -0.007448556832969189
v -0.016733087599277496 -0.01713603548705578 -0.008675978519022465
v -0.016266852617263794 -0.017201274633407593 -0.00872487761080265
v -0.014894581399857998 -0.019048849120736122 -0.007497848942875862
v -0.01674787513911724 -0.018805764615535736 -0.007448556832969189
v -0.014896056614816189 -0.017846953123807907 -0.00841942522674799
v -0.014896056614816189 -0.017846953123807907 -0.00841942522674799
v -0.01674787513911724 -0.018805764615535736 -0.007448556832969189
v -0.016266852617263794 -0.017201274633407593 -0.00872487761080265
v -0.014896056614816189 -0.017846953123807907 -0.00841942522674799
v -0.016266852617263794 -0.017201274633407593 -0.00872487761080265
v -0.014896617271006107 -0.017324578016996384 -0.00875942874699831
v -0.024502594023942947 -0.013295505195856094 -0.0027392450720071793
v -0.024366166442632675 -0.013185239396989346 -0.0032773318234831095
v -0.02384697087109089 -0.01454236637800932 -0.0039361934177577496
v -0.024366166442632675 -0.013185239396989346 -0.0032773318234831095
v -0.02428966574370861 -0.013307075947523117 -0.0034626182168722153
v -0.02384697087109089 -0.01454236637800932 -0.0039361934177577496
v -0.02384697087109089 -0.01454236637800932 -0.0039361934177577496
v -0.02428966574370861 -0.013307075947523117 -0.0034626182168722153
v -0.023805774748325348 -0.01393189374357462 -0.004401990678161383
v -0.02384697087109089 -0.01454236637800932 -0.0039361934177577496
v -0.023805774748325348 -0.01393189374357462 -0.004401990678161383
v -0.022884167730808258 -0.015706485137343407 -0.005007868632674217
v -0.022884167730808258 -0.015706485137343407 -0.005007868632674217
v -0.023805774748325348 -0.01393189374357462 -0.004401990678161383
v -0.023437850177288055 -0.01430536713451147 -0.004954173229634762
v -0.022884167730808258 -0.015706485137343407 -0.005007868632674217
v -0.023437850177288055 -0.01430536713451147 -0.004954173229634762
v -0.02318946272134781 -0.014526298269629478 -0.005277183838188648
v -0.02318946272134781 -0.014526298269629478 -0.005277183838188648
v -0.02283656969666481 -0.014807907864451408 -0.005684616509824991
v -0.022884167730808258 -0.015706485137343407 -0.005007868632674217
v -0.022884167730808258 -0.015706485137343407 -0.005007868632674217
v -0.02283656969666481 -0.014807907864451408 -0.005684616509824991
v -0.022086763754487038 -0.01531349215656519 -0.006402341648936272
v -0.022884167730808258 -0.015706485137343407 -0.005007868632674217
v -0.022086763754487038 -0.01531349215656519 -0.006402341648936272
v -0.02164562977850437 -0.01674615778028965 -0.005918428767472506
v -0.02164562977850437 -0.01674615778028965 -0.005918428767472506
v -0.022086763754487038 -0.01531349215656519 -0.006402341648936272
v -0.02159370854496956 -0.015594249591231346 -0.0067918309941887856
v -0.02164562977850437 -0.01674615778028965 -0.005918428767472506
v -0.02159370854496956 -0.015594249591231346 -0.0067918309941887856
v -0.020389603450894356 -0.01615501195192337 -0.007543816231191158
v -0.014886544086039066 -0.02188272774219513 -0.001900095958262682
v -0.01681242324411869 -0.02166096121072769 -0.002091688569635153
v -0.014887982979416847 -0.021679360419511795 -0.002949780784547329
v -0.014887982979416847 -0.021679360419511795 -0.002949780784547329
v -0.01681242324411869 -0.02166096121072769 -0.002091688569635153
v -0.016801977530121803 -0.02143794111907482 -0.003097814042121172
v -0.014887982979416847 -0.021679360419511795 -0.002949780784547329
v -0.016801977530121803 -0.02143794111907482 -0.003097814042121172
v -0.014889361336827278 -0.021397622302174568 -0.003941595554351807
v -0.014889361336827278 -0.021397622302174568 -0.003941595554351807
v -0.016801977530121803 -0.02143794111907482 -0.003097814042121172
v -0.016790740191936493 -0.021121015772223473 -0.004079898819327354
v -0.014889361336827278 -0.021397622302174568 -0.003941595554351807
v -0.016790740191936493 -0.021121015772223473 -0.004079898819327354
v -0.014889828860759735 -0.021279098466038704 -0.004273818805813789
v -0.014889828860759735 -0.021279098466038704 -0.004273818805813789
v -0.016790740191936493 -0.021121015772223473 -0.004079898819327354
v -0.016779422760009766 -0.020700844004750252 -0.005021853372454643
v -0.014889828860759735 -0.021279098466038704 -0.004273818805813789
v -0.016779422760009766 -0.020700844004750252 -0.005021853372454643
v -0.014890813268721104 -0.020983606576919556 -0.004967895336449146
v -0.014890813268721104 -0.020983606576919556 -0.004967895336449146
v -0.016779422760009766 -0.020700844004750252 -0.005021853372454643
v -0.014891812577843666 -0.020610332489013672 -0.005660726223140955
v -0.02184535562992096 -0.018933631479740143 -0.0022410633973777294
v -0.021851742640137672 -0.01892729103565216 -0.002240781905129552
v -0.02178126946091652 -0.0184535700827837 -0.0035789147950708866
v -0.02178126946091652 -0.0184535700827837 -0.0035789147950708866
v -0.021851742640137672 -0.01892729103565216 -0.002240781905129552
v -0.022584037855267525 -0.018117079511284828 -0.002194897970184684
v -0.02178126946091652 -0.0184535700827837 -0.0035789147950708866
v -0.022584037855267525 -0.018117079511284828 -0.002194897970184684
v -0.023017853498458862 -0.017055772244930267 -0.0031813664827495813
v -0.023017853498458862 -0.017055772244930267 -0.0031813664827495813
v -0.022584037855267525 -0.018117079511284828 -0.002194897970184684
v -0.02309100329875946 -0.017435241490602493 -0.0021433518268167973
v -0.023017853498458862 -0.017055772244930267 -0.0031813664827495813
v -0.02309100329875946 -0.017435241490602493 -0.0021433518268167973
v -0.023430103436112404 -0.01690192148089409 -0.0020962378475815058
v -0.014894042164087296 -0.019423410296440125 -0.007151011843234301
v -0.014893424697220325 -0.019809359684586525 -0.006746992934495211
v -0.016757706180214882 -0.0195359718054533 -0.0067181712947785854
v -0.016757706180214882 -0.0195359718054533 -0.0067181712947785854
v -0.014893424697220325 -0.019809359684586525 -0.006746992934495211
v -0.01676834188401699 -0.02017182484269142 -0.005906510166823864
v -0.016757706180214882 -0.0195359718054533 -0.0067181712947785854
v -0.01676834188401699 -0.02017182484269142 -0.005906510166823864
v -0.018566656857728958 -0.019588081166148186 -0.005710342433303595
v -0.018566656857728958 -0.019588081166148186 -0.005710342433303595
v -0.01676834188401699 -0.02017182484269142 -0.005906510166823864
v -0.016779422760009766 -0.020700844004750252 -0.005021853372454643
v -0.018566656857728958 -0.019588081166148186 -0.005710342433303595
v -0.016779422760009766 -0.020700844004750252 -0.005021853372454643
v -0.018589045852422714 -0.020097877830266953 -0.004896827973425388
v -0.018589045852422714 -0.020097877830266953 -0.004896827973425388
v -0.016779422760009766 -0.020700844004750252 -0.005021853372454643
v -0.016790740191936493 -0.021121015772223473 -0.004079898819327354
v -0.018589045852422714 -0.020097877830266953 -0.004896827973425388
v -0.016790740191936493 -0.021121015772223473 -0.004079898819327354
v -0.01861172541975975 -0.020517896860837936 -0.004035277757793665
v -0.01861172541975975 -0.020517896860837936 -0.004035277757793665
v -0.016790740191936493 -0.021121015772223473 -0.004079898819327354
v -0.018633851781487465 -0.020845582708716393 -0.003137348685413599
v -0.01861172541975975 -0.020517896860837936 -0.004035277757793665
v -0.018633851781487465 -0.020845582708716393 -0.003137348685413599
v -0.020327715203166008 -0.019931001588702202 -0.003076302818953991
v -0.020327715203166008 -0.019931001588702202 -0.003076302818953991
v -0.018633851781487465 -0.020845582708716393 -0.003137348685413599
v -0.019167810678482056 -0.020842600613832474 -0.002236513653770089
v -0.020327715203166008 -0.019931001588702202 -0.003076302818953991
v -0.019167810678482056 -0.020842600613832474 -0.002236513653770089
v -0.01979876309633255 -0.02050398290157318 -0.0022557787597179413
v -0.01731945388019085 -0.017036598175764084 -0.008586750365793705
v -0.01674787513911724 -0.018805764615535736 -0.007448556832969189
v -0.01852484978735447 -0.018320683389902115 -0.0071539804339408875
v -0.01852484978735447 -0.018320683389902115 -0.0071539804339408875
v -0.01674787513911724 -0.018805764615535736 -0.007448556832969189
v -0.01854514516890049 -0.01899317093193531 -0.0064653558656573296
v -0.01852484978735447 -0.018320683389902115 -0.0071539804339408875
v -0.01854514516890049 -0.01899317093193531 -0.0064653558656573296
v -0.020176619291305542 -0.017626317217946053 -0.006639617495238781
v -0.020176619291305542 -0.017626317217946053 -0.006639617495238781
v -0.01854514516890049 -0.01899317093193531 -0.0064653558656573296
v -0.020232269540429115 -0.018759580329060555 -0.005346610210835934
v -0.020176619291305542 -0.017626317217946053 -0.006639617495238781
v -0.020232269540429115 -0.018759580329060555 -0.005346610210835934
v -0.02164562977850437 -0.01674615778028965 -0.005918428767472506
v -0.02164562977850437 -0.01674615778028965 -0.005918428767472506
v -0.020232269540429115 -0.018759580329060555 -0.005346610210835934
v -0.021709412336349487 -0.01770811900496483 -0.004823600873351097
v -0.02164562977850437 -0.01674615778028965 -0.005918428767472506
v -0.021709412336349487 -0.01770811900496483 -0.004823600873351097
v -0.022884167730808258 -0.015706485137343407 -0.005007868632674217
v -0.022884167730808258 -0.015706485137343407 -0.005007868632674217
v -0.021709412336349487 -0.01770811900496483 -0.004823600873351097
v -0.02294647879898548 -0.016462255269289017 -0.004151574801653624
v -0.022884167730808258 -0.015706485137343407 -0.005007868632674217
v -0.02294647879898548 -0.016462255269289017 -0.004151574801653624
v -0.02384697087109089 -0.01454236637800932 -0.0039361934177577496
v -0.02384697087109089 -0.01454236637800932 -0.0039361934177577496
v -0.02294647879898548 -0.016462255269289017 -0.004151574801653624
v -0.02389904484152794 -0.0150607256218791 -0.0033476289827376604
v -0.02384697087109089 -0.01454236637800932 -0.0039361934177577496
v -0.02389904484152794 -0.0150607256218791 -0.0033476289827376604
v -0.024502594023942947 -0.013295505195856094 -0.0027392450720071793
v -0.024502594023942947 -0.013295505195856094 -0.0027392450720071793
v -0.02389904484152794 -0.0150607256218791 -0.0033476289827376604
v -0.024533484131097794 -0.013557731173932552 -0.002440091921016574
v -0.024502594023942947 -0.013295505195856094 -0.0027392450720071793
v -0.024533484131097794 -0.013557731173932552 -0.002440091921016574
v -0.02482682466506958 -0.012012839317321777 -0.0014617800479754806
v -0.02456817589700222 -0.013771962374448776 -0.0021049082279205322
v -0.02482682466506958 -0.012012839317321777 -0.0014617800479754806
v -0.024533484131097794 -0.013557731173932552 -0.002440091921016574
v -0.02454291470348835 -0.01418121438473463 -0.0017828730633482337
v -0.02460460364818573 -0.013914166018366814 -0.001746490364894271
v -0.02456817589700222 -0.013771962374448776 -0.0021049082279205322
v -0.02456817589700222 -0.013771962374448776 -0.0021049082279205322
v -0.02460460364818573 -0.013914166018366814 -0.001746490364894271
v -0.02482682466506958 -0.012012839317321777 -0.0014617800479754806
v -0.02454291470348835 -0.01418121438473463 -0.0017828730633482337
v -0.024446815252304077 -0.014543010853230953 -0.0018306823913007975
v -0.02452024444937706 -0.0146078085526824 -0.0011912286281585693
v -0.017488356679677963 -0.021637439727783203 -0.0012138441670686007
v -0.01708350144326687 -0.021598968654870987 -0.0021136219147592783
v -0.01681242324411869 -0.02166096121072769 -0.002091688569635153
v -0.014928227290511131 -0.02199745737016201 -0.0009990119142457843
v -0.017488356679677963 -0.021637439727783203 -0.0012138441670686007
v -0.014891315251588821 -0.02189905196428299 -0.0017924942076206207
v -0.014891315251588821 -0.02189905196428299 -0.0017924942076206207
v -0.017488356679677963 -0.021637439727783203 -0.0012138441670686007
v -0.01681242324411869 -0.02166096121072769 -0.002091688569635153
v -0.014891315251588821 -0.02189905196428299 -0.0017924942076206207
v -0.01681242324411869 -0.02166096121072769 -0.002091688569635153
v -0.014886544086039066 -0.02188272774219513 -0.001900095958262682
v -0.01979876309633255 -0.02050398290157318 -0.0022557787597179413
v -0.019167810678482056 -0.020842600613832474 -0.002236513653770089
v -0.019876189529895782 -0.020632082596421242 -0.0013463064096868038
v -0.019876189529895782 -0.020632082596421242 -0.0013463064096868038
v -0.019167810678482056 -0.020842600613832474 -0.002236513653770089
v -0.018654830753803253 -0.021077658981084824 -0.0022142676170915365
v -0.019876189529895782 -0.020632082596421242 -0.0013463064096868038
v -0.018654830753803253 -0.021077658981084824 -0.0022142676170915365
v -0.017488356679677963 -0.021637439727783203 -0.0012138441670686007
v -0.017488356679677963 -0.021637439727783203 -0.0012138441670686007
v -0.018654830753803253 -0.021077658981084824 -0.0022142676170915365
v -0.01742658019065857 -0.021509138867259026 -0.002139520598575473
v -0.017488356679677963 -0.021637439727783203 -0.0012138441670686007
v -0.01742658019065857 -0.021509138867259026 -0.002139520598575473
v -0.01708350144326687 -0.021598968654870987 -0.0021136219147592783
v -0.021851742640137672 -0.01892729103565216 -0.002240781905129552
v -0.02184535562992096 -0.018933631479740143 -0.0022410633973777294
v -0.02193102240562439 -0.01904904842376709 -0.001387483673170209
v -0.02193102240562439 -0.01904904842376709 -0.001387483673170209
v -0.02184535562992096 -0.018933631479740143 -0.0022410633973777294
v -0.021042536944150925 -0.01965007558465004 -0.002263264963403344
v -0.02193102240562439 -0.01904904842376709 -0.001387483673170209
v -0.021042536944150925 -0.01965007558465004 -0.002263264963403344
v -0.019876189529895782 -0.020632082596421242 -0.0013463064096868038
v -0.019876189529895782 -0.020632082596421242 -0.0013463064096868038
v -0.021042536944150925 -0.01965007558465004 -0.002263264963403344
v -0.020359208807349205 -0.020152516663074493 -0.002264599548652768
v -0.019876189529895782 -0.020632082596421242 -0.0013463064096868038
v -0.020359208807349205 -0.020152516663074493 -0.002264599548652768
v -0.01979876309633255 -0.02050398290157318 -0.0022557787597179413
v -0.023783421143889427 -0.016252592206001282 -0.002031829906627536
v -0.023430103436112404 -0.01690192148089409 -0.0020962378475815058
v -0.02351456508040428 -0.01699487492442131 -0.0013346048071980476
v -0.02351456508040428 -0.01699487492442131 -0.0013346048071980476
v -0.023430103436112404 -0.01690192148089409 -0.0020962378475815058
v -0.02309100329875946 -0.017435241490602493 -0.0021433518268167973
v -0.02351456508040428 -0.01699487492442131 -0.0013346048071980476
v -0.02309100329875946 -0.017435241490602493 -0.0021433518268167973
v -0.02193102240562439 -0.01904904842376709 -0.001387483673170209
v -0.02193102240562439 -0.01904904842376709 -0.001387483673170209
v -0.02309100329875946 -0.017435241490602493 -0.0021433518268167973
v -0.022584037855267525 -0.018117079511284828 -0.002194897970184684
v -0.02193102240562439 -0.01904904842376709 -0.001387483673170209
v -0.022584037855267525 -0.018117079511284828 -0.002194897970184684
v -0.021851742640137672 -0.01892729103565216 -0.002240781905129552
v -0.02452024444937706 -0.0146078085526824 -0.0011912286281585693
v -0.024446815252304077 -0.014543010853230953 -0.0018306823913007975
v -0.02351456508040428 -0.01699487492442131 -0.0013346048071980476
v -0.02351456508040428 -0.01699487492442131 -0.0013346048071980476
v -0.024446815252304077 -0.014543010853230953 -0.0018306823913007975
v -0.024016764014959335 -0.01574905961751938 -0.0019770751241594553
v -0.02351456508040428 -0.01699487492442131 -0.0013346048071980476
v -0.024016764014959335 -0.01574905961751938 -0.0019770751241594553
v -0.023783421143889427 -0.016252592206001282 -0.002031829906627536
v -0.02488037757575512 -0.012048499658703804 -0.0009670043364167213
v -0.02482682466506958 -0.012012839317321777 -0.0014617800479754806
v -0.02452024444937706 -0.0146078085526824 -0.0011912286281585693
v -0.02452024444937706 -0.0146078085526824 -0.0011912286281585693
v -0.02482682466506958 -0.012012839317321777 -0.0014617800479754806
v -0.02460460364818573 -0.013914166018366814 -0.001746490364894271
v -0.02452024444937706 -0.0146078085526824 -0.0011912286281585693
v -0.02460460364818573 -0.013914166018366814 -0.001746490364894271
v -0.02454291470348835 -0.01418121438473463 -0.0017828730633482337
v -0.024973871186375618 -0.012100626714527607 0.00033297555637545884
v -0.02488037757575512 -0.012048499658703804 -0.0009670043364167213
v -0.024629659950733185 -0.01468400377780199 0.00024817808298394084
v -0.024629659950733185 -0.01468400377780199 0.00024817808298394084
v -0.02488037757575512 -0.012048499658703804 -0.0009670043364167213
v -0.02452024444937706 -0.0146078085526824 -0.0011912286281585693
v -0.024629659950733185 -0.01468400377780199 0.00024817808298394084
v -0.02452024444937706 -0.0146078085526824 -0.0011912286281585693
v -0.02362961322069168 -0.017091723158955574 0.00020022608805447817
v -0.02362961322069168 -0.017091723158955574 0.00020022608805447817
v -0.02452024444937706 -0.0146078085526824 -0.0011912286281585693
v -0.02351456508040428 -0.01699487492442131 -0.0013346048071980476
v -0.02362961322069168 -0.017091723158955574 0.00020022608805447817
v -0.02351456508040428 -0.01699487492442131 -0.0013346048071980476
v -0.02204172872006893 -0.01916007325053215 0.00019238003005739301
v -0.02204172872006893 -0.01916007325053215 0.00019238003005739301
v -0.02351456508040428 -0.01699487492442131 -0.0013346048071980476
v -0.02193102240562439 -0.01904904842376709 -0.001387483673170209
v -0.02204172872006893 -0.01916007325053215 0.00019238003005739301
v -0.02193102240562439 -0.01904904842376709 -0.001387483673170209
v -0.01997397653758526 -0.02074841596186161 0.000225173425860703
v -0.01997397653758526 -0.02074841596186161 0.000225173425860703
v -0.02193102240562439 -0.01904904842376709 -0.001387483673170209
v -0.019876189529895782 -0.020632082596421242 -0.0013463064096868038
v -0.01997397653758526 -0.02074841596186161 0.000225173425860703
v -0.019876189529895782 -0.020632082596421242 -0.0013463064096868038
v -0.017566952854394913 -0.021748751401901245 0.0002963764709420502
v -0.017566952854394913 -0.021748751401901245 0.0002963764709420502
v -0.019876189529895782 -0.020632082596421242 -0.0013463064096868038
v -0.017488356679677963 -0.021637439727783203 -0.0012138441670686007
v -0.017566952854394913 -0.021748751401901245 0.0002963764709420502
v -0.017488356679677963 -0.021637439727783203 -0.0012138441670686007
v -0.014984321780502796 -0.022093061357736588 0.0004011477285530418
v -0.014984321780502796 -0.022093061357736588 0.0004011477285530418
v -0.017488356679677963 -0.021637439727783203 -0.0012138441670686007
v -0.014928227290511131 -0.02199745737016201 -0.0009990119142457843
v -0.02500000037252903 -0.01211540587246418 0.0014756923774257302
v -0.024973871186375618 -0.012100626714527607 0.00033297555637545884
v -0.024659257382154465 -0.014703541062772274 0.0014588875928893685
v -0.024659257382154465 -0.014703541062772274 0.0014588875928893685
v -0.024973871186375618 -0.012100626714527607 0.00033297555637545884
v -0.024629659950733185 -0.01468400377780199 0.00024817808298394084
v -0.024659257382154465 -0.014703541062772274 0.0014588875928893685
v -0.024629659950733185 -0.01468400377780199 0.00024817808298394084
v -0.02366025373339653 -0.01711530052125454 0.0014432278694584966
v -0.02366025373339653 -0.01711530052125454 0.0014432278694584966
v -0.024629659950733185 -0.01468400377780199 0.00024817808298394084
v -0.02362961322069168 -0.017091723158955574 0.00020022608805447817
v -0.02366025373339653 -0.01711530052125454 0.0014432278694584966
v -0.02362961322069168 -0.017091723158955574 0.00020022608805447817
v -0.02207106724381447 -0.019186323508620262 0.0014297806192189455
v -0.02207106724381447 -0.019186323508620262 0.0014297806192189455
v -0.02362961322069168 -0.017091723158955574 0.00020022608805447817
v -0.02204172872006893 -0.01916007325053215 0.00019238003005739301
v -0.02207106724381447 -0.019186323508620262 0.0014297806192189455
v -0.02204172872006893 -0.01916007325053215 0.00019238003005739301
v -0.019999999552965164 -0.020775476470589638 0.001419462263584137
v -0.019999999552965164 -0.020775476470589638 0.001419462263584137
v -0.02204172872006893 -0.01916007325053215 0.00019238003005739301
v -0.01997397653758526 -0.02074841596186161 0.000225173425860703
v -0.019999999552965164 -0.020775476470589638 0.001419462263584137
v -0.01997397653758526 -0.02074841596186161 0.000225173425860703
v -0.017588190734386444 -0.02177445963025093 0.0014129758346825838
v -0.017588190734386444 -0.02177445963025093 0.0014129758346825838
v -0.01997397653758526 -0.02074841596186161 0.000225173425860703
v -0.017566952854394913 -0.021748751401901245 0.0002963764709420502
v -0.017588190734386444 -0.02177445963025093 0.0014129758346825838
v -0.017566952854394913 -0.021748751401901245 0.0002963764709420502
v -0.014999999664723873 -0.0221151951700449 0.001410763361491263
v -0.014999999664723873 -0.0221151951700449 0.001410763361491263
v -0.017566952854394913 -0.021748751401901245 0.0002963764709420502
v -0.014984321780502796 -0.022093061357736588 0.0004011477285530418
v -0.014999999664723873 -0.022115716710686684 0.0015130642568692565
v -0.014999999664723873 -0.022075584158301353 0.003649466671049595
v -0.017588190734386444 -0.0217350572347641 0.00363735668361187
v -0.014999999664723873 -0.02191600203514099 0.008017020300030708
v -0.014999999664723873 -0.02191239781677723 0.008851306512951851
v -0.017588190734386444 -0.02157166413962841 0.008853660896420479
v -0.014999999664723873 -0.022044043987989426 0.01126678753644228
v -0.014999999664723873 -0.022154459729790688 0.012040792033076286
v -0.017588190734386444 -0.02181863971054554 0.012098491191864014
v -0.016936510801315308 -0.02230134792625904 0.013475692830979824
v -0.0175884198397398 -0.022142650559544563 0.013475692830979824
v -0.017588190734386444 -0.021983636543154716 0.012897999957203865
v -0.02500000037252903 -0.012255985289812088 0.013475692830979824
v -0.02500000037252903 -0.012088228017091751 0.012218724936246872
v -0.02492477186024189 -0.01349677424877882 0.013475692830979824
v -0.02492477186024189 -0.01349677424877882 0.013475692830979824
v -0.02500000037252903 -0.012088228017091751 0.012218724936246872
v -0.024659257382154465 -0.014661438763141632 0.011940664611756802
v -0.023660097271203995 -0.017338518053293228 0.013475692830979824
v -0.0239320769906044 -0.01682421937584877 0.013475692830979824
v -0.02366025373339653 -0.01722666621208191 0.012887461110949516
v -0.02366025373339653 -0.01722666621208191 0.012887461110949516
v -0.0239320769906044 -0.01682421937584877 0.013475692830979824
v -0.024415763095021248 -0.015674473717808723 0.013475692830979824
v -0.02366025373339653 -0.01722666621208191 0.012887461110949516
v -0.024415763095021248 -0.015674473717808723 0.013475692830979824
v -0.024659257382154465 -0.014849686995148659 0.013295862823724747
v -0.024659257382154465 -0.014849686995148659 0.013295862823724747
v -0.024415763095021248 -0.015674473717808723 0.013475692830979824
v -0.02470247820019722 -0.014711677096784115 0.013475692830979824
v -0.02207106724381447 -0.019267825409770012 0.012536759488284588
v -0.02273521013557911 -0.018707294017076492 0.013475692830979824
v -0.02366025373339653 -0.01722666621208191 0.012887461110949516
v -0.02366025373339653 -0.01722666621208191 0.012887461110949516
v -0.02273521013557911 -0.018707294017076492 0.013475692830979824
v -0.023319069296121597 -0.017899585887789726 0.013475692830979824
v -0.02366025373339653 -0.01722666621208191 0.012887461110949516
v -0.023319069296121597 -0.017899585887789726 0.013475692830979824
v -0.023660097271203995 -0.017338518053293228 0.013475692830979824
v -0.019999999552965164 -0.0208340622484684 0.01226765662431717
v -0.021906156092882156 -0.019626351073384285 0.013475692830979824
v -0.02207106724381447 -0.019267825409770012 0.012536759488284588
v -0.02207106724381447 -0.019267825409770012 0.012536759488284588
v -0.021906156092882156 -0.019626351073384285 0.013475692830979824
v -0.02207101695239544 -0.01946057751774788 0.013475692830979824
v -0.02207106724381447 -0.019267825409770012 0.012536759488284588
v -0.02207101695239544 -0.01946057751774788 0.013475692830979824
v -0.02273521013557911 -0.018707294017076492 0.013475692830979824
v -0.019999999552965164 -0.021013088524341583 0.013134745880961418
v -0.02013319917023182 -0.021020645275712013 0.013475692830979824
v -0.020982058718800545 -0.020432043820619583 0.013475692830979824
v -0.0175884198397398 -0.022142650559544563 0.013475692830979824
v -0.01795010454952717 -0.02203359082341194 0.013475692830979824
v -0.017588190734386444 -0.021983636543154716 0.012897999957203865
v -0.017588190734386444 -0.021983636543154716 0.012897999957203865
v -0.01795010454952717 -0.02203359082341194 0.013475692830979824
v -0.019066348671913147 -0.021596340462565422 0.013475692830979824
v -0.017588190734386444 -0.021983636543154716 0.012897999957203865
v -0.019066348671913147 -0.021596340462565422 0.013475692830979824
v -0.019999999552965164 -0.021013088524341583 0.013134745880961418
v -0.019999999552965164 -0.021013088524341583 0.013134745880961418
v -0.019066348671913147 -0.021596340462565422 0.013475692830979824
v -0.020000100135803223 -0.021101796999573708 0.013475692830979824
v -0.019999999552965164 -0.021013088524341583 0.013134745880961418
v -0.020000100135803223 -0.021101796999573708 0.013475692830979824
v -0.02013319917023182 -0.021020645275712013 0.013475692830979824
v -0.016936510801315308 -0.02230134792625904 0.013475692830979824
v -0.017588190734386444 -0.021983636543154716 0.012897999957203865
v -0.015758005902171135 -0.0224697794765234 0.013475692830979824
v -0.015758005902171135 -0.0224697794765234 0.013475692830979824
v -0.017588190734386444 -0.021983636543154716 0.012897999957203865
v -0.014999999664723873 -0.02231467142701149 0.01281724963337183
v -0.015758005902171135 -0.0224697794765234 0.013475692830979824
v -0.014999999664723873 -0.02231467142701149 0.01281724963337183
v -0.014999999664723873 -0.02250000089406967 0.013475692830979824
v -0.014999999664723873 -0.022154459729790688 0.012040792033076286
v -0.014999999664723873 -0.02231467142701149 0.01281724963337183
v -0.017588190734386444 -0.02181863971054554 0.012098491191864014
v -0.017588190734386444 -0.02181863971054554 0.012098491191864014
v -0.014999999664723873 -0.02231467142701149 0.01281724963337183
v -0.017588190734386444 -0.021983636543154716 0.012897999957203865
v -0.017588190734386444 -0.02181863971054554 0.012098491191864014
v -0.017588190734386444 -0.021983636543154716 0.012897999957203865
v -0.019999999552965164 -0.0208340622484684 0.01226765662431717
v -0.019999999552965164 -0.0208340622484684 0.01226765662431717
v -0.017588190734386444 -0.021983636543154716 0.012897999957203865
v -0.019999999552965164 -0.021013088524341583 0.013134745880961418
v -0.019999999552965164 -0.0208340622484684 0.01226765662431717
v -0.019999999552965164 -0.021013088524341583 0.013134745880961418
v -0.021906156092882156 -0.019626351073384285 0.013475692830979824
v -0.021906156092882156 -0.019626351073384285 0.013475692830979824
v -0.019999999552965164 -0.021013088524341583 0.013134745880961418
v -0.020982058718800545 -0.020432043820619583 0.013475692830979824
v -0.014999999664723873 -0.02203034982085228 0.011144385673105717
v -0.014999999664723873 -0.022044043987989426 0.01126678753644228
v -0.017588190734386444 -0.0216915812343359 0.011180992238223553
v -0.017588190734386444 -0.0216915812343359 0.011180992238223553
v -0.014999999664723873 -0.022044043987989426 0.01126678753644228
v -0.017588190734386444 -0.02181863971054554 0.012098491191864014
v -0.017588190734386444 -0.0216915812343359 0.011180992238223553
v -0.017588190734386444 -0.02181863971054554 0.012098491191864014
v -0.019999999552965164 -0.02069835737347603 0.01128831971436739
v -0.019999999552965164 -0.02069835737347603 0.01128831971436739
v -0.017588190734386444 -0.02181863971054554 0.012098491191864014
v -0.019999999552965164 -0.0208340622484684 0.01226765662431717
v -0.019999999552965164 -0.02069835737347603 0.01128831971436739
v -0.019999999552965164 -0.0208340622484684 0.01226765662431717
v -0.02207106724381447 -0.01911837048828602 0.011459051631391048
v -0.02207106724381447 -0.01911837048828602 0.011459051631391048
v -0.019999999552965164 -0.0208340622484684 0.01226765662431717
v -0.02207106724381447 -0.019267825409770012 0.012536759488284588
v -0.02207106724381447 -0.01911837048828602 0.011459051631391048
v -0.02207106724381447 -0.019267825409770012 0.012536759488284588
v -0.02366025373339653 -0.017059288918972015 0.011681554839015007
v -0.02366025373339653 -0.017059288918972015 0.011681554839015007
v -0.02207106724381447 -0.019267825409770012 0.012536759488284588
v -0.02366025373339653 -0.01722666621208191 0.012887461110949516
v -0.02366025373339653 -0.017059288918972015 0.011681554839015007
v -0.02366025373339653 -0.01722666621208191 0.012887461110949516
v -0.024659257382154465 -0.014661438763141632 0.011940664611756802
v -0.024659257382154465 -0.014661438763141632 0.011940664611756802
v -0.02366025373339653 -0.01722666621208191 0.012887461110949516
v -0.024659257382154465 -0.014849686995148659 0.013295862823724747
v -0.024659257382154465 -0.014661438763141632 0.011940664611756802
v -0.024659257382154465 -0.014849686995148659 0.013295862823724747
v -0.02492477186024189 -0.01349677424877882 0.013475692830979824
v -0.02492477186024189 -0.01349677424877882 0.013475692830979824
v -0.024659257382154465 -0.014849686995148659 0.013295862823724747
v -0.02470247820019722 -0.014711677096784115 0.013475692830979824
v -0.014999999664723873 -0.021947544068098068 0.010094857774674892
v -0.014999999664723873 -0.02203034982085228 0.011144385673105717
v -0.017588190734386444 -0.021607274189591408 0.010112793184816837
v -0.017588190734386444 -0.021607274189591408 0.010112793184816837
v -0.014999999664723873 -0.02203034982085228 0.011144385673105717
v -0.017588190734386444 -0.0216915812343359 0.011180992238223553
v -0.017588190734386444 -0.021607274189591408 0.010112793184816837
v -0.017588190734386444 -0.0216915812343359 0.011180992238223553
v -0.019999999552965164 -0.0206096563488245 0.010165374726057053
v -0.019999999552965164 -0.0206096563488245 0.010165374726057053
v -0.017588190734386444 -0.0216915812343359 0.011180992238223553
v -0.019999999552965164 -0.02069835737347603 0.01128831971436739
v -0.019999999552965164 -0.0206096563488245 0.010165374726057053
v -0.019999999552965164 -0.02069835737347603 0.01128831971436739
v -0.02207106724381447 -0.01902267150580883 0.010249021463096142
v -0.02207106724381447 -0.01902267150580883 0.010249021463096142
v -0.019999999552965164 -0.02069835737347603 0.01128831971436739
v -0.02207106724381447 -0.01911837048828602 0.011459051631391048
v -0.02207106724381447 -0.01902267150580883 0.010249021463096142
v -0.02207106724381447 -0.01911837048828602 0.011459051631391048
v -0.02366025373339653 -0.01695447601377964 0.010358031839132309
v -0.02366025373339653 -0.01695447601377964 0.010358031839132309
v -0.02207106724381447 -0.01911837048828602 0.011459051631391048
v -0.02366025373339653 -0.017059288918972015 0.011681554839015007
v -0.02366025373339653 -0.01695447601377964 0.010358031839132309
v -0.02366025373339653 -0.017059288918972015 0.011681554839015007
v -0.024659257382154465 -0.01454600878059864 0.010484976693987846
v -0.024659257382154465 -0.01454600878059864 0.010484976693987846
v -0.02366025373339653 -0.017059288918972015 0.011681554839015007
v -0.024659257382154465 -0.014661438763141632 0.011940664611756802
v -0.024659257382154465 -0.01454600878059864 0.010484976693987846
v -0.024659257382154465 -0.014661438763141632 0.011940664611756802
v -0.02500000037252903 -0.011961406096816063 0.010621204972267151
v -0.02500000037252903 -0.011961406096816063 0.010621204972267151
v -0.024659257382154465 -0.014661438763141632 0.011940664611756802
v -0.02500000037252903 -0.012088228017091751 0.012218724936246872
v -0.014999999664723873 -0.02191239781677723 0.008851306512951851
v -0.014999999664723873 -0.021947544068098068 0.010094857774674892
v -0.017588190734386444 -0.02157166413962841 0.008853660896420479
v -0.017588190734386444 -0.02157166413962841 0.008853660896420479
v -0.014999999664723873 -0.021947544068098068 0.010094857774674892
v -0.017588190734386444 -0.021607274189591408 0.010112793184816837
v -0.017588190734386444 -0.02157166413962841 0.008853660896420479
v -0.017588190734386444 -0.021607274189591408 0.010112793184816837
v -0.019999999552965164 -0.020572682842612267 0.008860562928020954
v -0.019999999552965164 -0.020572682842612267 0.008860562928020954
v -0.017588190734386444 -0.021607274189591408 0.010112793184816837
v -0.019999999552965164 -0.0206096563488245 0.010165374726057053
v -0.019999999552965164 -0.020572682842612267 0.008860562928020954
v -0.019999999552965164 -0.0206096563488245 0.010165374726057053
v -0.02207106724381447 -0.01898353546857834 0.00887154322117567
v -0.02207106724381447 -0.01898353546857834 0.00887154322117567
v -0.019999999552965164 -0.0206096563488245 0.010165374726057053
v -0.02207106724381447 -0.01902267150580883 0.010249021463096142
v -0.02207106724381447 -0.01898353546857834 0.00887154322117567
v -0.02207106724381447 -0.01902267150580883 0.010249021463096142
v -0.02366025373339653 -0.016912516206502914 0.008885852061212063
v -0.02366025373339653 -0.016912516206502914 0.008885852061212063
v -0.02207106724381447 -0.01902267150580883 0.010249021463096142
v -0.02366025373339653 -0.01695447601377964 0.010358031839132309
v -0.02366025373339653 -0.016912516206502914 0.008885852061212063
v -0.02366025373339653 -0.01695447601377964 0.010358031839132309
v -0.024659257382154465 -0.014500764198601246 0.008902515284717083
v -0.024659257382154465 -0.014500764198601246 0.008902515284717083
v -0.02366025373339653 -0.01695447601377964 0.010358031839132309
v -0.024659257382154465 -0.01454600878059864 0.010484976693987846
v -0.024659257382154465 -0.014500764198601246 0.008902515284717083
v -0.024659257382154465 -0.01454600878059864 0.010484976693987846
v -0.02500000037252903 -0.011912635527551174 0.008920397609472275
v -0.02500000037252903 -0.011912635527551174 0.008920397609472275
v -0.024659257382154465 -0.01454600878059864 0.010484976693987846
v -0.02500000037252903 -0.011961406096816063 0.010621204972267151
v -0.014999999664723873 -0.02192990854382515 0.0073538171127438545
v -0.014999999664723873 -0.02191600203514099 0.008017020300030708
v -0.017588190734386444 -0.021589290350675583 0.007344662211835384
v -0.017588190734386444 -0.021589290350675583 0.007344662211835384
v -0.014999999664723873 -0.02191600203514099 0.008017020300030708
v -0.017588190734386444 -0.02157166413962841 0.008853660896420479
v -0.017588190734386444 -0.021589290350675583 0.007344662211835384
v -0.017588190734386444 -0.02157166413962841 0.008853660896420479
v -0.019999999552965164 -0.02059064619243145 0.007317821029573679
v -0.019999999552965164 -0.02059064619243145 0.007317821029573679
v -0.017588190734386444 -0.02157166413962841 0.008853660896420479
v -0.019999999552965164 -0.020572682842612267 0.008860562928020954
v -0.019999999552965164 -0.02059064619243145 0.007317821029573679
v -0.019999999552965164 -0.020572682842612267 0.008860562928020954
v -0.02207106724381447 -0.01900203339755535 0.0072751231491565704
v -0.02207106724381447 -0.01900203339755535 0.0072751231491565704
v -0.019999999552965164 -0.020572682842612267 0.008860562928020954
v -0.02207106724381447 -0.01898353546857834 0.00887154322117567
v -0.02207106724381447 -0.01900203339755535 0.0072751231491565704
v -0.02207106724381447 -0.01898353546857834 0.00887154322117567
v -0.02366025373339653 -0.016931714490056038 0.0072194780223071575
v -0.02366025373339653 -0.016931714490056038 0.0072194780223071575
v -0.02207106724381447 -0.01898353546857834 0.00887154322117567
v -0.02366025373339653 -0.016912516206502914 0.008885852061212063
v -0.02366025373339653 -0.016931714490056038 0.0072194780223071575
v -0.02366025373339653 -0.016912516206502914 0.008885852061212063
v -0.024659257382154465 -0.014520774595439434 0.007154677528887987
v -0.024659257382154465 -0.014520774595439434 0.007154677528887987
v -0.02366025373339653 -0.016912516206502914 0.008885852061212063
v -0.024659257382154465 -0.014500764198601246 0.008902515284717083
v -0.024659257382154465 -0.014520774595439434 0.007154677528887987
v -0.024659257382154465 -0.014500764198601246 0.008902515284717083
v -0.02500000037252903 -0.011933518573641777 0.007085138466209173
v -0.02500000037252903 -0.011933518573641777 0.007085138466209173
v -0.024659257382154465 -0.014500764198601246 0.008902515284717083
v -0.02500000037252903 -0.011912635527551174 0.008920397609472275
v -0.014999999664723873 -0.02199566178023815 0.005575926974415779
v -0.014999999664723873 -0.02192990854382515 0.0073538171127438545
v -0.017588190734386444 -0.021655235439538956 0.005561233032494783
v -0.017588190734386444 -0.021655235439538956 0.005561233032494783
v -0.014999999664723873 -0.02192990854382515 0.0073538171127438545
v -0.017588190734386444 -0.021589290350675583 0.007344662211835384
v -0.017588190734386444 -0.021655235439538956 0.005561233032494783
v -0.017588190734386444 -0.021589290350675583 0.007344662211835384
v -0.019999999552965164 -0.020657161250710487 0.005518151912838221
v -0.019999999552965164 -0.020657161250710487 0.005518151912838221
v -0.017588190734386444 -0.021589290350675583 0.007344662211835384
v -0.019999999552965164 -0.02059064619243145 0.007317821029573679
v -0.019999999552965164 -0.020657161250710487 0.005518151912838221
v -0.019999999552965164 -0.02059064619243145 0.007317821029573679
v -0.02207106724381447 -0.019069453701376915 0.005449619609862566
v -0.02207106724381447 -0.019069453701376915 0.005449619609862566
v -0.019999999552965164 -0.02059064619243145 0.007317821029573679
v -0.02207106724381447 -0.01900203339755535 0.0072751231491565704
v -0.02207106724381447 -0.019069453701376915 0.005449619609862566
v -0.02207106724381447 -0.01900203339755535 0.0072751231491565704
v -0.02366025373339653 -0.017000311985611916 0.0053603071719408035
v -0.02366025373339653 -0.017000311985611916 0.0053603071719408035
v -0.02207106724381447 -0.01900203339755535 0.0072751231491565704
v -0.02366025373339653 -0.016931714490056038 0.0072194780223071575
v -0.02366025373339653 -0.017000311985611916 0.0053603071719408035
v -0.02366025373339653 -0.016931714490056038 0.0072194780223071575
v -0.024659257382154465 -0.014590746723115444 0.005256300326436758
v -0.024659257382154465 -0.014590746723115444 0.005256300326436758
v -0.02366025373339653 -0.016931714490056038 0.0072194780223071575
v -0.024659257382154465 -0.014520774595439434 0.007154677528887987
v -0.024659257382154465 -0.014590746723115444 0.005256300326436758
v -0.024659257382154465 -0.014520774595439434 0.007154677528887987
v -0.02500000037252903 -0.012004964053630829 0.005144686903804541
v -0.02500000037252903 -0.012004964053630829 0.005144686903804541
v -0.024659257382154465 -0.014520774595439434 0.007154677528887987
v -0.02500000037252903 -0.011933518573641777 0.007085138466209173
v -0.014999999664723873 -0.022075584158301353 0.003649466671049595
v -0.014999999664723873 -0.02199566178023815 0.005575926974415779
v -0.017588190734386444 -0.0217350572347641 0.00363735668361187
v -0.017588190734386444 -0.0217350572347641 0.00363735668361187
v -0.014999999664723873 -0.02199566178023815 0.005575926974415779
v -0.017588190734386444 -0.021655235439538956 0.005561233032494783
v -0.017588190734386444 -0.0217350572347641 0.00363735668361187
v -0.017588190734386444 -0.021655235439538956 0.005561233032494783
v -0.019999999552965164 -0.020736685022711754 0.0036018514074385166
v -0.019999999552965164 -0.020736685022711754 0.0036018514074385166
v -0.017588190734386444 -0.021655235439538956 0.005561233032494783
v -0.019999999552965164 -0.020657161250710487 0.005518151912838221
v -0.019999999552965164 -0.020736685022711754 0.0036018514074385166
v -0.019999999552965164 -0.020657161250710487 0.005518151912838221
v -0.02207106724381447 -0.019148502498865128 0.0035453708842396736
v -0.02207106724381447 -0.019148502498865128 0.0035453708842396736
v -0.019999999552965164 -0.020657161250710487 0.005518151912838221
v -0.02207106724381447 -0.019069453701376915 0.005449619609862566
v -0.02207106724381447 -0.019148502498865128 0.0035453708842396736
v -0.02207106724381447 -0.019069453701376915 0.005449619609862566
v -0.02366025373339653 -0.017078744247555733 0.0034717638045549393
v -0.02366025373339653 -0.017078744247555733 0.0034717638045549393
v -0.02207106724381447 -0.019069453701376915 0.005449619609862566
v -0.02366025373339653 -0.017000311985611916 0.0053603071719408035
v -0.02366025373339653 -0.017078744247555733 0.0034717638045549393
v -0.02366025373339653 -0.017000311985611916 0.0053603071719408035
v -0.024659257382154465 -0.014668457210063934 0.00338604673743248
v -0.024659257382154465 -0.014668457210063934 0.00338604673743248
v -0.02366025373339653 -0.017000311985611916 0.0053603071719408035
v -0.024659257382154465 -0.014590746723115444 0.005256300326436758
v -0.024659257382154465 -0.014668457210063934 0.00338604673743248
v -0.024659257382154465 -0.014590746723115444 0.005256300326436758
v -0.02500000037252903 -0.012081902474164963 0.0032940609380602837
v -0.02500000037252903 -0.012081902474164963 0.0032940609380602837
v -0.024659257382154465 -0.014590746723115444 0.005256300326436758
v -0.02500000037252903 -0.012004964053630829 0.005144686903804541
v -0.014999999664723873 -0.0221151951700449 0.001410763361491263
v -0.014999999664723873 -0.022115716710686684 0.0015130642568692565
v -0.017588190734386444 -0.02177445963025093 0.0014129758346825838
v -0.017588190734386444 -0.02177445963025093 0.0014129758346825838
v -0.014999999664723873 -0.022115716710686684 0.0015130642568692565
v -0.017588190734386444 -0.0217350572347641 0.00363735668361187
v -0.017588190734386444 -0.02177445963025093 0.0014129758346825838
v -0.017588190734386444 -0.0217350572347641 0.00363735668361187
v -0.019999999552965164 -0.020775476470589638 0.001419462263584137
v -0.019999999552965164 -0.020775476470589638 0.001419462263584137
v -0.017588190734386444 -0.0217350572347641 0.00363735668361187
v -0.019999999552965164 -0.020736685022711754 0.0036018514074385166
v -0.019999999552965164 -0.020775476470589638 0.001419462263584137
v -0.019999999552965164 -0.020736685022711754 0.0036018514074385166
v -0.02207106724381447 -0.019186323508620262 0.0014297806192189455
v -0.02207106724381447 -0.019186323508620262 0.0014297806192189455
v -0.019999999552965164 -0.020736685022711754 0.0036018514074385166
v -0.02207106724381447 -0.019148502498865128 0.0035453708842396736
v -0.02207106724381447 -0.019186323508620262 0.0014297806192189455
v -0.02207106724381447 -0.019148502498865128 0.0035453708842396736
v -0.02366025373339653 -0.01711530052125454 0.0014432278694584966
v -0.02366025373339653 -0.01711530052125454 0.0014432278694584966
v -0.02207106724381447 -0.019148502498865128 0.0035453708842396736
v -0.02366025373339653 -0.017078744247555733 0.0034717638045549393
v -0.02366025373339653 -0.01711530052125454 0.0014432278694584966
v -0.02366025373339653 -0.017078744247555733 0.0034717638045549393
v -0.024659257382154465 -0.014703541062772274 0.0014588875928893685
v -0.024659257382154465 -0.014703541062772274 0.0014588875928893685
v -0.02366025373339653 -0.017078744247555733 0.0034717638045549393
v -0.024659257382154465 -0.014668457210063934 0.00338604673743248
v -0.024659257382154465 -0.014703541062772274 0.0014588875928893685
v -0.024659257382154465 -0.014668457210063934 0.00338604673743248
v -0.02500000037252903 -0.01211540587246418 0.0014756923774257302
v -0.02500000037252903 -0.01211540587246418 0.0014756923774257302
v -0.024659257382154465 -0.014668457210063934 0.00338604673743248
v -0.02500000037252903 -0.012081902474164963 0.0032940609380602837
v -0.007499999832361937 -0.014750000089406967 0.007475692313164473
v -0.007499999832361937 -0.014750000089406967 0.013475692830979824
v -0.008375000208616257 -0.01498445589095354 0.007475692313164473
v -0.008375000208616257 -0.01498445589095354 0.007475692313164473
v -0.007499999832361937 -0.014750000089406967 0.013475692830979824
v -0.008375000208616257 -0.01498445589095354 0.013475692830979824
v -0.008375000208616257 -0.01498445589095354 0.007475692313164473
v -0.008375000208616257 -0.01498445589095354 0.013475692830979824
v -0.009015544317662716 -0.015625 0.007475692313164473
v -0.009015544317662716 -0.015625 0.007475692313164473
v -0.008375000208616257 -0.01498445589095354 0.013475692830979824
v -0.009015544317662716 -0.015625 0.013475692830979824
v -0.009015544317662716 -0.015625 0.007475692313164473
v -0.009015544317662716 -0.015625 0.013475692830979824
v -0.00925000011920929 -0.016499999910593033 0.007475692313164473
v -0.00925000011920929 -0.016499999910593033 0.007475692313164473
v -0.009015544317662716 -0.015625 0.013475692830979824
v -0.00925000011920929 -0.016499999910593033 0.013475692830979824
v -0.00925000011920929 -0.016499999910593033 0.007475692313164473
v -0.00925000011920929 -0.016499999910593033 0.013475692830979824
v -0.009015544317662716 -0.017374999821186066 0.007475692313164473
v -0.009015544317662716 -0.017374999821186066 0.007475692313164473
v -0.00925000011920929 -0.016499999910593033 0.013475692830979824
v -0.009015544317662716 -0.017374999821186066 0.013475692830979824
v -0.009015544317662716 -0.017374999821186066 0.007475692313164473
v -0.009015544317662716 -0.017374999821186066 0.013475692830979824
v -0.008375000208616257 -0.0180155448615551 0.007475692313164473
v -0.008375000208616257 -0.0180155448615551 0.007475692313164473
v -0.009015544317662716 -0.017374999821186066 0.013475692830979824
v -0.008375000208616257 -0.0180155448615551 0.013475692830979824
v -0.008375000208616257 -0.0180155448615551 0.007475692313164473
v -0.008375000208616257 -0.0180155448615551 0.013475692830979824
v -0.007499999832361937 -0.0182499997317791 0.007475692313164473
v -0.007499999832361937 -0.0182499997317791 0.007475692313164473
v -0.008375000208616257 -0.0180155448615551 0.013475692830979824
v -0.007499999832361937 -0.0182499997317791 0.013475692830979824
v -0.007499999832361937 -0.0182499997317791 0.007475692313164473
v -0.007499999832361937 -0.0182499997317791 0.013475692830979824
v -0.006624999921768904 -0.0180155448615551 0.007475692313164473
v -0.006624999921768904 -0.0180155448615551 0.007475692313164473
v -0.007499999832361937 -0.0182499997317791 0.013475692830979824
v -0.006624999921768904 -0.0180155448615551 0.013475692830979824
v -0.006624999921768904 -0.0180155448615551 0.007475692313164473
v -0.006624999921768904 -0.0180155448615551 0.013475692830979824
v -0.005984455347061157 -0.017374999821186066 0.007475692313164473
v -0.005984455347061157 -0.017374999821186066 0.007475692313164473
v -0.006624999921768904 -0.0180155448615551 0.013475692830979824
v -0.005984455347061157 -0.017374999821186066 0.013475692830979824
v -0.005984455347061157 -0.017374999821186066 0.007475692313164473
v -0.005984455347061157 -0.017374999821186066 0.013475692830979824
v -0.005750000011175871 -0.016499999910593033 0.007475692313164473
v -0.005750000011175871 -0.016499999910593033 0.007475692313164473
v -0.005984455347061157 -0.017374999821186066 0.013475692830979824
v -0.005750000011175871 -0.016499999910593033 0.013475692830979824
v -0.005750000011175871 -0.016499999910593033 0.007475692313164473
v -0.005750000011175871 -0.016499999910593033 0.013475692830979824
v -0.005984455347061157 -0.015625 0.007475692313164473
v -0.005984455347061157 -0.015625 0.007475692313164473
v -0.005750000011175871 -0.016499999910593033 0.013475692830979824
v -0.005984455347061157 -0.015625 0.013475692830979824
v -0.005984455347061157 -0.015625 0.007475692313164473
v -0.005984455347061157 -0.015625 0.013475692830979824
v -0.006624999921768904 -0.01498445589095354 0.007475692313164473
v -0.006624999921768904 -0.01498445589095354 0.007475692313164473
v -0.005984455347061157 -0.015625 0.013475692830979824
v -0.006624999921768904 -0.01498445589095354 0.013475692830979824
v -0.006624999921768904 -0.01498445589095354 0.007475692313164473
v -0.006624999921768904 -0.01498445589095354 0.013475692830979824
v -0.007499999832361937 -0.014750000089406967 0.007475692313164473
v -0.007499999832361937 -0.014750000089406967 0.007475692313164473
v -0.006624999921768904 -0.01498445589095354 0.013475692830979824
v -0.007499999832361937 -0.014750000089406967 0.013475692830979824
v -0.007499999832361937 0.0182499997317791 0.007475692313164473
v -0.007499999832361937 0.0182499997317791 0.013475692830979824
v -0.008375000208616257 0.0180155448615551 0.007475692313164473
v -0.008375000208616257 0.0180155448615551 0.007475692313164473
v -0.007499999832361937 0.0182499997317791 0.013475692830979824
v -0.008375000208616257 0.0180155448615551 0.013475692830979824
v -0.008375000208616257 0.0180155448615551 0.007475692313164473
v -0.008375000208616257 0.0180155448615551 0.013475692830979824
v -0.009015544317662716 0.017374999821186066 0.007475692313164473
v -0.009015544317662716 0.017374999821186066 0.007475692313164473
v -0.008375000208616257 0.0180155448615551 0.013475692830979824
v -0.009015544317662716 0.017374999821186066 0.013475692830979824
v -0.009015544317662716 0.017374999821186066 0.007475692313164473
v -0.009015544317662716 0.017374999821186066 0.013475692830979824
v -0.00925000011920929 0.016499999910593033 0.007475692313164473
v -0.00925000011920929 0.016499999910593033 0.007475692313164473
v -0.009015544317662716 0.017374999821186066 0.013475692830979824
v -0.00925000011920929 0.016499999910593033 0.013475692830979824
v -0.00925000011920929 0.016499999910593033 0.007475692313164473
v -0.00925000011920929 0.016499999910593033 0.013475692830979824
v -0.009015544317662716 0.015625 0.007475692313164473
v -0.009015544317662716 0.015625 0.007475692313164473
v -0.00925000011920929 0.016499999910593033 0.013475692830979824
v -0.009015544317662716 0.015625 0.013475692830979824
v -0.009015544317662716 0.015625 0.007475692313164473
v -0.009015544317662716 0.015625 0.013475692830979824
v -0.008375000208616257 0.01498445589095354 0.007475692313164473
v -0.008375000208616257 0.01498445589095354 0.007475692313164473
v -0.009015544317662716 0.015625 0.013475692830979824
v -0.008375000208616257 0.01498445589095354 0.013475692830979824
v -0.008375000208616257 0.01498445589095354 0.007475692313164473
v -0.008375000208616257 0.01498445589095354 0.013475692830979824
v -0.007499999832361937 0.014750000089406967 0.007475692313164473
v -0.007499999832361937 0.014750000089406967 0.007475692313164473
v -0.008375000208616257 0.01498445589095354 0.013475692830979824
v -0.007499999832361937 0.014750000089406967 0.013475692830979824
v -0.007499999832361937 0.014750000089406967 0.007475692313164473
v -0.007499999832361937 0.014750000089406967 0.013475692830979824
v -0.006624999921768904 0.01498445589095354 0.007475692313164473
v -0.006624999921768904 0.01498445589095354 0.007475692313164473
v -0.007499999832361937 0.014750000089406967 0.013475692830979824
v -0.006624999921768904 0.01498445589095354 0.013475692830979824
v -0.006624999921768904 0.01498445589095354 0.007475692313164473
v -0.006624999921768904 0.01498445589095354 0.013475692830979824
v -0.005984455347061157 0.015625 0.007475692313164473
v -0.005984455347061157 0.015625 0.007475692313164473
v -0.006624999921768904 0.01498445589095354 0.013475692830979824
v -0.005984455347061157 0.015625 0.013475692830979824
v -0.005984455347061157 0.015625 0.007475692313164473
v -0.005984455347061157 0.015625 0.013475692830979824
v -0.005750000011175871 0.016499999910593033 0.007475692313164473
v -0.005750000011175871 0.016499999910593033 0.007475692313164473
v -0.005984455347061157 0.015625 0.013475692830979824
v -0.005750000011175871 0.016499999910593033 0.013475692830979824
v -0.005750000011175871 0.016499999910593033 0.007475692313164473
v -0.005750000011175871 0.016499999910593033 0.013475692830979824
v -0.005984455347061157 0.017374999821186066 0.007475692313164473
v -0.005984455347061157 0.017374999821186066 0.007475692313164473
v -0.005750000011175871 0.016499999910593033 0.013475692830979824
v -0.005984455347061157 0.017374999821186066 0.013475692830979824
v -0.005984455347061157 0.017374999821186066 0.007475692313164473
v -0.005984455347061157 0.017374999821186066 0.013475692830979824
v -0.006624999921768904 0.0180155448615551 0.007475692313164473
v -0.006624999921768904 0.0180155448615551 0.007475692313164473
v -0.005984455347061157 0.017374999821186066 0.013475692830979824
v -0.006624999921768904 0.0180155448615551 0.013475692830979824
v -0.006624999921768904 0.0180155448615551 0.007475692313164473
v -0.006624999921768904 0.0180155448615551 0.013475692830979824
v -0.007499999832361937 0.0182499997317791 0.007475692313164473
v -0.007499999832361937 0.0182499997317791 0.007475692313164473
v -0.006624999921768904 0.0180155448615551 0.013475692830979824
v -0.007499999832361937 0.0182499997317791 0.013475692830979824
v 0.017500000074505806 0.0182499997317791 0.007475692313164473
v 0.017500000074505806 0.0182499997317791 0.013475692830979824
v 0.016625000163912773 0.0180155448615551 0.007475692313164473
v 0.016625000163912773 0.0180155448615551 0.007475692313164473
v 0.017500000074505806 0.0182499997317791 0.013475692830979824
v 0.016625000163912773 0.0180155448615551 0.013475692830979824
v 0.016625000163912773 0.0180155448615551 0.007475692313164473
v 0.016625000163912773 0.0180155448615551 0.013475692830979824
v 0.01598445512354374 0.017374999821186066 0.007475692313164473
v 0.01598445512354374 0.017374999821186066 0.007475692313164473
v 0.016625000163912773 0.0180155448615551 0.013475692830979824
v 0.01598445512354374 0.017374999821186066 0.013475692830979824
v 0.01598445512354374 0.017374999821186066 0.007475692313164473
v 0.01598445512354374 0.017374999821186066 0.013475692830979824
v 0.01575000025331974 0.016499999910593033 0.007475692313164473
v 0.01575000025331974 0.016499999910593033 0.007475692313164473
v 0.01598445512354374 0.017374999821186066 0.013475692830979824
v 0.01575000025331974 0.016499999910593033 0.013475692830979824
v 0.01575000025331974 0.016499999910593033 0.007475692313164473
v 0.01575000025331974 0.016499999910593033 0.013475692830979824
v 0.01598445512354374 0.015625 0.007475692313164473
v 0.01598445512354374 0.015625 0.007475692313164473
v 0.01575000025331974 0.016499999910593033 0.013475692830979824
v 0.01598445512354374 0.015625 0.013475692830979824
v 0.01598445512354374 0.015625 0.007475692313164473
v 0.01598445512354374 0.015625 0.013475692830979824
v 0.016625000163912773 0.01498445589095354 0.007475692313164473
v 0.016625000163912773 0.01498445589095354 0.007475692313164473
v 0.01598445512354374 0.015625 0.013475692830979824
v 0.016625000163912773 0.01498445589095354 0.013475692830979824
v 0.016625000163912773 0.01498445589095354 0.007475692313164473
v 0.016625000163912773 0.01498445589095354 0.013475692830979824
v 0.017500000074505806 0.014750000089406967 0.007475692313164473
v 0.017500000074505806 0.014750000089406967 0.007475692313164473
v 0.016625000163912773 0.01498445589095354 0.013475692830979824
v 0.017500000074505806 0.014750000089406967 0.013475692830979824
v 0.017500000074505806 0.014750000089406967 0.007475692313164473
v 0.017500000074505806 0.014750000089406967 0.013475692830979824
v 0.01837499998509884 0.01498445589095354 0.007475692313164473
v 0.01837499998509884 0.01498445589095354 0.007475692313164473
v 0.017500000074505806 0.014750000089406967 0.013475692830979824
v 0.01837499998509884 0.01498445589095354 0.013475692830979824
v 0.01837499998509884 0.01498445589095354 0.007475692313164473
v 0.01837499998509884 0.01498445589095354 0.013475692830979824
v 0.019015545025467873 0.015625 0.007475692313164473
v 0.019015545025467873 0.015625 0.007475692313164473
v 0.01837499998509884 0.01498445589095354 0.013475692830979824
v 0.019015545025467873 0.015625 0.013475692830979824
v 0.019015545025467873 0.015625 0.007475692313164473
v 0.019015545025467873 0.015625 0.013475692830979824
v 0.01924999989569187 0.016499999910593033 0.007475692313164473
v 0.01924999989569187 0.016499999910593033 0.007475692313164473
v 0.019015545025467873 0.015625 0.013475692830979824
v 0.01924999989569187 0.016499999910593033 0.013475692830979824
v 0.01924999989569187 0.016499999910593033 0.007475692313164473
v 0.01924999989569187 0.016499999910593033 0.013475692830979824
v 0.019015545025467873 0.017374999821186066 0.007475692313164473
v 0.019015545025467873 0.017374999821186066 0.007475692313164473
v 0.01924999989569187 0.016499999910593033 0.013475692830979824
v 0.019015545025467873 0.017374999821186066 0.013475692830979824
v 0.019015545025467873 0.017374999821186066 0.007475692313164473
v 0.019015545025467873 0.017374999821186066 0.013475692830979824
v 0.01837499998509884 0.0180155448615551 0.007475692313164473
v 0.01837499998509884 0.0180155448615551 0.007475692313164473
v 0.019015545025467873 0.017374999821186066 0.013475692830979824
v 0.01837499998509884 0.0180155448615551 0.013475692830979824
v 0.01837499998509884 0.0180155448615551 0.007475692313164473
v 0.01837499998509884 0.0180155448615551 0.013475692830979824
v 0.017500000074505806 0.0182499997317791 0.007475692313164473
v 0.017500000074505806 0.0182499997317791 0.007475692313164473
v 0.01837499998509884 0.0180155448615551 0.013475692830979824
v 0.017500000074505806 0.0182499997317791 0.013475692830979824
v 0.017500000074505806 -0.014750000089406967 0.007475692313164473
v 0.017500000074505806 -0.014750000089406967 0.013475692830979824
v 0.016625000163912773 -0.01498445589095354 0.007475692313164473
v 0.016625000163912773 -0.01498445589095354 0.007475692313164473
v 0.017500000074505806 -0.014750000089406967 0.013475692830979824
v 0.016625000163912773 -0.01498445589095354 0.013475692830979824
v 0.016625000163912773 -0.01498445589095354 0.007475692313164473
v 0.016625000163912773 -0.01498445589095354 0.013475692830979824
v 0.01598445512354374 -0.015625 0.007475692313164473
v 0.01598445512354374 -0.015625 0.007475692313164473
v 0.016625000163912773 -0.01498445589095354 0.013475692830979824
v 0.01598445512354374 -0.015625 0.013475692830979824
v 0.01598445512354374 -0.015625 0.007475692313164473
v 0.01598445512354374 -0.015625 0.013475692830979824
v 0.01575000025331974 -0.016499999910593033 0.007475692313164473
v 0.01575000025331974 -0.016499999910593033 0.007475692313164473
v 0.01598445512354374 -0.015625 0.013475692830979824
v 0.01575000025331974 -0.016499999910593033 0.013475692830979824
v 0.01575000025331974 -0.016499999910593033 0.007475692313164473
v 0.01575000025331974 -0.016499999910593033 0.013475692830979824
v 0.01598445512354374 -0.017374999821186066 0.007475692313164473
v 0.01598445512354374 -0.017374999821186066 0.007475692313164473
v 0.01575000025331974 -0.016499999910593033 0.013475692830979824
v 0.01598445512354374 -0.017374999821186066 0.013475692830979824
v 0.01598445512354374 -0.017374999821186066 0.007475692313164473
v 0.01598445512354374 -0.017374999821186066 0.013475692830979824
v 0.016625000163912773 -0.0180155448615551 0.007475692313164473
v 0.016625000163912773 -0.0180155448615551 0.007475692313164473
v 0.01598445512354374 -0.017374999821186066 0.013475692830979824
v 0.016625000163912773 -0.0180155448615551 0.013475692830979824
v 0.016625000163912773 -0.0180155448615551 0.007475692313164473
v 0.016625000163912773 -0.0180155448615551 0.013475692830979824
v 0.017500000074505806 -0.0182499997317791 0.007475692313164473
v 0.017500000074505806 -0.0182499997317791 0.007475692313164473
v 0.016625000163912773 -0.0180155448615551 0.013475692830979824
v 0.017500000074505806 -0.0182499997317791 0.013475692830979824
v 0.017500000074505806 -0.0182499997317791 0.007475692313164473
v 0.017500000074505806 -0.0182499997317791 0.013475692830979824
v 0.01837499998509884 -0.0180155448615551 0.007475692313164473
v 0.01837499998509884 -0.0180155448615551 0.007475692313164473
v 0.017500000074505806 -0.0182499997317791 0.013475692830979824
v 0.01837499998509884 -0.0180155448615551 0.013475692830979824
v 0.01837499998509884 -0.0180155448615551 0.007475692313164473
v 0.01837499998509884 -0.0180155448615551 0.013475692830979824
v 0.019015545025467873 -0.017374999821186066 0.007475692313164473
v 0.019015545025467873 -0.017374999821186066 0.007475692313164473
v 0.01837499998509884 -0.0180155448615551 0.013475692830979824
v 0.019015545025467873 -0.017374999821186066 0.013475692830979824
v 0.019015545025467873 -0.017374999821186066 0.007475692313164473
v 0.019015545025467873 -0.017374999821186066 0.013475692830979824
v 0.01924999989569187 -0.016499999910593033 0.007475692313164473
v 0.01924999989569187 -0.016499999910593033 0.007475692313164473
v 0.019015545025467873 -0.017374999821186066 0.013475692830979824
v 0.01924999989569187 -0.016499999910593033 0.013475692830979824
v 0.01924999989569187 -0.016499999910593033 0.007475692313164473
v 0.01924999989569187 -0.016499999910593033 0.013475692830979824
v 0.019015545025467873 -0.015625 0.007475692313164473
v 0.019015545025467873 -0.015625 0.007475692313164473
v 0.01924999989569187 -0.016499999910593033 0.013475692830979824
v 0.019015545025467873 -0.015625 0.013475692830979824
v 0.019015545025467873 -0.015625 0.007475692313164473
v 0.019015545025467873 -0.015625 0.013475692830979824
v 0.01837499998509884 -0.01498445589095354 0.007475692313164473
v 0.01837499998509884 -0.01498445589095354 0.007475692313164473
v 0.019015545025467873 -0.015625 0.013475692830979824
v 0.01837499998509884 -0.01498445589095354 0.013475692830979824
v 0.01837499998509884 -0.01498445589095354 0.007475692313164473
v 0.01837499998509884 -0.01498445589095354 0.013475692830979824
v 0.017500000074505806 -0.014750000089406967 0.007475692313164473
v 0.017500000074505806 -0.014750000089406967 0.007475692313164473
v 0.01837499998509884 -0.01498445589095354 0.013475692830979824
v 0.017500000074505806 -0.014750000089406967 0.013475692830979824
v 0.01598445512354374 -0.015625 0.007475692313164473
v 0.01575000025331974 -0.016499999910593033 0.007475692313164473
v 0.013749999925494194 -0.016499999910593033 0.007475692313164473
v 0.014999999664723873 -0.021926753222942352 0.007475692313164473
v 0.013749999925494194 -0.021926753222942352 0.007475692313164473
v 0.016625000163912773 -0.0180155448615551 0.007475692313164473
v 0.013749999925494194 -0.016499999910593033 0.007475692313164473
v 0.01575000025331974 -0.016499999910593033 0.007475692313164473
v 0.013749999925494194 -0.021926753222942352 0.007475692313164473
v 0.013749999925494194 -0.021926753222942352 0.007475692313164473
v 0.01575000025331974 -0.016499999910593033 0.007475692313164473
v 0.01598445512354374 -0.017374999821186066 0.007475692313164473
v 0.013749999925494194 -0.021926753222942352 0.007475692313164473
v 0.01598445512354374 -0.017374999821186066 0.007475692313164473
v 0.016625000163912773 -0.0180155448615551 0.007475692313164473
v 0.01837499998509884 -0.01498445589095354 0.007475692313164473
v 0.0201516505330801 -0.013848349452018738 0.007475692313164473
v 0.019015545025467873 -0.015625 0.007475692313164473
v 0.019015545025467873 -0.015625 0.007475692313164473
v 0.0201516505330801 -0.013848349452018738 0.007475692313164473
v 0.020964547991752625 -0.015064937062561512 0.007475692313164473
v 0.019015545025467873 -0.015625 0.007475692313164473
v 0.020964547991752625 -0.015064937062561512 0.007475692313164473
v 0.01924999989569187 -0.016499999910593033 0.007475692313164473
v 0.01924999989569187 -0.016499999910593033 0.007475692313164473
v 0.020964547991752625 -0.015064937062561512 0.007475692313164473
v 0.021250000223517418 -0.016499999910593033 0.007475692313164473
v 0.01924999989569187 -0.016499999910593033 0.007475692313164473
v 0.021250000223517418 -0.016499999910593033 0.007475692313164473
v 0.019015545025467873 -0.017374999821186066 0.007475692313164473
v 0.014999999664723873 -0.021926753222942352 0.007475692313164473
v 0.016625000163912773 -0.0180155448615551 0.007475692313164473
v 0.016222579404711723 -0.021851714700460434 0.007475692313164473
v 0.016222579404711723 -0.021851714700460434 0.007475692313164473
v 0.016625000163912773 -0.0180155448615551 0.007475692313164473
v 0.017500000074505806 -0.0182499997317791 0.007475692313164473
v 0.016222579404711723 -0.021851714700460434 0.007475692313164473
v 0.017500000074505806 -0.0182499997317791 0.007475692313164473
v 0.017417866736650467 -0.021629957482218742 0.007475692313164473
v 0.020000003278255463 -0.02058660052716732 0.007475692313164473
v 0.01837499998509884 -0.0180155448615551 0.007475692313164473
v 0.020492883399128914 -0.02028258889913559 0.007475692313164473
v 0.020492883399128914 -0.02028258889913559 0.007475692313164473
v 0.01837499998509884 -0.0180155448615551 0.007475692313164473
v 0.019015545025467873 -0.017374999821186066 0.007475692313164473
v 0.020492883399128914 -0.02028258889913559 0.007475692313164473
v 0.019015545025467873 -0.017374999821186066 0.007475692313164473
v 0.021250000223517418 -0.019732346758246422 0.007475692313164473
v 0.021250000223517418 -0.019732346758246422 0.007475692313164473
v 0.019015545025467873 -0.017374999821186066 0.007475692313164473
v 0.021250000223517418 -0.016499999910593033 0.007475692313164473
v 0.013749999925494194 -0.016499999910593033 0.007475692313164473
v 0.014035452157258987 -0.015064937062561512 0.007475692313164473
v 0.01598445512354374 -0.015625 0.007475692313164473
v 0.01598445512354374 -0.015625 0.007475692313164473
v 0.014035452157258987 -0.015064937062561512 0.007475692313164473
v 0.014848349615931511 -0.013848349452018738 0.007475692313164473
v 0.01598445512354374 -0.015625 0.007475692313164473
v 0.014848349615931511 -0.013848349452018738 0.007475692313164473
v 0.016625000163912773 -0.01498445589095354 0.007475692313164473
v 0.016625000163912773 -0.01498445589095354 0.007475692313164473
v 0.014848349615931511 -0.013848349452018738 0.007475692313164473
v 0.01606493629515171 -0.013035451993346214 0.007475692313164473
v 0.016625000163912773 -0.01498445589095354 0.007475692313164473
v 0.01606493629515171 -0.013035451993346214 0.007475692313164473
v 0.017500000074505806 -0.014750000089406967 0.007475692313164473
v 0.017500000074505806 -0.014750000089406967 0.007475692313164473
v 0.01606493629515171 -0.013035451993346214 0.007475692313164473
v 0.017500000074505806 -0.012749999761581421 0.007475692313164473
v 0.017500000074505806 -0.014750000089406967 0.007475692313164473
v 0.017500000074505806 -0.012749999761581421 0.007475692313164473
v 0.01837499998509884 -0.01498445589095354 0.007475692313164473
v 0.01837499998509884 -0.01498445589095354 0.007475692313164473
v 0.017500000074505806 -0.012749999761581421 0.007475692313164473
v 0.018935061991214752 -0.013035451993346214 0.007475692313164473
v 0.01837499998509884 -0.01498445589095354 0.007475692313164473
v 0.018935061991214752 -0.013035451993346214 0.007475692313164473
v 0.0201516505330801 -0.013848349452018738 0.007475692313164473
v 0.020000003278255463 -0.02058660052716732 0.007475692313164473
v 0.01943827047944069 -0.02088756300508976 0.007475692313164473
v 0.01837499998509884 -0.0180155448615551 0.007475692313164473
v 0.01837499998509884 -0.0180155448615551 0.007475692313164473
v 0.01943827047944069 -0.02088756300508976 0.007475692313164473
v 0.018309323117136955 -0.02136312611401081 0.007475692313164473
v 0.01837499998509884 -0.0180155448615551 0.007475692313164473
v 0.018309323117136955 -0.02136312611401081 0.007475692313164473
v 0.017500000074505806 -0.0182499997317791 0.007475692313164473
v 0.017500000074505806 -0.0182499997317791 0.007475692313164473
v 0.018309323117136955 -0.02136312611401081 0.007475692313164473
v 0.017588190734386444 -0.02158590778708458 0.007475692313164473
v 0.017500000074505806 -0.0182499997317791 0.007475692313164473
v 0.017588190734386444 -0.02158590778708458 0.007475692313164473
v 0.017417866736650467 -0.021629957482218742 0.007475692313164473
v 0.016625000163912773 0.01498445589095354 0.007475692313164473
v 0.017500000074505806 0.014750000089406967 0.007475692313164473
v 0.017500000074505806 0.012749999761581421 0.007475692313164473
v 0.017500000074505806 0.012749999761581421 0.007475692313164473
v 0.017500000074505806 0.014750000089406967 0.007475692313164473
v 0.018935061991214752 0.013035451993346214 0.007475692313164473
v 0.018935061991214752 0.013035451993346214 0.007475692313164473
v 0.017500000074505806 0.014750000089406967 0.007475692313164473
v 0.01837499998509884 0.01498445589095354 0.007475692313164473
v 0.018935061991214752 0.013035451993346214 0.007475692313164473
v 0.01837499998509884 0.01498445589095354 0.007475692313164473
v 0.0201516505330801 0.013848349452018738 0.007475692313164473
v 0.0201516505330801 0.013848349452018738 0.007475692313164473
v 0.01837499998509884 0.01498445589095354 0.007475692313164473
v 0.019015545025467873 0.015625 0.007475692313164473
v 0.0201516505330801 0.013848349452018738 0.007475692313164473
v 0.019015545025467873 0.015625 0.007475692313164473
v 0.020964547991752625 0.015064937062561512 0.007475692313164473
v 0.017500000074505806 0.012749999761581421 0.007475692313164473
v 0.01606493629515171 0.013035451993346214 0.007475692313164473
v 0.016625000163912773 0.01498445589095354 0.007475692313164473
v 0.016625000163912773 0.01498445589095354 0.007475692313164473
v 0.01606493629515171 0.013035451993346214 0.007475692313164473
v 0.014848349615931511 0.013848349452018738 0.007475692313164473
v 0.016625000163912773 0.01498445589095354 0.007475692313164473
v 0.014848349615931511 0.013848349452018738 0.007475692313164473
v 0.01598445512354374 0.015625 0.007475692313164473
v 0.01598445512354374 0.015625 0.007475692313164473
v 0.014848349615931511 0.013848349452018738 0.007475692313164473
v 0.014035452157258987 0.015064937062561512 0.007475692313164473
v 0.01598445512354374 0.015625 0.007475692313164473
v 0.014035452157258987 0.015064937062561512 0.007475692313164473
v 0.01575000025331974 0.016499999910593033 0.007475692313164473
v 0.01575000025331974 0.016499999910593033 0.007475692313164473
v 0.014035452157258987 0.015064937062561512 0.007475692313164473
v 0.013749999925494194 0.016499999910593033 0.007475692313164473
v 0.01575000025331974 0.016499999910593033 0.007475692313164473
v 0.013749999925494194 0.016499999910593033 0.007475692313164473
v 0.01598445512354374 0.017374999821186066 0.007475692313164473
v 0.01598445512354374 0.017374999821186066 0.007475692313164473
v 0.013749999925494194 0.016499999910593033 0.007475692313164473
v 0.013749999925494194 0.021926753222942352 0.007475692313164473
v 0.01598445512354374 0.017374999821186066 0.007475692313164473
v 0.013749999925494194 0.021926753222942352 0.007475692313164473
v 0.016625000163912773 0.0180155448615551 0.007475692313164473
v 0.016625000163912773 0.0180155448615551 0.007475692313164473
v 0.013749999925494194 0.021926753222942352 0.007475692313164473
v 0.014999999664723873 0.021926753222942352 0.007475692313164473
v 0.020964547991752625 0.015064937062561512 0.007475692313164473
v 0.019015545025467873 0.015625 0.007475692313164473
v 0.021250000223517418 0.016499999910593033 0.007475692313164473
v 0.021250000223517418 0.016499999910593033 0.007475692313164473
v 0.019015545025467873 0.015625 0.007475692313164473
v 0.01924999989569187 0.016499999910593033 0.007475692313164473
v 0.021250000223517418 0.016499999910593033 0.007475692313164473
v 0.01924999989569187 0.016499999910593033 0.007475692313164473
v 0.021250000223517418 0.019732346758246422 0.007475692313164473
v 0.021250000223517418 0.019732346758246422 0.007475692313164473
v 0.01924999989569187 0.016499999910593033 0.007475692313164473
v 0.019015545025467873 0.017374999821186066 0.007475692313164473
v 0.021250000223517418 0.019732346758246422 0.007475692313164473
v 0.019015545025467873 0.017374999821186066 0.007475692313164473
v 0.020248744636774063 0.020438101142644882 0.007475692313164473
v 0.020248744636774063 0.020438101142644882 0.007475692313164473
v 0.019015545025467873 0.017374999821186066 0.007475692313164473
v 0.01837499998509884 0.0180155448615551 0.007475692313164473
v 0.020248744636774063 0.020438101142644882 0.007475692313164473
v 0.01837499998509884 0.0180155448615551 0.007475692313164473
v 0.020000003278255463 0.02058660238981247 0.007475692313164473
v 0.020000003278255463 0.02058660238981247 0.007475692313164473
v 0.01837499998509884 0.0180155448615551 0.007475692313164473
v 0.019177112728357315 0.02101227454841137 0.007475692313164473
v 0.019177112728357315 0.02101227454841137 0.007475692313164473
v 0.01837499998509884 0.0180155448615551 0.007475692313164473
v 0.017500000074505806 0.0182499997317791 0.007475692313164473
v 0.019177112728357315 0.02101227454841137 0.007475692313164473
v 0.017500000074505806 0.0182499997317791 0.007475692313164473
v 0.01831439696252346 0.021361345425248146 0.007475692313164473
v 0.014999999664723873 0.021926753222942352 0.007475692313164473
v 0.01593487150967121 0.02188294567167759 0.007475692313164473
v 0.016625000163912773 0.0180155448615551 0.007475692313164473
v 0.016625000163912773 0.0180155448615551 0.007475692313164473
v 0.01593487150967121 0.02188294567167759 0.007475692313164473
v 0.017136050388216972 0.021695883944630623 0.007475692313164473
v 0.016625000163912773 0.0180155448615551 0.007475692313164473
v 0.017136050388216972 0.021695883944630623 0.007475692313164473
v 0.017500000074505806 0.0182499997317791 0.007475692313164473
v 0.017500000074505806 0.0182499997317791 0.007475692313164473
v 0.017136050388216972 0.021695883944630623 0.007475692313164473
v 0.017588192597031593 0.02158590592443943 0.007475692313164473
v 0.017500000074505806 0.0182499997317791 0.007475692313164473
v 0.017588192597031593 0.02158590592443943 0.007475692313164473
v 0.01831439696252346 0.021361345425248146 0.007475692313164473
v -0.0037499999161809683 0.021926753222942352 0.007475692313164473
v -0.006624999921768904 0.0180155448615551 0.007475692313164473
v -0.011250000447034836 0.021926753222942352 0.007475692313164473
v -0.011250000447034836 0.021926753222942352 0.007475692313164473
v -0.006624999921768904 0.0180155448615551 0.007475692313164473
v -0.007499999832361937 0.0182499997317791 0.007475692313164473
v -0.007499999832361937 0.0182499997317791 0.007475692313164473
v -0.008375000208616257 0.0180155448615551 0.007475692313164473
v -0.011250000447034836 0.021926753222942352 0.007475692313164473
v -0.011250000447034836 0.021926753222942352 0.007475692313164473
v -0.008375000208616257 0.0180155448615551 0.007475692313164473
v -0.009015544317662716 0.017374999821186066 0.007475692313164473
v -0.011250000447034836 0.021926753222942352 0.007475692313164473
v -0.009015544317662716 0.017374999821186066 0.007475692313164473
v -0.011250000447034836 0.016499999910593033 0.007475692313164473
v -0.011250000447034836 0.016499999910593033 0.007475692313164473
v -0.009015544317662716 0.017374999821186066 0.007475692313164473
v -0.00925000011920929 0.016499999910593033 0.007475692313164473
v -0.011250000447034836 0.016499999910593033 0.007475692313164473
v -0.00925000011920929 0.016499999910593033 0.007475692313164473
v -0.010964548215270042 0.015064937062561512 0.007475692313164473
v -0.010964548215270042 0.015064937062561512 0.007475692313164473
v -0.00925000011920929 0.016499999910593033 0.007475692313164473
v -0.009015544317662716 0.015625 0.007475692313164473
v -0.010964548215270042 0.015064937062561512 0.007475692313164473
v -0.009015544317662716 0.015625 0.007475692313164473
v -0.010151650756597519 0.013848349452018738 0.007475692313164473
v -0.010151650756597519 0.013848349452018738 0.007475692313164473
v -0.009015544317662716 0.015625 0.007475692313164473
v -0.008375000208616257 0.01498445589095354 0.007475692313164473
v -0.010151650756597519 0.013848349452018738 0.007475692313164473
v -0.008375000208616257 0.01498445589095354 0.007475692313164473
v -0.008935063146054745 0.013035451993346214 0.007475692313164473
v -0.008935063146054745 0.013035451993346214 0.007475692313164473
v -0.008375000208616257 0.01498445589095354 0.007475692313164473
v -0.007499999832361937 0.012749999761581421 0.007475692313164473
v -0.007499999832361937 0.012749999761581421 0.007475692313164473
v -0.008375000208616257 0.01498445589095354 0.007475692313164473
v -0.007499999832361937 0.014750000089406967 0.007475692313164473
v -0.007499999832361937 0.012749999761581421 0.007475692313164473
v -0.007499999832361937 0.014750000089406967 0.007475692313164473
v -0.006064936984330416 0.013035451993346214 0.007475692313164473
v -0.006064936984330416 0.013035451993346214 0.007475692313164473
v -0.007499999832361937 0.014750000089406967 0.007475692313164473
v -0.006624999921768904 0.01498445589095354 0.007475692313164473
v -0.006064936984330416 0.013035451993346214 0.007475692313164473
v -0.006624999921768904 0.01498445589095354 0.007475692313164473
v -0.0048483493737876415 0.013848349452018738 0.007475692313164473
v -0.0048483493737876415 0.013848349452018738 0.007475692313164473
v -0.006624999921768904 0.01498445589095354 0.007475692313164473
v -0.005984455347061157 0.015625 0.007475692313164473
v -0.0048483493737876415 0.013848349452018738 0.007475692313164473
v -0.005984455347061157 0.015625 0.007475692313164473
v -0.004035451915115118 0.015064937062561512 0.007475692313164473
v -0.004035451915115118 0.015064937062561512 0.007475692313164473
v -0.005984455347061157 0.015625 0.007475692313164473
v -0.0037499999161809683 0.016499999910593033 0.007475692313164473
v -0.0037499999161809683 0.016499999910593033 0.007475692313164473
v -0.005984455347061157 0.015625 0.007475692313164473
v -0.005750000011175871 0.016499999910593033 0.007475692313164473
v -0.0037499999161809683 0.016499999910593033 0.007475692313164473
v -0.005750000011175871 0.016499999910593033 0.007475692313164473
v -0.0037499999161809683 0.021926753222942352 0.007475692313164473
v -0.0037499999161809683 0.021926753222942352 0.007475692313164473
v -0.005750000011175871 0.016499999910593033 0.007475692313164473
v -0.005984455347061157 0.017374999821186066 0.007475692313164473
v -0.0037499999161809683 0.021926753222942352 0.007475692313164473
v -0.005984455347061157 0.017374999821186066 0.007475692313164473
v -0.006624999921768904 0.0180155448615551 0.007475692313164473
v -0.009015544317662716 -0.015625 0.007475692313164473
v -0.00925000011920929 -0.016499999910593033 0.007475692313164473
v -0.011250000447034836 -0.016499999910593033 0.007475692313164473
v -0.011250000447034836 -0.016499999910593033 0.007475692313164473
v -0.00925000011920929 -0.016499999910593033 0.007475692313164473
v -0.011250000447034836 -0.021926753222942352 0.007475692313164473
v -0.00925000011920929 -0.016499999910593033 0.007475692313164473
v -0.009015544317662716 -0.017374999821186066 0.007475692313164473
v -0.011250000447034836 -0.021926753222942352 0.007475692313164473
v -0.011250000447034836 -0.021926753222942352 0.007475692313164473
v -0.009015544317662716 -0.017374999821186066 0.007475692313164473
v -0.008375000208616257 -0.0180155448615551 0.007475692313164473
v -0.011250000447034836 -0.021926753222942352 0.007475692313164473
v -0.008375000208616257 -0.0180155448615551 0.007475692313164473
v -0.0037499999161809683 -0.021926753222942352 0.007475692313164473
v -0.0037499999161809683 -0.021926753222942352 0.007475692313164473
v -0.008375000208616257 -0.0180155448615551 0.007475692313164473
v -0.007499999832361937 -0.0182499997317791 0.007475692313164473
v -0.006624999921768904 -0.01498445589095354 0.007475692313164473
v -0.0048483493737876415 -0.013848349452018738 0.007475692313164473
v -0.005984455347061157 -0.015625 0.007475692313164473
v -0.005984455347061157 -0.015625 0.007475692313164473
v -0.0048483493737876415 -0.013848349452018738 0.007475692313164473
v -0.004035451915115118 -0.015064937062561512 0.007475692313164473
v -0.005984455347061157 -0.015625 0.007475692313164473
v -0.004035451915115118 -0.015064937062561512 0.007475692313164473
v -0.005750000011175871 -0.016499999910593033 0.007475692313164473
v -0.005750000011175871 -0.016499999910593033 0.007475692313164473
v -0.004035451915115118 -0.015064937062561512 0.007475692313164473
v -0.0037499999161809683 -0.016499999910593033 0.007475692313164473
v -0.005750000011175871 -0.016499999910593033 0.007475692313164473
v -0.0037499999161809683 -0.016499999910593033 0.007475692313164473
v -0.005984455347061157 -0.017374999821186066 0.007475692313164473
v -0.005984455347061157 -0.017374999821186066 0.007475692313164473
v -0.0037499999161809683 -0.016499999910593033 0.007475692313164473
v -0.0037499999161809683 -0.021926753222942352 0.007475692313164473
v -0.005984455347061157 -0.017374999821186066 0.007475692313164473
v -0.0037499999161809683 -0.021926753222942352 0.007475692313164473
v -0.006624999921768904 -0.0180155448615551 0.007475692313164473
v -0.006624999921768904 -0.0180155448615551 0.007475692313164473
v -0.0037499999161809683 -0.021926753222942352 0.007475692313164473
v -0.007499999832361937 -0.0182499997317791 0.007475692313164473
v -0.011250000447034836 -0.016499999910593033 0.007475692313164473
v -0.010964548215270042 -0.015064937062561512 0.007475692313164473
v -0.009015544317662716 -0.015625 0.007475692313164473
v -0.009015544317662716 -0.015625 0.007475692313164473
v -0.010964548215270042 -0.015064937062561512 0.007475692313164473
v -0.010151650756597519 -0.013848349452018738 0.007475692313164473
v -0.009015544317662716 -0.015625 0.007475692313164473
v -0.010151650756597519 -0.013848349452018738 0.007475692313164473
v -0.008375000208616257 -0.01498445589095354 0.007475692313164473
v -0.008375000208616257 -0.01498445589095354 0.007475692313164473
v -0.010151650756597519 -0.013848349452018738 0.007475692313164473
v -0.008935063146054745 -0.013035451993346214 0.007475692313164473
v -0.008375000208616257 -0.01498445589095354 0.007475692313164473
v -0.008935063146054745 -0.013035451993346214 0.007475692313164473
v -0.007499999832361937 -0.014750000089406967 0.007475692313164473
v -0.007499999832361937 -0.014750000089406967 0.007475692313164473
v -0.008935063146054745 -0.013035451993346214 0.007475692313164473
v -0.007499999832361937 -0.012749999761581421 0.007475692313164473
v -0.007499999832361937 -0.014750000089406967 0.007475692313164473
v -0.007499999832361937 -0.012749999761581421 0.007475692313164473
v -0.006624999921768904 -0.01498445589095354 0.007475692313164473
v -0.006624999921768904 -0.01498445589095354 0.007475692313164473
v -0.007499999832361937 -0.012749999761581421 0.007475692313164473
v -0.006064936984330416 -0.013035451993346214 0.007475692313164473
v -0.006624999921768904 -0.01498445589095354 0.007475692313164473
v -0.006064936984330416 -0.013035451993346214 0.007475692313164473
v -0.0048483493737876415 -0.013848349452018738 0.007475692313164473
v -0.010151650756597519 -0.013848349452018738 0.0014756923774257302
v -0.010964548215270042 -0.015064937062561512 0.0014756923774257302
v -0.011250000447034836 -0.016499999910593033 0.0014756923774257302
v -0.011250000447034836 -0.022115558385849 0.0014756923774257302
v -0.0037499999161809683 -0.022115558385849 0.0014756923774257302
v -0.011250000447034836 -0.016499999910593033 0.0014756923774257302
v -0.011250000447034836 -0.016499999910593033 0.0014756923774257302
v -0.0037499999161809683 -0.022115558385849 0.0014756923774257302
v -0.0037499999161809683 -0.016499999910593033 0.0014756923774257302
v -0.0048483493737876415 -0.013848349452018738 0.0014756923774257302
v -0.006064936984330416 -0.013035451993346214 0.0014756923774257302
v -0.007499999832361937 -0.012749999761581421 0.0014756923774257302
v -0.0037499999161809683 -0.016499999910593033 0.0014756923774257302
v -0.004035451915115118 -0.015064937062561512 0.0014756923774257302
v -0.011250000447034836 -0.016499999910593033 0.0014756923774257302
v -0.011250000447034836 -0.016499999910593033 0.0014756923774257302
v -0.004035451915115118 -0.015064937062561512 0.0014756923774257302
v -0.0048483493737876415 -0.013848349452018738 0.0014756923774257302
v -0.011250000447034836 -0.016499999910593033 0.0014756923774257302
v -0.0048483493737876415 -0.013848349452018738 0.0014756923774257302
v -0.010151650756597519 -0.013848349452018738 0.0014756923774257302
v -0.010151650756597519 -0.013848349452018738 0.0014756923774257302
v -0.0048483493737876415 -0.013848349452018738 0.0014756923774257302
v -0.007499999832361937 -0.012749999761581421 0.0014756923774257302
v -0.010151650756597519 -0.013848349452018738 0.0014756923774257302
v -0.007499999832361937 -0.012749999761581421 0.0014756923774257302
v -0.008935063146054745 -0.013035451993346214 0.0014756923774257302
v -0.0037499999161809683 0.016499999910593033 0.0014756923774257302
v -0.0037499999161809683 0.022115558385849 0.0014756923774257302
v -0.011250000447034836 0.022115558385849 0.0014756923774257302
v -0.011250000447034836 0.022115558385849 0.0014756923774257302
v -0.011250000447034836 0.016499999910593033 0.0014756923774257302
v -0.0037499999161809683 0.016499999910593033 0.0014756923774257302
v -0.0037499999161809683 0.016499999910593033 0.0014756923774257302
v -0.011250000447034836 0.016499999910593033 0.0014756923774257302
v -0.0048483493737876415 0.013848349452018738 0.0014756923774257302
v -0.0037499999161809683 0.016499999910593033 0.0014756923774257302
v -0.0048483493737876415 0.013848349452018738 0.0014756923774257302
v -0.004035451915115118 0.015064937062561512 0.0014756923774257302
v -0.011250000447034836 0.016499999910593033 0.0014756923774257302
v -0.010964548215270042 0.015064937062561512 0.0014756923774257302
v -0.010151650756597519 0.013848349452018738 0.0014756923774257302
v -0.006064936984330416 0.013035451993346214 0.0014756923774257302
v -0.0048483493737876415 0.013848349452018738 0.0014756923774257302
v -0.007499999832361937 0.012749999761581421 0.0014756923774257302
v -0.007499999832361937 0.012749999761581421 0.0014756923774257302
v -0.0048483493737876415 0.013848349452018738 0.0014756923774257302
v -0.011250000447034836 0.016499999910593033 0.0014756923774257302
v -0.007499999832361937 0.012749999761581421 0.0014756923774257302
v -0.011250000447034836 0.016499999910593033 0.0014756923774257302
v -0.008935063146054745 0.013035451993346214 0.0014756923774257302
v -0.008935063146054745 0.013035451993346214 0.0014756923774257302
v -0.011250000447034836 0.016499999910593033 0.0014756923774257302
v -0.010151650756597519 0.013848349452018738 0.0014756923774257302
v 0.013749999925494194 0.016499999910593033 0.0014756923774257302
v 0.014035452157258987 0.015064937062561512 0.0014756923774257302
v 0.014848349615931511 0.013848349452018738 0.0014756923774257302
v 0.014848349615931511 0.013848349452018738 0.0014756923774257302
v 0.017588190734386444 0.021774813532829285 0.0014756923774257302
v 0.017135245725512505 0.02188493311405182 0.0014756923774257302
v 0.021250000223517418 0.01992177963256836 0.0014756923774257302
v 0.020248593762516975 0.020627431571483612 0.0014756923774257302
v 0.021250000223517418 0.016499999910593033 0.0014756923774257302
v 0.021250000223517418 0.016499999910593033 0.0014756923774257302
v 0.020248593762516975 0.020627431571483612 0.0014756923774257302
v 0.01606493629515171 0.013035451993346214 0.0014756923774257302
v 0.013749999925494194 0.022115558385849 0.0014756923774257302
v 0.013749999925494194 0.016499999910593033 0.0014756923774257302
v 0.014999999664723873 0.022115558385849 0.0014756923774257302
v 0.014999999664723873 0.022115558385849 0.0014756923774257302
v 0.013749999925494194 0.016499999910593033 0.0014756923774257302
v 0.014848349615931511 0.013848349452018738 0.0014756923774257302
v 0.014999999664723873 0.022115558385849 0.0014756923774257302
v 0.014848349615931511 0.013848349452018738 0.0014756923774257302
v 0.015933865681290627 0.022071857005357742 0.0014756923774257302
v 0.015933865681290627 0.022071857005357742 0.0014756923774257302
v 0.014848349615931511 0.013848349452018738 0.0014756923774257302
v 0.017135245725512505 0.02188493311405182 0.0014756923774257302
v 0.020248593762516975 0.020627431571483612 0.0014756923774257302
v 0.019999999552965164 0.020775796845555305 0.0014756923774257302
v 0.01606493629515171 0.013035451993346214 0.0014756923774257302
v 0.01606493629515171 0.013035451993346214 0.0014756923774257302
v 0.019999999552965164 0.020775796845555305 0.0014756923774257302
v 0.01917680725455284 0.021201487630605698 0.0014756923774257302
v 0.01606493629515171 0.013035451993346214 0.0014756923774257302
v 0.01917680725455284 0.021201487630605698 0.0014756923774257302
v 0.014848349615931511 0.013848349452018738 0.0014756923774257302
v 0.014848349615931511 0.013848349452018738 0.0014756923774257302
v 0.01917680725455284 0.021201487630605698 0.0014756923774257302
v 0.018313797190785408 0.021550526842474937 0.0014756923774257302
v 0.014848349615931511 0.013848349452018738 0.0014756923774257302
v 0.018313797190785408 0.021550526842474937 0.0014756923774257302
v 0.017588190734386444 0.021774813532829285 0.0014756923774257302
v 0.0201516505330801 0.013848349452018738 0.0014756923774257302
v 0.020964547991752625 0.015064937062561512 0.0014756923774257302
v 0.018935061991214752 0.013035451993346214 0.0014756923774257302
v 0.018935061991214752 0.013035451993346214 0.0014756923774257302
v 0.020964547991752625 0.015064937062561512 0.0014756923774257302
v 0.021250000223517418 0.016499999910593033 0.0014756923774257302
v 0.018935061991214752 0.013035451993346214 0.0014756923774257302
v 0.021250000223517418 0.016499999910593033 0.0014756923774257302
v 0.017500000074505806 0.012749999761581421 0.0014756923774257302
v 0.017500000074505806 0.012749999761581421 0.0014756923774257302
v 0.021250000223517418 0.016499999910593033 0.0014756923774257302
v 0.01606493629515171 0.013035451993346214 0.0014756923774257302
v 0.013749999925494194 -0.016499999910593033 0.0014756923774257302
v 0.013749999925494194 -0.022115558385849 0.0014756923774257302
v 0.014999999664723873 -0.022115558385849 0.0014756923774257302
v 0.013749999925494194 -0.016499999910593033 0.0014756923774257302
v 0.014999999664723873 -0.022115558385849 0.0014756923774257302
v 0.014035452157258987 -0.015064937062561512 0.0014756923774257302
v 0.014035452157258987 -0.015064937062561512 0.0014756923774257302
v 0.014999999664723873 -0.022115558385849 0.0014756923774257302
v 0.014848349615931511 -0.013848349452018738 0.0014756923774257302
v 0.014848349615931511 -0.013848349452018738 0.0014756923774257302
v 0.014999999664723873 -0.022115558385849 0.0014756923774257302
v 0.016222750768065453 -0.02204051986336708 0.0014756923774257302
v 0.014848349615931511 -0.013848349452018738 0.0014756923774257302
v 0.016222750768065453 -0.02204051986336708 0.0014756923774257302
v 0.01741819642484188 -0.021818768233060837 0.0014756923774257302
v 0.01741819642484188 -0.021818768233060837 0.0014756923774257302
v 0.017588190734386444 -0.021774813532829285 0.0014756923774257302
v 0.014848349615931511 -0.013848349452018738 0.0014756923774257302
v 0.014848349615931511 -0.013848349452018738 0.0014756923774257302
v 0.017588190734386444 -0.021774813532829285 0.0014756923774257302
v 0.018310025334358215 -0.02155185118317604 0.0014756923774257302
v 0.014848349615931511 -0.013848349452018738 0.0014756923774257302
v 0.018310025334358215 -0.02155185118317604 0.0014756923774257302
v 0.01606493629515171 -0.013035451993346214 0.0014756923774257302
v 0.01606493629515171 -0.013035451993346214 0.0014756923774257302
v 0.018310025334358215 -0.02155185118317604 0.0014756923774257302
v 0.019439036026597023 -0.021076291799545288 0.0014756923774257302
v 0.01606493629515171 -0.013035451993346214 0.0014756923774257302
v 0.019439036026597023 -0.021076291799545288 0.0014756923774257302
v 0.019999999552965164 -0.020775796845555305 0.0014756923774257302
v 0.019999999552965164 -0.020775796845555305 0.0014756923774257302
v 0.02049368992447853 -0.02047133818268776 0.0014756923774257302
v 0.01606493629515171 -0.013035451993346214 0.0014756923774257302
v 0.01606493629515171 -0.013035451993346214 0.0014756923774257302
v 0.02049368992447853 -0.02047133818268776 0.0014756923774257302
v 0.021250000223517418 -0.01992177963256836 0.0014756923774257302
v 0.01606493629515171 -0.013035451993346214 0.0014756923774257302
v 0.021250000223517418 -0.01992177963256836 0.0014756923774257302
v 0.021250000223517418 -0.016499999910593033 0.0014756923774257302
v 0.017500000074505806 -0.012749999761581421 0.0014756923774257302
v 0.01606493629515171 -0.013035451993346214 0.0014756923774257302
v 0.018935061991214752 -0.013035451993346214 0.0014756923774257302
v 0.018935061991214752 -0.013035451993346214 0.0014756923774257302
v 0.01606493629515171 -0.013035451993346214 0.0014756923774257302
v 0.021250000223517418 -0.016499999910593033 0.0014756923774257302
v 0.018935061991214752 -0.013035451993346214 0.0014756923774257302
v 0.021250000223517418 -0.016499999910593033 0.0014756923774257302
v 0.0201516505330801 -0.013848349452018738 0.0014756923774257302
v 0.0201516505330801 -0.013848349452018738 0.0014756923774257302
v 0.021250000223517418 -0.016499999910593033 0.0014756923774257302
v 0.020964547991752625 -0.015064937062561512 0.0014756923774257302
v -0.0037499999161809683 -0.021926753222942352 0.007475692313164473
v -0.0037499999161809683 -0.016499999910593033 0.007475692313164473
v -0.0037499999161809683 -0.022115716710686684 0.0015130642568692565
v -0.0037499999161809683 -0.022115716710686684 0.0015130642568692565
v -0.0037499999161809683 -0.016499999910593033 0.007475692313164473
v -0.0037499999161809683 -0.016499999910593033 0.0014756923774257302
v -0.0037499999161809683 -0.022115716710686684 0.0015130642568692565
v -0.0037499999161809683 -0.016499999910593033 0.0014756923774257302
v -0.0037499999161809683 -0.022115558385849 0.0014756923774257302
v -0.011250000447034836 -0.022115558385849 0.0014756923774257302
v -0.011250000447034836 -0.016499999910593033 0.0014756923774257302
v -0.011250000447034836 -0.022115716710686684 0.0015130642568692565
v -0.011250000447034836 -0.022115716710686684 0.0015130642568692565
v -0.011250000447034836 -0.016499999910593033 0.0014756923774257302
v -0.011250000447034836 -0.016499999910593033 0.007475692313164473
v -0.011250000447034836 -0.022115716710686684 0.0015130642568692565
v -0.011250000447034836 -0.016499999910593033 0.007475692313164473
v -0.011250000447034836 -0.021926753222942352 0.007475692313164473
v -0.011250000447034836 0.021960733458399773 0.006424183025956154
v -0.011250000447034836 0.021926753222942352 0.007475692313164473
v -0.011250000447034836 0.016499999910593033 0.007475692313164473
v -0.011250000447034836 0.021960733458399773 0.006424183025956154
v -0.011250000447034836 0.016499999910593033 0.007475692313164473
v -0.011250000447034836 0.022115547209978104 0.0018411552300676703
v -0.011250000447034836 0.022115547209978104 0.0018411552300676703
v -0.011250000447034836 0.016499999910593033 0.007475692313164473
v -0.011250000447034836 0.016499999910593033 0.0014756923774257302
v -0.011250000447034836 0.022115547209978104 0.0018411552300676703
v -0.011250000447034836 0.016499999910593033 0.0014756923774257302
v -0.011250000447034836 0.022115558385849 0.0014756923774257302
v -0.0037499999161809683 0.022115558385849 0.0014756923774257302
v -0.0037499999161809683 0.016499999910593033 0.0014756923774257302
v -0.0037499999161809683 0.022115547209978104 0.0018411552300676703
v -0.0037499999161809683 0.022115547209978104 0.0018411552300676703
v -0.0037499999161809683 0.016499999910593033 0.0014756923774257302
v -0.0037499999161809683 0.016499999910593033 0.007475692313164473
v -0.0037499999161809683 0.022115547209978104 0.0018411552300676703
v -0.0037499999161809683 0.016499999910593033 0.007475692313164473
v -0.0037499999161809683 0.021960733458399773 0.006424183025956154
v -0.0037499999161809683 0.021960733458399773 0.006424183025956154
v -0.0037499999161809683 0.016499999910593033 0.007475692313164473
v -0.0037499999161809683 0.021926753222942352 0.007475692313164473
v 0.013749999925494194 0.021960733458399773 0.006424183025956154
v 0.013749999925494194 0.021926753222942352 0.007475692313164473
v 0.013749999925494194 0.016499999910593033 0.007475692313164473
v 0.013749999925494194 0.021960733458399773 0.006424183025956154
v 0.013749999925494194 0.016499999910593033 0.007475692313164473
v 0.013749999925494194 0.022115547209978104 0.0018411552300676703
v 0.013749999925494194 0.022115547209978104 0.0018411552300676703
v 0.013749999925494194 0.016499999910593033 0.007475692313164473
v 0.013749999925494194 0.016499999910593033 0.0014756923774257302
v 0.013749999925494194 0.022115547209978104 0.0018411552300676703
v 0.013749999925494194 0.016499999910593033 0.0014756923774257302
v 0.013749999925494194 0.022115558385849 0.0014756923774257302
v 0.021250000223517418 0.019732346758246422 0.007475692313164473
v 0.021250000223517418 0.019736947491765022 0.00729487556964159
v 0.021250000223517418 0.016499999910593033 0.007475692313164473
v 0.021250000223517418 0.016499999910593033 0.007475692313164473
v 0.021250000223517418 0.019736947491765022 0.00729487556964159
v 0.021250000223517418 0.01980394870042801 0.005481323692947626
v 0.021250000223517418 0.016499999910593033 0.007475692313164473
v 0.021250000223517418 0.01980394870042801 0.005481323692947626
v 0.021250000223517418 0.016499999910593033 0.0014756923774257302
v 0.021250000223517418 0.016499999910593033 0.0014756923774257302
v 0.021250000223517418 0.01980394870042801 0.005481323692947626
v 0.021250000223517418 0.01988321729004383 0.003571499604731798
v 0.021250000223517418 0.016499999910593033 0.0014756923774257302
v 0.021250000223517418 0.01988321729004383 0.003571499604731798
v 0.021250000223517418 0.01992177963256836 0.0014756923774257302
v 0.021250000223517418 -0.019732346758246422 0.007475692313164473
v 0.021250000223517418 -0.016499999910593033 0.007475692313164473
v 0.021250000223517418 -0.019871803000569344 0.003879111260175705
v 0.021250000223517418 -0.019871803000569344 0.003879111260175705
v 0.021250000223517418 -0.016499999910593033 0.007475692313164473
v 0.021250000223517418 -0.016499999910593033 0.0014756923774257302
v 0.021250000223517418 -0.019871803000569344 0.003879111260175705
v 0.021250000223517418 -0.016499999910593033 0.0014756923774257302
v 0.021250000223517418 -0.019918974488973618 0.002161208773031831
v 0.021250000223517418 -0.019918974488973618 0.002161208773031831
v 0.021250000223517418 -0.016499999910593033 0.0014756923774257302
v 0.021250000223517418 -0.01992177963256836 0.0014756923774257302
v 0.013749999925494194 -0.022115558385849 0.0014756923774257302
v 0.013749999925494194 -0.016499999910593033 0.0014756923774257302
v 0.013749999925494194 -0.022115716710686684 0.0015130642568692565
v 0.013749999925494194 -0.022115716710686684 0.0015130642568692565
v 0.013749999925494194 -0.016499999910593033 0.0014756923774257302
v 0.013749999925494194 -0.016499999910593033 0.007475692313164473
v 0.013749999925494194 -0.022115716710686684 0.0015130642568692565
v 0.013749999925494194 -0.016499999910593033 0.007475692313164473
v 0.013749999925494194 -0.021926753222942352 0.007475692313164473
f 1 2 3
f 4 5 6
f 7 8 9
f 10 11 12
f 13 14 15
f 16 17 18
f 19 20 21
f 22 23 24
f 25 26 27
f 28 29 30
f 31 32 33
f 34 35 36
f 37 38 39
f 40 41 42
f 43 44 45
f 46 47 48
f 49 50 51
f 52 53 54
f 55 56 57
f 58 59 60
f 61 62 63
f 64 65 66
f 67 68 69
f 70 71 72
f 73 74 75
f 76 77 78
f 79 80 81
f 82 83 84
f 85 86 87
f 88 89 90
f 91 92 93
f 94 95 96
f 97 98 99
f 100 101 102
f 103 104 105
f 106 107 108
f 109 110 111
f 112 113 114
f 115 116 117
f 118 119 120
f 121 122 123
f 124 125 126
f 127 128 129
f 130 131 132
f 133 134 135
f 136 137 138
f 139 140 141
f 142 143 144
f 145 146 147
f 148 149 150
f 151 152 153
f 154 155 156
f 157 158 159
f 160 161 162
f 163 164 165
f 166 167 168
f 169 170 171
f 172 173 174
f 175 176 177
f 178 179 180
f 181 182 183
f 184 185 186
f 187 188 189
f 190 191 192
f 193 194 195
f 196 197 198
f 199 200 201
f 202 203 204
f 205 206 207
f 208 209 210
f 211 212 213
f 214 215 216
f 217 218 219
f 220 221 222
f 223 224 225
f 226 227 228
f 229 230 231
f 232 233 234
f 235 236 237
f 238 239 240
f 241 242 243
f 244 245 246
f 247 248 249
f 250 251 252
f 253 254 255
f 256 257 258
f 259 260 261
f 262 263 264
f 265 266 267
f 268 269 270
f 271 272 273
f 274 275 276
f 277 278 279
f 280 281 282
f 283 284 285
f 286 287 288
f 289 290 291
f 292 293 294
f 295 296 297
f 298 299 300
f 301 302 303
f 304 305 306
f 307 308 309
f 310 311 312
f 313 314 315
f 316 317 318
f 319 320 321
f 322 323 324
f 325 326 327
f 328 329 330
f 331 332 333
f 334 335 336
f 337 338 339
f 340 341 342
f 343 344 345
f 346 347 348
f 349 350 351
f 352 353 354
f 355 356 357
f 358 359 360
f 361 362 363
f 364 365 366
f 367 368 369
f 370 371 372
f 373 374 375
f 376 377 378
f 379 380 381
f 382 383 384
f 385 386 387
f 388 389 390
f 391 392 393
f 394 395 396
f 397 398 399
f 400 401 402
f 403 404 405
f 406 407 408
f 409 410 411
f 412 413 414
f 415 416 417
f 418 419 420
f 421 422 423
f 424 425 426
f 427 428 429
f 430 431 432
f 433 434 435
f 436 437 438
f 439 440 441
f 442 443 444
f 445 446 447
f 448 449 450
f 451 452 453
f 454 455 456
f 457 458 459
f 460 461 462
f 463 464 465
f 466 467 468
f 469 470 471
f 472 473 474
f 475 476 477
f 478 479 480
f 481 482 483
f 484 485 486
f 487 488 489
f 490 491 492
f 493 494 495
f 496 497 498
f 499 500 501
f 502 503 504
f 505 506 507
f 508 509 510
f 511 512 513
f 514 515 516
f 517 518 519
f 520 521 522
f 523 524 525
f 526 527 528
f 529 530 531
f 532 533 534
f 535 536 537
f 538 539 540
f 541 542 543
f 544 545 546
f 547 548 549
f 550 551 552
f 553 554 555
f 556 557 558
f 559 560 561
f 562 563 564
f 565 566 567
f 568 569 570
f 571 572 573
f 574 575 576
f 577 578 579
f 580 581 582
f 583 584 585
f 586 587 588
f 589 590 591
f 592 593 594
f 595 596 597
f 598 599 600
f 601 602 603
f 604 605 606
f 607 608 609
f 610 611 612
f 613 614 615
f 616 617 618
f 619 620 621
f 622 623 624
f 625 626 627
f 628 629 630
f 631 632 633
f 634 635 636
f 637 638 639
f 640 641 642
f 643 644 645
f 646 647 648
f 649 650 651
f 652 653 654
f 655 656 657
f 658 659 660
f 661 662 663
f 664 665 666
f 667 668 669
f 670 671 672
f 673 674 675
f 676 677 678
f 679 680 681
f 682 683 684
f 685 686 687
f 688 689 690
f 691 692 693
f 694 695 696
f 697 698 699
f 700 701 702
f 703 704 705
f 706 707 708
f 709 710 711
f 712 713 714
f 715 716 717
f 718 719 720
f 721 722 723
f 724 725 726
f 727 728 729
f 730 731 732
f 733 734 735
f 736 737 738
f 739 740 741
f 742 743 744
f 745 746 747
f 748 749 750
f 751 752 753
f 754 755 756
f 757 758 759
f 760 761 762
f 763 764 765
f 766 767 768
f 769 770 771
f 772 773 774
f 775 776 777
f 778 779 780
f 781 782 783
f 784 785 786
f 787 788 789
f 790 791 792
f 793 794 795
f 796 797 798
f 799 800 801
f 802 803 804
f 805 806 807
f 808 809 810
f 811 812 813
f 814 815 816
f 817 818 819
f 820 821 822
f 823 824 825
f 826 827 828
f 829 830 831
f 832 833 834
f 835 836 837
f 838 839 840
f 841 842 843
f 844 845 846
f 847 848 849
f 850 851 852
f 853 854 855
f 856 857 858
f 859 860 861
f 862 863 864
f 865 866 867
f 868 869 870
f 871 872 873
f 874 875 876
f 877 878 879
f 880 881 882
f 883 884 885
f 886 887 888
f 889 890 891
f 892 893 894
f 895 896 897
f 898 899 900
f 901 902 903
f 904 905 906
f 907 908 909
f 910 911 912
f 913 914 915
f 916 917 918
f 919 920 921
f 922 923 924
f 925 926 927
f 928 929 930
f 931 932 933
f 934 935 936
f 937 938 939
f 940 941 942
f 943 944 945
f 946 947 948
f 949 950 951
f 952 953 954
f 955 956 957
f 958 959 960
f 961 962 963
f 964 965 966
f 967 968 969
f 970 971 972
f 973 974 975
f 976 977 978
f 979 980 981
f 982 983 984
f 985 986 987
f 988 989 990
f 991 992 993
f 994 995 996
f 997 998 999
f 1000 1001 1002
f 1003 1004 1005
f 1006 1007 1008
f 1009 1010 1011
f 1012 1013 1014
f 1015 1016 1017
f 1018 1019 1020
f 1021 1022 1023
f 1024 1025 1026
f 1027 1028 1029
f 1030 1031 1032
f 1033 1034 1035
f 1036 1037 1038
f 1039 1040 1041
f 1042 1043 1044
f 1045 1046 1047
f 1048 1049 1050
f 1051 1052 1053
f 1054 1055 1056
f 1057 1058 1059
f 1060 1061 1062
f 1063 1064 1065
f 1066 1067 1068
f 1069 1070 1071
f 1072 1073 1074
f 1075 1076 1077
f 1078 1079 1080
f 1081 1082 1083
f 1084 1085 1086
f 1087 1088 1089
f 1090 1091 1092
f 1093 1094 1095
f 1096 1097 1098
f 1099 1100 1101
f 1102 1103 1104
f 1105 1106 1107
f 1108 1109 1110
f 1111 1112 1113
f 1114 1115 1116
f 1117 1118 1119
f 1120 1121 1122
f 1123 1124 1125
f 1126 1127 1128
f 1129 1130 1131
f 1132 1133 1134
f 1135 1136 1137
f 1138 1139 1140
f 1141 1142 1143
f 1144 1145 1146
f 1147 1148 1149
f 1150 1151 1152
f 1153 1154 1155
f 1156 1157 1158
f 1159 1160 1161
f 1162 1163 1164
f 1165 1166 1167
f 1168 1169 1170
f 1171 1172 1173
f 1174 1175 1176
f 1177 1178 1179
f 1180 1181 1182
f 1183 1184 1185
f 1186 1187 1188
f 1189 1190 1191
f 1192 1193 1194
f 1195 1196 1197
f 1198 1199 1200
f 1201 1202 1203
f 1204 1205 1206
f 1207 1208 1209
f 1210 1211 1212
f 1213 1214 1215
f 1216 1217 1218
f 1219 1220 1221
f 1222 1223 1224
f 1225 1226 1227
f 1228 1229 1230
f 1231 1232 1233
f 1234 1235 1236
f 1237 1238 1239
f 1240 1241 1242
f 1243 1244 1245
f 1246 1247 1248
f 1249 1250 1251
f 1252 1253 1254
f 1255 1256 1257
f 1258 1259 1260
f 1261 1262 1263
f 1264 1265 1266
f 1267 1268 1269
f 1270 1271 1272
f 1273 1274 1275
f 1276 1277 1278
f 1279 1280 1281
f 1282 1283 1284
f 1285 1286 1287
f 1288 1289 1290
f 1291 1292 1293
f 1294 1295 1296
f 1297 1298 1299
f 1300 1301 1302
f 1303 1304 1305
f 1306 1307 1308
f 1309 1310 1311
f 1312 1313 1314
f 1315 1316 1317
f 1318 1319 1320
f 1321 1322 1323
f 1324 1325 1326
f 1327 1328 1329
f 1330 1331 1332
f 1333 1334 1335
f 1336 1337 1338
f 1339 1340 1341
f 1342 1343 1344
f 1345 1346 1347
f 1348 1349 1350
f 1351 1352 1353
f 1354 1355 1356
f 1357 1358 1359
f 1360 1361 1362
f 1363 1364 1365
f 1366 1367 1368
f 1369 1370 1371
f 1372 1373 1374
f 1375 1376 1377
f 1378 1379 1380
f 1381 1382 1383
f 1384 1385 1386
f 1387 1388 1389
f 1390 1391 1392
f 1393 1394 1395
f 1396 1397 1398
f 1399 1400 1401
f 1402 1403 1404
f 1405 1406 1407
f 1408 1409 1410
f 1411 1412 1413
f 1414 1415 1416
f 1417 1418 1419
f 1420 1421 1422
f 1423 1424 1425
f 1426 1427 1428
f 1429 1430 1431
f 1432 1433 1434
f 1435 1436 1437
f 1438 1439 1440
f 1441 1442 1443
f 1444 1445 1446
f 1447 1448 1449
f 1450 1451 1452
f 1453 1454 1455
f 1456 1457 1458
f 1459 1460 1461
f 1462 1463 1464
f 1465 1466 1467
f 1468 1469 1470
f 1471 1472 1473
f 1474 1475 1476
f 1477 1478 1479
f 1480 1481 1482
f 1483 1484 1485
f 1486 1487 1488
f 1489 1490 1491
f 1492 1493 1494
f 1495 1496 1497
f 1498 1499 1500
f 1501 1502 1503
f 1504 1505 1506
f 1507 1508 1509
f 1510 1511 1512
f 1513 1514 1515
f 1516 1517 1518
f 1519 1520 1521
f 1522 1523 1524
f 1525 1526 1527
f 1528 1529 1530
f 1531 1532 1533
f 1534 1535 1536
f 1537 1538 1539
f 1540 1541 1542
f 1543 1544 1545
f 1546 1547 1548
f 1549 1550 1551
f 1552 1553 1554
f 1555 1556 1557
f 1558 1559 1560
f 1561 1562 1563
f 1564 1565 1566
f 1567 1568 1569
f 1570 1571 1572
f 1573 1574 1575
f 1576 1577 1578
f 1579 1580 1581
f 1582 1583 1584
f 1585 1586 1587
f 1588 1589 1590
f 1591 1592 1593
f 1594 1595 1596
f 1597 1598 1599
f 1600 1601 1602
f 1603 1604 1605
f 1606 1607 1608
f 1609 1610 1611
f 1612 1613 1614
f 1615 1616 1617
f 1618 1619 1620
f 1621 1622 1623
f 1624 1625 1626
f 1627 1628 1629
f 1630 1631 1632
f 1633 1634 1635
f 1636 1637 1638
f 1639 1640 1641
f 1642 1643 1644
f 1645 1646 1647
f 1648 1649 1650
f 1651 1652 1653
f 1654 1655 1656
f 1657 1658 1659
f 1660 1661 1662
f 1663 1664 1665
f 1666 1667 1668
f 1669 1670 1671
f 1672 1673 1674
f 1675 1676 1677
f 1678 1679 1680
f 1681 1682 1683
f 1684 1685 1686
f 1687 1688 1689
f 1690 1691 1692
f 1693 1694 1695
f 1696 1697 1698
f 1699 1700 1701
f 1702 1703 1704
f 1705 1706 1707
f 1708 1709 1710
f 1711 1712 1713
f 1714 1715 1716
f 1717 1718 1719
f 1720 1721 1722
f 1723 1724 1725
f 1726 1727 1728
f 1729 1730 1731
f 1732 1733 1734
f 1735 1736 1737
f 1738 1739 1740
f 1741 1742 1743
f 1744 1745 1746
f 1747 1748 1749
f 1750 1751 1752
f 1753 1754 1755
f 1756 1757 1758
f 1759 1760 1761
f 1762 1763 1764
f 1765 1766 1767
f 1768 1769 1770
f 1771 1772 1773
f 1774 1775 1776
f 1777 1778 1779
f 1780 1781 1782
f 1783 1784 1785
f 1786 1787 1788
f 1789 1790 1791
f 1792 1793 1794
f 1795 1796 1797
f 1798 1799 1800
f 1801 1802 1803
f 1804 1805 1806
f 1807 1808 1809
f 1810 1811 1812
f 1813 1814 1815
f 1816 1817 1818
f 1819 1820 1821
f 1822 1823 1824
f 1825 1826 1827
f 1828 1829 1830
f 1831 1832 1833
f 1834 1835 1836
f 1837 1838 1839
f 1840 1841 1842
f 1843 1844 1845
f 1846 1847 1848
f 1849 1850 1851
f 1852 1853 1854
f 1855 1856 1857
f 1858 1859 1860
f 1861 1862 1863
f 1864 1865 1866
f 1867 1868 1869
f 1870 1871 1872
f 1873 1874 1875
f 1876 1877 1878
f 1879 1880 1881
f 1882 1883 1884
f 1885 1886 1887
f 1888 1889 1890
f 1891 1892 1893
f 1894 1895 1896
f 1897 1898 1899
f 1900 1901 1902
f 1903 1904 1905
f 1906 1907 1908
f 1909 1910 1911
f 1912 1913 1914
f 1915 1916 1917
f 1918 1919 1920
f 1921 1922 1923
f 1924 1925 1926
f 1927 1928 1929
f 1930 1931 1932
f 1933 1934 1935
f 1936 1937 1938
f 1939 1940 1941
f 1942 1943 1944
f 1945 1946 1947
f 1948 1949 1950
f 1951 1952 1953
f 1954 1955 1956
f 1957 1958 1959
f 1960 1961 1962
f 1963 1964 1965
f 1966 1967 1968
f 1969 1970 1971
f 1972 1973 1974
f 1975 1976 1977
f 1978 1979 1980
f 1981 1982 1983
f 1984 1985 1986
f 1987 1988 1989
f 1990 1991 1992
f 1993 1994 1995
f 1996 1997 1998
f 1999 2000 2001
f 2002 2003 2004
f 2005 2006 2007
f 2008 2009 2010
f 2011 2012 2013
f 2014 2015 2016
f 2017 2018 2019
f 2020 2021 2022
f 2023 2024 2025
f 2026 2027 2028
f 2029 2030 2031
f 2032 2033 2034
f 2035 2036 2037
f 2038 2039 2040
f 2041 2042 2043
f 2044 2045 2046
f 2047 2048 2049
f 2050 2051 2052
f 2053 2054 2055
f 2056 2057 2058
f 2059 2060 2061
f 2062 2063 2064
f 2065 2066 2067
f 2068 2069 2070
f 2071 2072 2073
f 2074 2075 2076
f 2077 2078 2079
f 2080 2081 2082
f 2083 2084 2085
f 2086 2087 2088
f 2089 2090 2091
f 2092 2093 2094
f 2095 2096 2097
f 2098 2099 2100
f 2101 2102 2103
f 2104 2105 2106
f 2107 2108 2109
f 2110 2111 2112
f 2113 2114 2115
f 2116 2117 2118
f 2119 2120 2121
f 2122 2123 2124
f 2125 2126 2127
f 2128 2129 2130
f 2131 2132 2133
f 2134 2135 2136
f 2137 2138 2139
f 2140 2141 2142
f 2143 2144 2145
f 2146 2147 2148
f 2149 2150 2151
f 2152 2153 2154
f 2155 2156 2157
f 2158 2159 2160
f 2161 2162 2163
f 2164 2165 2166
f 2167 2168 2169
f 2170 2171 2172
f 2173 2174 2175
f 2176 2177 2178
f 2179 2180 2181
f 2182 2183 2184
f 2185 2186 2187
f 2188 2189 2190
f 2191 2192 2193
f 2194 2195 2196
f 2197 2198 2199
f 2200 2201 2202
f 2203 2204 2205
f 2206 2207 2208
f 2209 2210 2211
f 2212 2213 2214
f 2215 2216 2217
f 2218 2219 2220
f 2221 2222 2223
f 2224 2225 2226
f 2227 2228 2229
f 2230 2231 2232
f 2233 2234 2235
f 2236 2237 2238
f 2239 2240 2241
f 2242 2243 2244
f 2245 2246 2247
f 2248 2249 2250
f 2251 2252 2253
f 2254 2255 2256
f 2257 2258 2259
f 2260 2261 2262
f 2263 2264 2265
f 2266 2267 2268
f 2269 2270 2271
f 2272 2273 2274
f 2275 2276 2277
f 2278 2279 2280
f 2281 2282 2283
f 2284 2285 2286
f 2287 2288 2289
f 2290 2291 2292
f 2293 2294 2295
f 2296 2297 2298
f 2299 2300 2301
f 2302 2303 2304
f 2305 2306 2307
f 2308 2309 2310
f 2311 2312 2313
f 2314 2315 2316
f 2317 2318 2319
f 2320 2321 2322
f 2323 2324 2325
f 2326 2327 2328
f 2329 2330 2331
f 2332 2333 2334
f 2335 2336 2337
f 2338 2339 2340
f 2341 2342 2343
f 2344 2345 2346
f 2347 2348 2349
f 2350 2351 2352
f 2353 2354 2355
f 2356 2357 2358
f 2359 2360 2361
f 2362 2363 2364
f 2365 2366 2367
f 2368 2369 2370
f 2371 2372 2373
f 2374 2375 2376
f 2377 2378 2379
f 2380 2381 2382
f 2383 2384 2385
f 2386 2387 2388
f 2389 2390 2391
f 2392 2393 2394
f 2395 2396 2397
f 2398 2399 2400
f 2401 2402 2403
f 2404 2405 2406
f 2407 2408 2409
f 2410 2411 2412
f 2413 2414 2415
f 2416 2417 2418
f 2419 2420 2421
f 2422 2423 2424
f 2425 2426 2427
f 2428 2429 2430
f 2431 2432 2433
f 2434 2435 2436
f 2437 2438 2439
f 2440 2441 2442
f 2443 2444 2445
f 2446 2447 2448
f 2449 2450 2451
f 2452 2453 2454
f 2455 2456 2457
f 2458 2459 2460
f 2461 2462 2463
f 2464 2465 2466
f 2467 2468 2469
f 2470 2471 2472
f 2473 2474 2475
f 2476 2477 2478
f 2479 2480 2481
f 2482 2483 2484
f 2485 2486 2487
f 2488 2489 2490
f 2491 2492 2493
f 2494 2495 2496
f 2497 2498 2499
f 2500 2501 2502
f 2503 2504 2505
f 2506 2507 2508
f 2509 2510 2511
f 2512 2513 2514
f 2515 2516 2517
f 2518 2519 2520
f 2521 2522 2523
f 2524 2525 2526
f 2527 2528 2529
f 2530 2531 2532
f 2533 2534 2535
f 2536 2537 2538
f 2539 2540 2541
f 2542 2543 2544
f 2545 2546 2547
f 2548 2549 2550
f 2551 2552 2553
f 2554 2555 2556
f 2557 2558 2559
f 2560 2561 2562
f 2563 2564 2565
f 2566 2567 2568
f 2569 2570 2571
f 2572 2573 2574
f 2575 2576 2577
f 2578 2579 2580
f 2581 2582 2583
f 2584 2585 2586
f 2587 2588 2589
f 2590 2591 2592
f 2593 2594 2595
f 2596 2597 2598
f 2599 2600 2601
f 2602 2603 2604
f 2605 2606 2607
f 2608 2609 2610
f 2611 2612 2613
f 2614 2615 2616
f 2617 2618 2619
f 2620 2621 2622
f 2623 2624 2625
f 2626 2627 2628
f 2629 2630 2631
f 2632 2633 2634
f 2635 2636 2637
f 2638 2639 2640
f 2641 2642 2643
f 2644 2645 2646
f 2647 2648 2649
f 2650 2651 2652
f 2653 2654 2655
f 2656 2657 2658
f 2659 2660 2661
f 2662 2663 2664
f 2665 2666 2667
f 2668 2669 2670
f 2671 2672 2673
f 2674 2675 2676
f 2677 2678 2679
f 2680 2681 2682
f 2683 2684 2685
f 2686 2687 2688
f 2689 2690 2691
f 2692 2693 2694
f 2695 2696 2697
f 2698 2699 2700
f 2701 2702 2703
f 2704 2705 2706
f 2707 2708 2709
f 2710 2711 2712
f 2713 2714 2715
f 2716 2717 2718
f 2719 2720 2721
f 2722 2723 2724
f 2725 2726 2727
f 2728 2729 2730
f 2731 2732 2733
f 2734 2735 2736
f 2737 2738 2739
f 2740 2741 2742
f 2743 2744 2745
f 2746 2747 2748
f 2749 2750 2751
f 2752 2753 2754
f 2755 2756 2757
f 2758 2759 2760
f 2761 2762 2763
f 2764 2765 2766
f 2767 2768 2769
f 2770 2771 2772
f 2773 2774 2775
f 2776 2777 2778
f 2779 2780 2781
f 2782 2783 2784
f 2785 2786 2787
f 2788 2789 2790
f 2791 2792 2793
f 2794 2795 2796
f 2797 2798 2799
f 2800 2801 2802
f 2803 2804 2805
f 2806 2807 2808
f 2809 2810 2811
f 2812 2813 2814
f 2815 2816 2817
f 2818 2819 2820
f 2821 2822 2823
f 2824 2825 2826
f 2827 2828 2829
f 2830 2831 2832
f 2833 2834 2835
f 2836 2837 2838
f 2839 2840 2841
f 2842 2843 2844
f 2845 2846 2847
f 2848 2849 2850
f 2851 2852 2853
f 2854 2855 2856
f 2857 2858 2859
f 2860 2861 2862
f 2863 2864 2865
f 2866 2867 2868
f 2869 2870 2871
f 2872 2873 2874
f 2875 2876 2877
f 2878 2879 2880
f 2881 2882 2883
f 2884 2885 2886
f 2887 2888 2889
f 2890 2891 2892
f 2893 2894 2895
f 2896 2897 2898
f 2899 2900 2901
f 2902 2903 2904
f 2905 2906 2907
f 2908 2909 2910
f 2911 2912 2913
f 2914 2915 2916
f 2917 2918 2919
f 2920 2921 2922
f 2923 2924 2925
f 2926 2927 2928
f 2929 2930 2931
f 2932 2933 2934
f 2935 2936 2937
f 2938 2939 2940
f 2941 2942 2943
f 2944 2945 2946
f 2947 2948 2949
f 2950 2951 2952
f 2953 2954 2955
f 2956 2957 2958
f 2959 2960 2961
f 2962 2963 2964
f 2965 2966 2967
f 2968 2969 2970
f 2971 2972 2973
f 2974 2975 2976
f 2977 2978 2979
f 2980 2981 2982
f 2983 2984 2985
f 2986 2987 2988
f 2989 2990 2991
f 2992 2993 2994
f 2995 2996 2997
f 2998 2999 3000
f 3001 3002 3003
f 3004 3005 3006
f 3007 3008 3009
f 3010 3011 3012
f 3013 3014 3015
f 3016 3017 3018
f 3019 3020 3021
f 3022 3023 3024
f 3025 3026 3027
f 3028 3029 3030
f 3031 3032 3033
f 3034 3035 3036
f 3037 3038 3039
f 3040 3041 3042
f 3043 3044 3045
f 3046 3047 3048
f 3049 3050 3051
f 3052 3053 3054
f 3055 3056 3057
f 3058 3059 3060
f 3061 3062 3063
f 3064 3065 3066
f 3067 3068 3069
f 3070 3071 3072
f 3073 3074 3075
f 3076 3077 3078
f 3079 3080 3081
f 3082 3083 3084
f 3085 3086 3087
f 3088 3089 3090
f 3091 3092 3093
f 3094 3095 3096
f 3097 3098 3099
f 3100 3101 3102
f 3103 3104 3105
f 3106 3107 3108
f 3109 3110 3111
f 3112 3113 3114
f 3115 3116 3117
f 3118 3119 3120
f 3121 3122 3123
f 3124 3125 3126
f 3127 3128 3129
f 3130 3131 3132
f 3133 3134 3135
f 3136 3137 3138
f 3139 3140 3141
f 3142 3143 3144
f 3145 3146 3147
f 3148 3149 3150
f 3151 3152 3153
f 3154 3155 3156
f 3157 3158 3159
f 3160 3161 3162
f 3163 3164 3165
f 3166 3167 3168
f 3169 3170 3171
f 3172 3173 3174
f 3175 3176 3177
f 3178 3179 3180
f 3181 3182 3183
f 3184 3185 3186
f 3187 3188 3189
f 3190 3191 3192
f 3193 3194 3195
f 3196 3197 3198
f 3199 3200 3201
f 3202 3203 3204
f 3205 3206 3207
f 3208 3209 3210
f 3211 3212 3213
f 3214 3215 3216
f 3217 3218 3219
f 3220 3221 3222
f 3223 3224 3225
f 3226 3227 3228
f 3229 3230 3231
f 3232 3233 3234
f 3235 3236 3237
f 3238 3239 3240
f 3241 3242 3243
f 3244 3245 3246
f 3247 3248 3249
f 3250 3251 3252
f 3253 3254 3255
f 3256 3257 3258
f 3259 3260 3261
f 3262 3263 3264
f 3265 3266 3267
f 3268 3269 3270
f 3271 3272 3273
f 3274 3275 3276
f 3277 3278 3279
f 3280 3281 3282
f 3283 3284 3285
f 3286 3287 3288
f 3289 3290 3291
f 3292 3293 3294
f 3295 3296 3297
f 3298 3299 3300
f 3301 3302 3303
f 3304 3305 3306
f 3307 3308 3309
f 3310 3311 3312
f 3313 3314 3315
f 3316 3317 3318
f 3319 3320 3321
f 3322 3323 3324
f 3325 3326 3327
f 3328 3329 3330
f 3331 3332 3333
f 3334 3335 3336
f 3337 3338 3339
f 3340 3341 3342
f 3343 3344 3345
f 3346 3347 3348
f 3349 3350 3351
f 3352 3353 3354
f 3355 3356 3357
f 3358 3359 3360
f 3361 3362 3363
f 3364 3365 3366
f 3367 3368 3369
f 3370 3371 3372
f 3373 3374 3375
f 3376 3377 3378
f 3379 3380 3381
f 3382 3383 3384
f 3385 3386 3387
f 3388 3389 3390
f 3391 3392 3393
f 3394 3395 3396
f 3397 3398 3399
f 3400 3401 3402
f 3403 3404 3405
f 3406 3407 3408
f 3409 3410 3411
f 3412 3413 3414
f 3415 3416 3417
f 3418 3419 3420
f 3421 3422 3423
f 3424 3425 3426
f 3427 3428 3429
f 3430 3431 3432
f 3433 3434 3435
f 3436 3437 3438
f 3439 3440 3441
f 3442 3443 3444
f 3445 3446 3447
f 3448 3449 3450
f 3451 3452 3453
f 3454 3455 3456
f 3457 3458 3459
f 3460 3461 3462
f 3463 3464 3465
f 3466 3467 3468
f 3469 3470 3471
f 3472 3473 3474
f 3475 3476 3477
f 3478 3479 3480
f 3481 3482 3483
f 3484 3485 3486
f 3487 3488 3489
f 3490 3491 3492
f 3493 3494 3495
f 3496 3497 3498
f 3499 3500 3501
f 3502 3503 3504
f 3505 3506 3507
f 3508 3509 3510
f 3511 3512 3513
f 3514 3515 3516
f 3517 3518 3519
f 3520 3521 3522
f 3523 3524 3525
f 3526 3527 3528
f 3529 3530 3531
f 3532 3533 3534
f 3535 3536 3537
f 3538 3539 3540
f 3541 3542 3543
f 3544 3545 3546
f 3547 3548 3549
f 3550 3551 3552
f 3553 3554 3555
f 3556 3557 3558
f 3559 3560 3561
f 3562 3563 3564
f 3565 3566 3567
f 3568 3569 3570
f 3571 3572 3573
f 3574 3575 3576
f 3577 3578 3579
f 3580 3581 3582
f 3583 3584 3585
f 3586 3587 3588
f 3589 3590 3591
f 3592 3593 3594
f 3595 3596 3597
f 3598 3599 3600
f 3601 3602 3603
f 3604 3605 3606
f 3607 3608 3609
f 3610 3611 3612
f 3613 3614 3615
f 3616 3617 3618
f 3619 3620 3621
f 3622 3623 3624
f 3625 3626 3627
f 3628 3629 3630
f 3631 3632 3633
f 3634 3635 3636
f 3637 3638 3639
f 3640 3641 3642
f 3643 3644 3645
f 3646 3647 3648
f 3649 3650 3651
f 3652 3653 3654
f 3655 3656 3657
f 3658 3659 3660
f 3661 3662 3663
f 3664 3665 3666
f 3667 3668 3669
f 3670 3671 3672
f 3673 3674 3675
f 3676 3677 3678
f 3679 3680 3681
f 3682 3683 3684
f 3685 3686 3687
f 3688 3689 3690
f 3691 3692 3693
f 3694 3695 3696
f 3697 3698 3699
f 3700 3701 3702
f 3703 3704 3705
f 3706 3707 3708
f 3709 3710 3711
f 3712 3713 3714
f 3715 3716 3717
f 3718 3719 3720
f 3721 3722 3723
f 3724 3725 3726
f 3727 3728 3729
f 3730 3731 3732
f 3733 3734 3735
f 3736 3737 3738
f 3739 3740 3741
f 3742 3743 3744
f 3745 3746 3747
f 3748 3749 3750
f 3751 3752 3753
f 3754 3755 3756
f 3757 3758 3759
f 3760 3761 3762
f 3763 3764 3765
f 3766 3767 3768
f 3769 3770 3771
f 3772 3773 3774
f 3775 3776 3777
f 3778 3779 3780
f 3781 3782 3783
f 3784 3785 3786
f 3787 3788 3789
f 3790 3791 3792
f 3793 3794 3795
f 3796 3797 3798
f 3799 3800 3801
f 3802 3803 3804
f 3805 3806 3807
f 3808 3809 3810
f 3811 3812 3813
f 3814 3815 3816
f 3817 3818 3819
f 3820 3821 3822
f 3823 3824 3825
f 3826 3827 3828
f 3829 3830 3831
f 3832 3833 3834
f 3835 3836 3837
f 3838 3839 3840
f 3841 3842 3843
f 3844 3845 3846
f 3847 3848 3849
f 3850 3851 3852
f 3853 3854 3855
f 3856 3857 3858
f 3859 3860 3861
f 3862 3863 3864
f 3865 3866 3867
f 3868 3869 3870
f 3871 3872 3873
f 3874 3875 3876
f 3877 3878 3879
f 3880 3881 3882
f 3883 3884 3885
f 3886 3887 3888
f 3889 3890 3891
f 3892 3893 3894
f 3895 3896 3897
f 3898 3899 3900
f 3901 3902 3903
f 3904 3905 3906
f 3907 3908 3909
f 3910 3911 3912
f 3913 3914 3915
f 3916 3917 3918
f 3919 3920 3921
f 3922 3923 3924
f 3925 3926 3927
f 3928 3929 3930
f 3931 3932 3933
f 3934 3935 3936
f 3937 3938 3939
f 3940 3941 3942
f 3943 3944 3945
f 3946 3947 3948
f 3949 3950 3951
f 3952 3953 3954
f 3955 3956 3957
f 3958 3959 3960
f 3961 3962 3963
f 3964 3965 3966
f 3967 3968 3969
f 3970 3971 3972
f 3973 3974 3975
f 3976 3977 3978
f 3979 3980 3981
f 3982 3983 3984
f 3985 3986 3987
f 3988 3989 3990
f 3991 3992 3993
f 3994 3995 3996
f 3997 3998 3999
f 4000 4001 4002
f 4003 4004 4005
f 4006 4007 4008
f 4009 4010 4011
f 4012 4013 4014
f 4015 4016 4017
f 4018 4019 4020
f 4021 4022 4023
f 4024 4025 4026
f 4027 4028 4029
f 4030 4031 4032
f 4033 4034 4035
f 4036 4037 4038
f 4039 4040 4041
f 4042 4043 4044
f 4045 4046 4047
f 4048 4049 4050
f 4051 4052 4053
f 4054 4055 4056
f 4057 4058 4059
f 4060 4061 4062
f 4063 4064 4065
f 4066 4067 4068
f 4069 4070 4071
f 4072 4073 4074
f 4075 4076 4077
f 4078 4079 4080
f 4081 4082 4083
f 4084 4085 4086
f 4087 4088 4089
f 4090 4091 4092
f 4093 4094 4095
f 4096 4097 4098
f 4099 4100 4101
f 4102 4103 4104
f 4105 4106 4107
f 4108 4109 4110
f 4111 4112 4113
f 4114 4115 4116
f 4117 4118 4119
f 4120 4121 4122
f 4123 4124 4125
f 4126 4127 4128
f 4129 4130 4131
f 4132 4133 4134
f 4135 4136 4137
f 4138 4139 4140
f 4141 4142 4143
f 4144 4145 4146
f 4147 4148 4149
f 4150 4151 4152
f 4153 4154 4155
f 4156 4157 4158
f 4159 4160 4161
f 4162 4163 4164
f 4165 4166 4167
f 4168 4169 4170
f 4171 4172 4173
f 4174 4175 4176
f 4177 4178 4179
f 4180 4181 4182
f 4183 4184 4185
f 4186 4187 4188
f 4189 4190 4191
f 4192 4193 4194
f 4195 4196 4197
f 4198 4199 4200
f 4201 4202 4203
f 4204 4205 4206
f 4207 4208 4209
f 4210 4211 4212
f 4213 4214 4215
f 4216 4217 4218
f 4219 4220 4221
f 4222 4223 4224
f 4225 4226 4227
f 4228 4229 4230
f 4231 4232 4233
f 4234 4235 4236
f 4237 4238 4239
f 4240 4241 4242
f 4243 4244 4245
f 4246 4247 4248
f 4249 4250 4251
f 4252 4253 4254
f 4255 4256 4257
f 4258 4259 4260
f 4261 4262 4263
f 4264 4265 4266
f 4267 4268 4269
f 4270 4271 4272
f 4273 4274 4275
f 4276 4277 4278
f 4279 4280 4281
f 4282 4283 4284
f 4285 4286 4287
f 4288 4289 4290
f 4291 4292 4293
f 4294 4295 4296
f 4297 4298 4299
f 4300 4301 4302
f 4303 4304 4305
f 4306 4307 4308
f 4309 4310 4311
f 4312 4313 4314
f 4315 4316 4317
f 4318 4319 4320
f 4321 4322 4323
f 4324 4325 4326
f 4327 4328 4329
f 4330 4331 4332
f 4333 4334 4335
f 4336 4337 4338
f 4339 4340 4341
f 4342 4343 4344
f 4345 4346 4347
f 4348 4349 4350
f 4351 4352 4353
f 4354 4355 4356
f 4357 4358 4359
f 4360 4361 4362
f 4363 4364 4365
f 4366 4367 4368
f 4369 4370 4371
f 4372 4373 4374
f 4375 4376 4377
f 4378 4379 4380
f 4381 4382 4383
f 4384 4385 4386
f 4387 4388 4389
f 4390 4391 4392
f 4393 4394 4395
f 4396 4397 4398
f 4399 4400 4401
f 4402 4403 4404
f 4405 4406 4407
f 4408 4409 4410
f 4411 4412 4413
f 4414 4415 4416
f 4417 4418 4419
f 4420 4421 4422
f 4423 4424 4425
f 4426 4427 4428
f 4429 4430 4431
f 4432 4433 4434
f 4435 4436 4437
f 4438 4439 4440
f 4441 4442 4443
f 4444 4445 4446
f 4447 4448 4449
f 4450 4451 4452
f 4453 4454 4455
f 4456 4457 4458
f 4459 4460 4461
f 4462 4463 4464
f 4465 4466 4467
f 4468 4469 4470
f 4471 4472 4473
f 4474 4475 4476
f 4477 4478 4479
f 4480 4481 4482
f 4483 4484 4485
f 4486 4487 4488
f 4489 4490 4491
f 4492 4493 4494
f 4495 4496 4497
f 4498 4499 4500
f 4501 4502 4503
f 4504 4505 4506
f 4507 4508 4509
f 4510 4511 4512
f 4513 4514 4515
f 4516 4517 4518
f 4519 4520 4521
f 4522 4523 4524
f 4525 4526 4527
f 4528 4529 4530
f 4531 4532 4533
f 4534 4535 4536
f 4537 4538 4539
f 4540 4541 4542
f 4543 4544 4545
f 4546 4547 4548
f 4549 4550 4551
f 4552 4553 4554
f 4555 4556 4557
f 4558 4559 4560
f 4561 4562 4563
f 4564 4565 4566
f 4567 4568 4569
f 4570 4571 4572
f 4573 4574 4575
f 4576 4577 4578
f 4579 4580 4581
f 4582 4583 4584
f 4585 4586 4587
f 4588 4589 4590
f 4591 4592 4593
f 4594 4595 4596
f 4597 4598 4599
f 4600 4601 4602
f 4603 4604 4605
f 4606 4607 4608
f 4609 4610 4611
f 4612 4613 4614
f 4615 4616 4617
f 4618 4619 4620
f 4621 4622 4623
f 4624 4625 4626
f 4627 4628 4629
f 4630 4631 4632
f 4633 4634 4635
f 4636 4637 4638
f 4639 4640 4641
f 4642 4643 4644
f 4645 4646 4647
f 4648 4649 4650
f 4651 4652 4653
f 4654 4655 4656
f 4657 4658 4659
f 4660 4661 4662
f 4663 4664 4665
f 4666 4667 4668
f 4669 4670 4671
f 4672 4673 4674
f 4675 4676 4677
f 4678 4679 4680
f 4681 4682 4683
f 4684 4685 4686
f 4687 4688 4689
f 4690 4691 4692
f 4693 4694 4695
f 4696 4697 4698
f 4699 4700 4701
f 4702 4703 4704
f 4705 4706 4707
f 4708 4709 4710
f 4711 4712 4713
f 4714 4715 4716
f 4717 4718 4719
f 4720 4721 4722
f 4723 4724 4725
f 4726 4727 4728
f 4729 4730 4731
f 4732 4733 4734
f 4735 4736 4737
f 4738 4739 4740
f 4741 4742 4743
f 4744 4745 4746
f 4747 4748 4749
f 4750 4751 4752
f 4753 4754 4755
f 4756 4757 4758
f 4759 4760 4761
f 4762 4763 4764
f 4765 4766 4767
f 4768 4769 4770
f 4771 4772 4773
f 4774 4775 4776
f 4777 4778 4779
f 4780 4781 4782
f 4783 4784 4785
f 4786 4787 4788
f 4789 4790 4791
f 4792 4793 4794
f 4795 4796 4797
f 4798 4799 4800
f 4801 4802 4803
f 4804 4805 4806
f 4807 4808 4809
f 4810 4811 4812
f 4813 4814 4815
f 4816 4817 4818
f 4819 4820 4821
f 4822 4823 4824
f 4825 4826 4827
f 4828 4829 4830
f 4831 4832 4833
f 4834 4835 4836
f 4837 4838 4839
f 4840 4841 4842
f 4843 4844 4845
f 4846 4847 4848
f 4849 4850 4851
f 4852 4853 4854
f 4855 4856 4857
f 4858 4859 4860
f 4861 4862 4863
f 4864 4865 4866
f 4867 4868 4869
f 4870 4871 4872
f 4873 4874 4875
f 4876 4877 4878
f 4879 4880 4881
f 4882 4883 4884
f 4885 4886 4887
f 4888 4889 4890
f 4891 4892 4893
f 4894 4895 4896
f 4897 4898 4899
f 4900 4901 4902
f 4903 4904 4905
f 4906 4907 4908
f 4909 4910 4911
f 4912 4913 4914
f 4915 4916 4917
f 4918 4919 4920
f 4921 4922 4923
f 4924 4925 4926
f 4927 4928 4929
f 4930 4931 4932
f 4933 4934 4935
f 4936 4937 4938
f 4939 4940 4941
f 4942 4943 4944
f 4945 4946 4947
f 4948 4949 4950
f 4951 4952 4953
f 4954 4955 4956
f 4957 4958 4959
f 4960 4961 4962
f 4963 4964 4965
f 4966 4967 4968
f 4969 4970 4971
f 4972 4973 4974
f 4975 4976 4977
f 4978 4979 4980
f 4981 4982 4983
f 4984 4985 4986
f 4987 4988 4989
f 4990 4991 4992
f 4993 4994 4995
f 4996 4997 4998
f 4999 5000 5001
f 5002 5003 5004
f 5005 5006 5007
f 5008 5009 5010
f 5011 5012 5013
f 5014 5015 5016
f 5017 5018 5019
f 5020 5021 5022
f 5023 5024 5025
f 5026 5027 5028
f 5029 5030 5031
f 5032 5033 5034
f 5035 5036 5037
f 5038 5039 5040
f 5041 5042 5043
f 5044 5045 5046
f 5047 5048 5049
f 5050 5051 5052
f 5053 5054 5055
f 5056 5057 5058
f 5059 5060 5061
f 5062 5063 5064
f 5065 5066 5067
f 5068 5069 5070
f 5071 5072 5073
f 5074 5075 5076
f 5077 5078 5079
f 5080 5081 5082
f 5083 5084 5085
f 5086 5087 5088
f 5089 5090 5091
f 5092 5093 5094
f 5095 5096 5097
f 5098 5099 5100
f 5101 5102 5103
f 5104 5105 5106
f 5107 5108 5109
f 5110 5111 5112
f 5113 5114 5115
f 5116 5117 5118
f 5119 5120 5121
f 5122 5123 5124
f 5125 5126 5127
f 5128 5129 5130
f 5131 5132 5133
f 5134 5135 5136
f 5137 5138 5139
f 5140 5141 5142
f 5143 5144 5145
f 5146 5147 5148
f 5149 5150 5151
f 5152 5153 5154
f 5155 5156 5157
f 5158 5159 5160
f 5161 5162 5163
f 5164 5165 5166
f 5167 5168 5169
f 5170 5171 5172
f 5173 5174 5175
f 5176 5177 5178
f 5179 5180 5181
f 5182 5183 5184
f 5185 5186 5187
f 5188 5189 5190
f 5191 5192 5193
f 5194 5195 5196
f 5197 5198 5199
f 5200 5201 5202
f 5203 5204 5205
f 5206 5207 5208
f 5209 5210 5211
f 5212 5213 5214
f 5215 5216 5217
f 5218 5219 5220
f 5221 5222 5223
f 5224 5225 5226
f 5227 5228 5229
f 5230 5231 5232
f 5233 5234 5235
f 5236 5237 5238
f 5239 5240 5241
f 5242 5243 5244
f 5245 5246 5247
f 5248 5249 5250
f 5251 5252 5253
f 5254 5255 5256
f 5257 5258 5259
f 5260 5261 5262
f 5263 5264 5265
f 5266 5267 5268
f 5269 5270 5271
f 5272 5273 5274
f 5275 5276 5277
f 5278 5279 5280
f 5281 5282 5283
f 5284 5285 5286
f 5287 5288 5289
f 5290 5291 5292
f 5293 5294 5295
f 5296 5297 5298
f 5299 5300 5301
f 5302 5303 5304
f 5305 5306 5307
f 5308 5309 5310
f 5311 5312 5313
f 5314 5315 5316
f 5317 5318 5319
f 5320 5321 5322
f 5323 5324 5325
f 5326 5327 5328
f 5329 5330 5331
f 5332 5333 5334
f 5335 5336 5337
f 5338 5339 5340
f 5341 5342 5343
f 5344 5345 5346
f 5347 5348 5349
f 5350 5351 5352
f 5353 5354 5355
f 5356 5357 5358
f 5359 5360 5361
f 5362 5363 5364
f 5365 5366 5367
f 5368 5369 5370
f 5371 5372 5373
f 5374 5375 5376
f 5377 5378 5379
f 5380 5381 5382
f 5383 5384 5385
f 5386 5387 5388
f 5389 5390 5391
f 5392 5393 5394
f 5395 5396 5397
f 5398 5399 5400
f 5401 5402 5403
f 5404 5405 5406
f 5407 5408 5409
f 5410 5411 5412
f 5413 5414 5415
f 5416 5417 5418
f 5419 5420 5421
f 5422 5423 5424
f 5425 5426 5427
f 5428 5429 5430
f 5431 5432 5433
f 5434 5435 5436
f 5437 5438 5439
f 5440 5441 5442
f 5443 5444 5445
f 5446 5447 5448
f 5449 5450 5451
f 5452 5453 5454
f 5455 5456 5457
f 5458 5459 5460
f 5461 5462 5463
f 5464 5465 5466
f 5467 5468 5469
f 5470 5471 5472
f 5473 5474 5475
f 5476 5477 5478
f 5479 5480 5481
f 5482 5483 5484
f 5485 5486 5487
f 5488 5489 5490
f 5491 5492 5493
f 5494 5495 5496
f 5497 5498 5499
f 5500 5501 5502
f 5503 5504 5505
f 5506 5507 5508
f 5509 5510 5511
f 5512 5513 5514
f 5515 5516 5517
f 5518 5519 5520
f 5521 5522 5523
f 5524 5525 5526
f 5527 5528 5529
f 5530 5531 5532
f 5533 5534 5535
f 5536 5537 5538
f 5539 5540 5541
f 5542 5543 5544
f 5545 5546 5547
f 5548 5549 5550
f 5551 5552 5553
f 5554 5555 5556
f 5557 5558 5559
f 5560 5561 5562
f 5563 5564 5565
f 5566 5567 5568
f 5569 5570 5571
f 5572 5573 5574
f 5575 5576 5577
f 5578 5579 5580
f 5581 5582 5583
f 5584 5585 5586
f 5587 5588 5589
f 5590 5591 5592
f 5593 5594 5595
f 5596 5597 5598
f 5599 5600 5601
f 5602 5603 5604
f 5605 5606 5607
f 5608 5609 5610
f 5611 5612 5613
f 5614 5615 5616
f 5617 5618 5619
f 5620 5621 5622
f 5623 5624 5625
f 5626 5627 5628
f 5629 5630 5631
f 5632 5633 5634
f 5635 5636 5637
f 5638 5639 5640
f 5641 5642 5643
f 5644 5645 5646
f 5647 5648 5649
f 5650 5651 5652
f 5653 5654 5655
f 5656 5657 5658
f 5659 5660 5661
f 5662 5663 5664
f 5665 5666 5667
f 5668 5669 5670
f 5671 5672 5673
f 5674 5675 5676
f 5677 5678 5679
f 5680 5681 5682
f 5683 5684 5685
f 5686 5687 5688
f 5689 5690 5691
f 5692 5693 5694
f 5695 5696 5697
f 5698 5699 5700
f 5701 5702 5703
f 5704 5705 5706
f 5707 5708 5709
f 5710 5711 5712
f 5713 5714 5715
f 5716 5717 5718
f 5719 5720 5721
f 5722 5723 5724
f 5725 5726 5727
f 5728 5729 5730
f 5731 5732 5733
f 5734 5735 5736
f 5737 5738 5739
f 5740 5741 5742
f 5743 5744 5745
f 5746 5747 5748
f 5749 5750 5751
f 5752 5753 5754
f 5755 5756 5757
f 5758 5759 5760
f 5761 5762 5763
f 5764 5765 5766
f 5767 5768 5769
f 5770 5771 5772
f 5773 5774 5775
f 5776 5777 5778
f 5779 5780 5781
f 5782 5783 5784
f 5785 5786 5787
f 5788 5789 5790
f 5791 5792 5793
f 5794 5795 5796
f 5797 5798 5799
f 5800 5801 5802
f 5803 5804 5805
f 5806 5807 5808
f 5809 5810 5811
f 5812 5813 5814
f 5815 5816 5817
f 5818 5819 5820
f 5821 5822 5823
f 5824 5825 5826
f 5827 5828 5829
f 5830 5831 5832
f 5833 5834 5835
f 5836 5837 5838
f 5839 5840 5841
f 5842 5843 5844
f 5845 5846 5847
f 5848 5849 5850
f 5851 5852 5853
f 5854 5855 5856
f 5857 5858 5859
f 5860 5861 5862
f 5863 5864 5865
f 5866 5867 5868
f 5869 5870 5871
f 5872 5873 5874
f 5875 5876 5877
f 5878 5879 5880
f 5881 5882 5883
f 5884 5885 5886
f 5887 5888 5889
f 5890 5891 5892
f 5893 5894 5895
f 5896 5897 5898
f 5899 5900 5901
f 5902 5903 5904
f 5905 5906 5907
f 5908 5909 5910
f 5911 5912 5913
f 5914 5915 5916
f 5917 5918 5919
f 5920 5921 5922
f 5923 5924 5925
f 5926 5927 5928
f 5929 5930 5931
f 5932 5933 5934
f 5935 5936 5937
f 5938 5939 5940
f 5941 5942 5943
f 5944 5945 5946
f 5947 5948 5949
f 5950 5951 5952
f 5953 5954 5955
f 5956 5957 5958
f 5959 5960 5961
f 5962 5963 5964
f 5965 5966 5967
f 5968 5969 5970
f 5971 5972 5973
f 5974 5975 5976
f 5977 5978 5979
f 5980 5981 5982
f 5983 5984 5985
f 5986 5987 5988
f 5989 5990 5991
f 5992 5993 5994
f 5995 5996 5997
f 5998 5999 6000
f 6001 6002 6003
f 6004 6005 6006
f 6007 6008 6009
f 6010 6011 6012
f 6013 6014 6015
f 6016 6017 6018
f 6019 6020 6021
f 6022 6023 6024
f 6025 6026 6027
f 6028 6029 6030
f 6031 6032 6033
f 6034 6035 6036
f 6037 6038 6039
f 6040 6041 6042
f 6043 6044 6045
f 6046 6047 6048
f 6049 6050 6051
f 6052 6053 6054
f 6055 6056 6057
f 6058 6059 6060
f 6061 6062 6063
f 6064 6065 6066
f 6067 6068 6069
f 6070 6071 6072
f 6073 6074 6075
f 6076 6077 6078
f 6079 6080 6081
f 6082 6083 6084
f 6085 6086 6087
f 6088 6089 6090
f 6091 6092 6093
f 6094 6095 6096
f 6097 6098 6099
f 6100 6101 6102
f 6103 6104 6105
f 6106 6107 6108
f 6109 6110 6111
f 6112 6113 6114
f 6115 6116 6117
f 6118 6119 6120
f 6121 6122 6123
f 6124 6125 6126
f 6127 6128 6129
f 6130 6131 6132
f 6133 6134 6135
f 6136 6137 6138
f 6139 6140 6141
f 6142 6143 6144
f 6145 6146 6147
f 6148 6149 6150
f 6151 6152 6153
f 6154 6155 6156
f 6157 6158 6159
f 6160 6161 6162
f 6163 6164 6165
f 6166 6167 6168
f 6169 6170 6171
f 6172 6173 6174
f 6175 6176 6177
f 6178 6179 6180
f 6181 6182 6183
f 6184 6185 6186
f 6187 6188 6189
f 6190 6191 6192
f 6193 6194 6195
f 6196 6197 6198
f 6199 6200 6201
f 6202 6203 6204
f 6205 6206 6207
f 6208 6209 6210
f 6211 6212 6213
f 6214 6215 6216
f 6217 6218 6219
f 6220 6221 6222
f 6223 6224 6225
f 6226 6227 6228
f 6229 6230 6231
f 6232 6233 6234
f 6235 6236 6237
f 6238 6239 6240
f 6241 6242 6243
f 6244 6245 6246
f 6247 6248 6249
f 6250 6251 6252
f 6253 6254 6255
f 6256 6257 6258
f 6259 6260 6261
f 6262 6263 6264
f 6265 6266 6267
f 6268 6269 6270
f 6271 6272 6273
f 6274 6275 6276
f 6277 6278 6279
f 6280 6281 6282
f 6283 6284 6285
f 6286 6287 6288
f 6289 6290 6291
f 6292 6293 6294
f 6295 6296 6297
f 6298 6299 6300
f 6301 6302 6303
f 6304 6305 6306
f 6307 6308 6309
f 6310 6311 6312
f 6313 6314 6315
f 6316 6317 6318
f 6319 6320 6321
f 6322 6323 6324
f 6325 6326 6327
f 6328 6329 6330
f 6331 6332 6333
f 6334 6335 6336
f 6337 6338 6339
f 6340 6341 6342
f 6343 6344 6345
f 6346 6347 6348
f 6349 6350 6351
f 6352 6353 6354
f 6355 6356 6357
f 6358 6359 6360
f 6361 6362 6363
f 6364 6365 6366
f 6367 6368 6369
f 6370 6371 6372
f 6373 6374 6375
f 6376 6377 6378
f 6379 6380 6381
f 6382 6383 6384
f 6385 6386 6387
f 6388 6389 6390
f 6391 6392 6393
f 6394 6395 6396
f 6397 6398 6399
f 6400 6401 6402
f 6403 6404 6405
f 6406 6407 6408
f 6409 6410 6411
f 6412 6413 6414
f 6415 6416 6417
f 6418 6419 6420
f 6421 6422 6423
f 6424 6425 6426
f 6427 6428 6429
f 6430 6431 6432
f 6433 6434 6435
f 6436 6437 6438
f 6439 6440 6441
f 6442 6443 6444
f 6445 6446 6447
f 6448 6449 6450
f 6451 6452 6453
f 6454 6455 6456
f 6457 6458 6459
f 6460 6461 6462
f 6463 6464 6465
f 6466 6467 6468
f 6469 6470 6471
f 6472 6473 6474
f 6475 6476 6477
f 6478 6479 6480
f 6481 6482 6483
f 6484 6485 6486
f 6487 6488 6489
f 6490 6491 6492
f 6493 6494 6495
f 6496 6497 6498
f 6499 6500 6501
f 6502 6503 6504
f 6505 6506 6507
f 6508 6509 6510
f 6511 6512 6513
f 6514 6515 6516
f 6517 6518 6519
f 6520 6521 6522
f 6523 6524 6525
f 6526 6527 6528
f 6529 6530 6531
f 6532 6533 6534
f 6535 6536 6537
f 6538 6539 6540
f 6541 6542 6543
f 6544 6545 6546
f 6547 6548 6549
f 6550 6551 6552
f 6553 6554 6555
f 6556 6557 6558
f 6559 6560 6561
f 6562 6563 6564
f 6565 6566 6567
f 6568 6569 6570
f 6571 6572 6573
f 6574 6575 6576
f 6577 6578 6579
f 6580 6581 6582
f 6583 6584 6585
f 6586 6587 6588
f 6589 6590 6591
f 6592 6593 6594
f 6595 6596 6597
f 6598 6599 6600
f 6601 6602 6603
f 6604 6605 6606
f 6607 6608 6609
f 6610 6611 6612
f 6613 6614 6615
f 6616 6617 6618
f 6619 6620 6621
f 6622 6623 6624
f 6625 6626 6627
f 6628 6629 6630
f 6631 6632 6633
f 6634 6635 6636
f 6637 6638 6639
f 6640 6641 6642
f 6643 6644 6645
f 6646 6647 6648
f 6649 6650 6651
f 6652 6653 6654
f 6655 6656 6657
f 6658 6659 6660
f 6661 6662 6663
f 6664 6665 6666
f 6667 6668 6669
f 6670 6671 6672
f 6673 6674 6675
f 6676 6677 6678
f 6679 6680 6681
f 6682 6683 6684
f 6685 6686 6687
f 6688 6689 6690
f 6691 6692 6693
f 6694 6695 6696
f 6697 6698 6699
f 6700 6701 6702
f 6703 6704 6705
f 6706 6707 6708
f 6709 6710 6711
f 6712 6713 6714
f 6715 6716 6717
f 6718 6719 6720
f 6721 6722 6723
f 6724 6725 6726
f 6727 6728 6729
f 6730 6731 6732
f 6733 6734 6735
f 6736 6737 6738
f 6739 6740 6741
f 6742 6743 6744
f 6745 6746 6747
f 6748 6749 6750
f 6751 6752 6753
f 6754 6755 6756
f 6757 6758 6759
f 6760 6761 6762
f 6763 6764 6765
f 6766 6767 6768
f 6769 6770 6771
f 6772 6773 6774
f 6775 6776 6777
f 6778 6779 6780
f 6781 6782 6783
f 6784 6785 6786
f 6787 6788 6789
f 6790 6791 6792
f 6793 6794 6795
f 6796 6797 6798
f 6799 6800 6801
f 6802 6803 6804
f 6805 6806 6807
f 6808 6809 6810
f 6811 6812 6813
f 6814 6815 6816
f 6817 6818 6819
f 6820 6821 6822
f 6823 6824 6825
f 6826 6827 6828
f 6829 6830 6831
f 6832 6833 6834
f 6835 6836 6837
f 6838 6839 6840
f 6841 6842 6843
f 6844 6845 6846
f 6847 6848 6849
f 6850 6851 6852
f 6853 6854 6855
f 6856 6857 6858
f 6859 6860 6861
f 6862 6863 6864
f 6865 6866 6867
f 6868 6869 6870
f 6871 6872 6873
f 6874 6875 6876
f 6877 6878 6879
f 6880 6881 6882
f 6883 6884 6885
f 6886 6887 6888
f 6889 6890 6891
f 6892 6893 6894
